source_row_number,term,definition
13465,—also known as voice technology is actually composed of two technologies,"Voice directed, which converts computer data into audible commands, and Speech recognition, which allows user voice input to be converted into data. Portable voice systems consist of a headset with a microphone and a wearable computer."
13466,—computer software designed specifically for managing the movement and storage of materials throughout the warehouse. WMS functionality is generally broken down into the following three operations,"Putaway, Replenishment, and Picking. The key to these systems is the logic to direct these operations to specific locations based on user defined criteria. WMSs are often set up to integrate with data-collection systems."
13464,"—data describing the characteristics of inbound, outbound, or internal orders (outbound is most common). Examples of characteristics incorporated into an order profile could include","line items per order, pieces per order, weight per order, cube per order, time of day, destination, shipment method, order type, etc. Characteristics are often broken into logical groups such as breaking line items per order into groups of items"
13463,"—formula used to determine freight charges when the minimum weight-to-volume ratio has not been met. Actual weight and dim weight are compared, and the larger weight is used for the freight calculation. Dim weight had historically been calculated by","Dim weight= (Length x Width x Height)/194 (All dimensional measurements are in inches) and originally only applied to air shipments. However, recently the carriers have been creating more complex dim weight policies. So depending on the carrier, destination, and service, you may using a different divisor. For example, as of 2011, UPS uses 166 (instead of 194) for air shipments, and 139 for exports, then later started using 166 for ground shipments but only if they are over 5,184 cubic inches (it looks like in 2015 they will eliminate the exclusion for packages 5,184 cubic inches or smaller). The purpose of dimensional weights is to allow the carriers to more effectively apply freight charges when very lightweight but bulky shipments occur. These lightweight but bulky packages can quickly fill up an airplane or trailer, yet not provide enough revenue (based on weight-based fees) to cover costs. a.k.a. Dim weight"
13462,—refers to the status of inventory as it relates to its ability to be sold or consumed. Availability calculations are used to determine this status. Availability calculations vary from system to system but basically subtract any current allocations of holds on inventory from the current on-hand balance. An example of an availability calculation would be,[Quantity Available] = [Quantity On Hand] -[ Quantity On Hold] - [Quantity Allocated To Sales Orders] - [Quantity Allocated to Production Orders].
13363,'CUSTOMER OF CHOICE',"For such a customer, suppliers are prepared to invest in the relationship resulting in a better product and service, allowing the customer company to make a difference in its end user and customer markets, irrespective of the business cycle."
13403,“Onboard” B/L,"B/L validated at the time of loading to transport. Onboard Air, Boxcar, Container, Rail, Truck and Vessel are the most common types."
13405,“Order” B/L,See Negotiable B/L.
13375,• Tier I,Suppliers who are critical to the company’s success; few other suppliers can provide the product or service in the required quantity or quality. Generally relationships with Tier I suppliers are long-term partnerships.
13376,• Tier II,"Suppliers who are not critical to the organisation’s strategic success; other suppliers could provide the same product or service in the same quantity or quality. However, spending with Tier II suppliers is typically very large."
13377,• Tier III,"Suppliers who are not critical to the organisation’s strategic success; many other suppliers could provide the same product or service in the same quantity or quality. Spending with Tier III suppliers is generally small and strictly transactional in nature. Consequently, many employees may be authorized to deal with Tier III suppliers following the company’s stated policies and procedures within the boundaries of good judgment and common sense."
13579,1.  Gaff rig,The spar that holds the upper edge of a four-sided fore-and-aft mounted sail.
13593,1.  Reefing,"To temporarily reduce the area of a sail exposed to the wind, usually to guard against adverse effects of strong wind or to slow the vessel."
13604,1.  Yard,The horizontal spar from which a square sail is suspended.
13599,2.  (v) To hoist,"""Sway up my dunnage""."
13573,2.  Admiral‍ '​s barge,A boat at the disposal of an admiral for his or her use as transportation between a larger vessel and the shore or within a harbor.
13580,2.  Fishing gaff,A hook on a long pole to haul fish in.
13600,2.  Hard tack,q.v..
13594,2.  Reef,"Rock or coral, possibly only revealed at low tide, shallow enough that the vessel will at least touch if not go aground."
13499,"3-C process Continuing, Cooperative, Comprehensive",Generally used to define qualities of the metropolitan planning organization (MPO) planning process.
13571,"3.  ""To run ashore""","To collide with the shore (as opposed to ""to run aground,"" which is to strike a submerged feature such as a reef or sandbar)"
13583,3.  Ocean liner,"Any large and prestigious passenger ship, including cruise ships."
13605,3PL (Third Party Logistics),"The use of an outside party to perform some part of the logistics function, typically trucking or warehousing. It is appropriate if there are economies of scale in the logistics function."
13340,"4 BILL OF LADING - A written receipt or contract, given by a carrier, showing a list of goods delivered to it for transportation. The straight bill of lading is a contract which provides for direct shipment to a consignee. The order bill of lading is negotiable; it enables a shipper to collect for a shipment before it reaches its destination (this is done by sending the original bill of lading with a draft drawn on the consignee through a bank). When the consignee receives the lading indicating that payment has been made, the lading will be surrendered to the carrier's agent, and the carrier will then ship the goods to the consignee, and the bill of lading will be surrendered to the carrier. Note",Shippers frequently consign shipments to themselves on order bills of lading so that delivery is made only upon the shipper's order; the person or firm to be notified upon arrival of the shipment at destination must be designated.
13586,4.  Breastwork monitor,A 19th-century monitor designed with a breastwork to improve seaworthiness.
13578,4.  Foul the range,To block another vessel from firing her guns at a target.
13587,5.  River monitor,"A monitor specifically designed for riverine operations, used during the 19th and 20th centuries and more recently than other types of monitor. River monitors generally are smaller and lighter than other monitors."
13369,51% black people owned,an entity which:
13598,6.  In stays or hove in stays,in the act of going about while tacking.
13595,A bearing relative to the direction of the ship,the clockwise angle between the ship's direction and an object. See also absolute bearing and bearing.
13349,A category is a group of related goods or services based on broadly similar characteristics. Examples,"packaging category, energy category, etc. Categories can further be divided into sub-categories based on unique characteristics of the materials."
12906,A code of correct conduct,safety protocols; academic protocol.
11951,"A contract is an obligation, such as an accepted offer, between competent parties upon a legal consideration, to do or abstain from doing some act. The essentials elements of a contract are",an offer and an acceptance of that offer; the capacity of the parties to contract; consideration to support the contract; a mutual identity of consent; legality of purpose; and definiteness.
13350,"A report is an informative document with data organized in a narrative, graphic, or tabular form. Reports can be prepared on random requests or periodic regularity as required by the user. Procurement organizations use various reports (eg","spend report, supplier base report, accounts payable report) to study factors influencing enterprise-wide spend and to streamline the entire procurement operation."
13582,A unit of speed,"1 nautical mile (1.8520 km; 1.1508 mi) per hour. Originally speed was measured by paying out a line from the stern of a moving boat; the line had a knot every 47 feet 3 inches (14.40 m), and the number of knots passed out in 30 seconds gave the speed through the water in nautical miles per hour. Sometimes ""knots"" is mistakenly stated as ""knots per hour,"" but the latter is a measure of acceleration (i.e., ""nautical miles per hour per hour"") rather than of speed."
13601,A vessel that is moving under control,"that is, neither at anchor, made fast to the shore, aground nor adrift. Way refers to speed sufficient to steer with the rudder. ""Under weigh"" is an erroneous synonym."
13597,"A wooden, in later years also iron or steel pole used to support various pieces of rigging and sails. The big five-masted full-rigged tall ship Preussen (German spelling","Preußen) had crossed 30 steel yards, but only one wooden spar—the little gaff of its spanker sail."
13607,A.C. Nielsen,"A Chicago based supplier of industry sales data for consumer products (e.g., supermarkets). These data are obtained from sources such as cash register scanners. Another supplier of such data is IRI."
11601,A/E (Architect or Engineer) Professional Services,"Services that require performance by a registered architect or engineer.  Professional services of an architectural or engineering nature that are associated with research, planning, development, design construction, alteration or repair of real property."
11598,A+B Bidding,A cost-plus-time bidding procedure that selects the low bidder based on a monetary combination of the contract bid items (A) and the time (B) needed to complete the project or a critical portion of the project. It is used to motivate the contractor to minimize the overall time on high priority and high usage projects. This encourages contractors to finish early by (1) offering bonuses for early completion and (2) assessing fines for late completion. (www.ic.usu.edu/ic_over/a+b/a+b.php?heading=1)
13490,AAA American Automobile Association,"A nonprofit federation  motor clubs providing travel, insurance, financial and auto-related services; publishes various reports on issues such as fuel prices, motoring and travel conditions, and automobile expenses."
13491,AADT Annual Average Daily Traffic,Daily traffic that is averaged over a year (see ADT).
13492,AASHTO American Association of State Highway and Transportation Officials,National group of transportation agencies whose focus is to study issues and develop policies and standards related to all aspects of transportation.
11602,ABA,See American Bar Association.
11603,ABA Model Procurement Code for State and Local Government (U.S. Law),"Developed by the American Bar Association (ABA) and adopted in 1979, it is a collection of statutory principles and policies that provides guidance to public policy managers who wish to responsibly manage public procurement. State and larger local governments have individually codified it into procurement law and policy to effectively guide their procurement organizations. The code was updated in 2000 and contained enhancements in the following areas: Electronic Commerce, Cooperative Purchasing, Flexibility in Purchasing Methods and Processes for Delivery of Infrastructure Facilities and Services. Also called Model Procurement Code."
11604,ABA Model Procurement Ordinance for Local Governments (U.S. Law),"A code similar to the ABA Model Procurement Code, but intended for use by small local jurisdictions."
13454,"Abbreviation for the “Uniform Customs and Practice for Documentary Credits,” published by the International Chamber of Commerce. This is the most frequently used standard for making payments in international trade; e.g., paying on a Letter of Credit. It is most frequently referred to by its shorthand title","UCP No. 500. This revised publication reflects recent changes in the transportation and banking industries, such as electronic transfer of funds."
13606,ABC (Activity Based Costing),"An accounting method that attempts to closely associate costs, particularly indirect costs, with the activities that generate the costs. This is sometimes also called transactionbased costing. The most crucial aspect of ABC is identifying the “cost drivers” (e.g., number of stops on a delivery route, number of miles on a delivery route, number of pallets delivered, etc.) and then deducing the cost rate to apply to each activity."
11605,ABC Inventory Classification,"A means in which to categorize inventory that is applicable to any size business, regardless of industry. (e.g. government, manufacturing, services etc.) ABC classification allows for a review of the inventory based on the business’ approach to the management or review of its inventory. For some agencies, the ABC of categories is based on the dollar value of the items. “A” in this application would be the top 10% of the inventory items and would account for approximately 70% of the annual inventory dollar volume. “B” would be the next 20% and would account for approximately 20% of the annual dollars in the inventory and “C” the remaining 70% of the annual inventory items with 10% of the overall monetary value of the annual inventory. The use of the terms “A”, “B”, and “C” may also be used to classify the need for accurate inventory records (tolerance) for various items, (very accurate, moderate accuracy), how often cycle counts are needed (weekly, monthly, or quarterly), or even to note who may be responsible for the inventory itself (i.e.: “A” is controlled by fleet, “B” is by purchasing and “C” by parks and recreation). Further, “A” may denote the items in the inventory that have the longest lead times (i.e.: JIT extended lead times), how the items are purchased (term contract, spot buy) or levels of safety stock required (highest turn-over, slow movers). Location of specific items in the inventory may also be denoted by the ABC Classification system. (Janson, 1987)"
11606,ABL (Approved Brands List),See Approved Products List (APL); Qualified Products List (QPL); Acceptable Products List (APL).
11607,Accept 1,"to receive as approved, adequate, or satisfactory 2: to receive willingly with the intent of retaining."
11608,Acceptable products list,"(US)(CN) list of products which conform to the applicable compendia, specifications, standards or other descriptions, and which have proven acceptance. (*listes des produits acceptables)"
11609,Acceptable quality level (AQL) 1,"the specified minimum performance that must be achieved by the product to assure the purchasing authority that goods or services will perform as required 2: the maximum allowable number of defects, or defective units, usually stated per hundred units. See sampling."
11610,Acceptance of Offer,The agreement of the vendor to deliver the goods ordered for the price offered.
11611,Acceptance Sampling (Acceptance Testing),A quality control technique used to evaluate the overall condition of a given lot by physically inspecting only a portion or sample of the lot. Also see Acceptable Quality Level (AQL).
11612,Access to Information Office,Canadian A facility within Canadian governments for information regarding contract awards.
11613,Access to Information Program (ATIP),"Canadian Mandated by the Access to Information Act and the Privacy Act, this program gives any person in Canada the right to access information held in government records, subject to certain exceptions and limitations. (www.summitconnects.com/Tool_Kit/glossary)"
11614,Accessorial Transportation Charges,"The costs that a carrier may charge in addition to the actual freight transportation charge such as: Inside delivery, interim storage, and redelivery charges. (ISM, 2000)"
11615,Account,"A list or enumeration of monetary transactions between parties to a contract showing purchases, payments, and credits for goods or services."
11616,Accountable,The concept that a person is obliged to give a reckoning or explanation for one’s actions; responsible. Also see Accountability.
11617,Accountable Advance,Canadian The advance of funds provided for a specific purpose and chargeable to a specific appropriation.
11618,Accountable Item,"Canadian Any item of equipment separately accounted for upon acquisition, removal, transfer, sale, demolition, abandonment, or write-off."
11619,Accounting Cycle,"The four-step procedure of an accounting system: examining source documents, recording transactions in an accounting journal, posting recorded transactions, and preparing financial statements. (Business, 2002)"
11620,Accounting Equation,"Assets equal liabilities plus owners’ equity. (Schiller, 2000)"
11621,Accounts Receivable Turnover,"A financial ratio calculated by dividing net sales by accounts receivable. (Schiller, 2000)"
11622,Accounts Receivables,Amounts that are due and payable to a firm as a result of sales to its customers. An accounting function that is responsible for the collection and deposit of payments received on open customer accounts for goods and services sold.
11623,Accredited Purchasing Practitioner (A.P.P.),A certification given to qualified individuals by the Institute of Supply Management (ISM). (www.ism.ws)
11624,Accrual Basis Accounting,"An accounting system that encumbers or sets aside funds for a specified future expenditure. Using this system, transactions are recognized at the time they are incurred, as opposed to when cash is received or spent. This method of accounting is the most commonly used, especially among governmental entities. All agencies in the United States and Canada require an encumbrance and a receipt before payment can be authorized by demanding procedural separation between the ordering of goods and services; encumbrance of funds; and authorization of payment. Also see Cash Basis Accounting."
11599,ACES,Access Certificates for Electronic Services
11625,Acid Test Ratio,"A financial ratio calculated by subtracting the value of inventory from the current asset amount and dividing by current liabilities. (Schiller, 2000)"
11600,ACL,"Access Control List
A & E: See Architectural and Engineering."
11626,ACORD (Association of Cooperative Operations Research and Development),"A non-profit association whose mission is to facilitate the development and use of standards for the insurance and reinsurance industry. ACORD is the focal point for providing standard insurance forms that meet all regulatory requirements for the U.S. property and casualty/surety market. (ACORD Corporation, 1988)"
11628,Acquisition Fee,Canadian The amount billed to cover the cost of initiating a contract.
11629,Acquisition Price,The amount paid to a vendor or contractor for the goods or services obtained.
13608,Acre,unit of land measure= 4840 square yards=0.4049 hectares. 640 acres=1 square mile. See SI units.
11630,Actual Damages,"Real damages to compensate for loss or injuries that have actually occured. This is in contrast to “nominal” damages (a small amount paid where there is no real loss) or “punitive” damages (intended to punish the party who must pay damages). When damages, which have been suffered by someone as a result of another’s wrongdoing, can be precisely measured, they are called actual damages. Examples of actual damages are: loss of income because of an injury; medical expenses; costs of repairing damaged property; and specific business losses occurring because of a breach of a contract."
11597,AD,Administrative Directive
11631,Ad Hoc Committee,"A committee created for a specific purpose that is in place for a short period of time. They are now being replaced by cross-functional teams in a less formalized setting. (Business, 2002)"
11638,Ad Valorem,"According to value. Customs duty (rate) that is generally charged on the value of goods irrespective of weight or other material considerations. Generally expressed as a percentage of the value of the goods as indicated on an invoice or bill of materials. (ISM, 2000)"
11632,Addendum/Addenda,"A written change, addition, alteration, correction or revision to a bid, proposal or contract document. Addendum/Addenda may be issued following a pre-bid/pre-proposal conference or as a result of a specification or work scope change to the solicitation. (Harney, 1998)"
11633,Adjectival Ratings,"A notational scoring system in which adjectives are used to describe the quality of an offeror’s proposal. Proposals may be rated using such terms as Outstanding, Highly Acceptable, Excellent, Good, Fair, and Poor. (Nash, Schooner, O’Brien, 1998)"
11634,Adjustment,Canadian The amount of variation permitted by an adjustment clause in the contract generally permitting a change upward or downward in the price or obligation in case certain events transpire.
11635,Administrative Change,"A unilateral change to a contract in writing, that does not affect the substantive rights of the parties, such as a change in the address to which an invoice is mailed."
11636,Administrative Law,"Rules, regulations, and executive orders promulgated by governmental administrative or regulatory agencies. Generally enacted to make statutes and ordinances more specific. Has the force and effect of law."
11637,Administrative Remedies (exhaustion of),"The completion of the process of direct appeal to a governmental body as defined by the governmental bodies’ administrative regulations. When all procedures for review of the appeal by public officials have been followed and the relief sought by the appealing party still has not been obtained to that party’s satisfaction, administrative remedies are considered to be exhausted. The appealing party may seek legal action through the courts. (Garner, 2004)"
13493,ADT Average Daily Traffic,"The number of vehicles passing a fixed point in a day, averaged
over a number of days. The number of count days included in the average varies with the intended use of the data."
11639,Advance Payments,Agreed upon payments between buyer and seller made prior to the actual receipt and delivery of the contracted goods and services. Payments may be for a stated amount or for a percentage of the purchase price. Sometimes referred to as cash in advance. Also see Partial Payment and Progress Payment.
11640,Advanced Contract Award Notice (ACAN),"Canadian A notice of intent to solicit a bid and negotiate with a single firm. Other suppliers are not invited to bid on these requirements but can forward letters of intent indicating their interest before the closing date. Notice of bidding requests will then be solicited from letters of interest that have been received. (Summit Magazine, On-Line)"
11641,Advertise,To make a public announcement or legal notice of a forthcoming solicitation with the aim of increasing the response and enlarging the field of competition; often required by law or policy.
11642,AFC,See Average Fixed Cost.
11643,AG,Canadian See Auditor General of Canada.
11644,Aggrandizement,To extend the scope of one’s influence beyond what is normal or ethically acceptable. Personal gain obtained through an agreement established and intended to be on behalf of taxpayers that is unacceptable and taints the behavior of public professionals acting as stewards of the public trust.
11645,Aggregate,"To gather or collect quantities of a specific item (product or service) in order to achieve savings by leveraging economies of scale. An enabler of the economic theory that the larger the quantity the smaller the unit price. (Schiller, 2000)"
11646,Aggregate Award,"A contract award made to the lowest responsive, responsible bidder based on the total price for all items. While this allows the public entity to enter into a contract with a single supplier, this method does not provide the best available pricing and may be overly restrictive, unless multiple bidders are able to supply all of the items contained in the solicitation document."
11647,Aggrieved Bidder/Proposer,The bidder/proposer who is adversely affected because they would be eligible to be awarded the public contract in the event that the protest or dispute was successful.
13339,AGREEMENT - A duly executed and legally binding contract; the act of agreeing. The word agreement can have both informal and formal meanings. Informally the word may be used to describe a contractual agreement between parties,"‘the agreement has three months to run’. The formal meaning of the word is used in a legal context to describe one of the prerequisites for considering a contract valid. The parties must have ‘a meeting of the minds’, sometimes called ‘consensus ad idem’, meaning that for a contract to exist the parties must share a common understanding, and there must be no mistake as to what is being agreed. See also Contract."
11648,Agreement Type,"Canadian Refers to the agreement under which the opportunity is governed, such as the Agreement on Internal Trade (AIT), North American Free Trade Agreement (NAFTA), etc. (Summit Magazine, On-Line)"
13609,AGV (Automatic Guided Vehicle),a driverless vehicle used in warehouses and factories to move material.
11649,AIA,See American Institute of Architects.
11650,Air Freight Forwarder,"As described in FAR 47.401: An indirect air carrier that is responsible for the transportation of property, from the point of receipt to the point of destination, and utilizes for the whole or any part of such transportation the services of a direct air carrier or its agent, or of another air freight forwarder."
11651,Air Waybill,"Documentary proof of the contract of carriage between the shipper and the carrier. It serves as a receipt of goods for shipment and is required for Customs clearance. This proof was issued by the airlines following the International Air Transportation Association (IATA) standard form. (Business, 2002)"
11652,Alien Corporation,"A corporation chartered by a foreign government and conducting business in the United States. (Business, 2002)"
11655,All-Or-Nothing Bid (All or None),"A bid submitted for a number of different items, services, etc. in which the bidder states it will not accept a partial award, but will accept only an award for all the items, services, etc., included in the Invitation for Bids. Because the bidder has qualified their bid, their bid response may be deemed as non-responsive."
11653,Allocable Costs,"Costs that are specifically related to the contract. (Harney, 1992) A cost that can be assigned or charged as an item of cost to one or more cost objectives, in accordance with the terms of the contract and applicable laws and regulations."
11654,Allocation of Cost,"To assign or charge an item of cost to one or more cost objectives, either as a direct cost or as a share of an indirect cost pool, based on the relative benefits received or other equitable relationship."
11656,Allot,To divide an appropriation into amounts which may be encumbered or expended during an allotment period.
11657,Allowable Costs,"Costs that are recognized by law, regulation, or the contract. (Harney, 1992) A cost that is reasonable."
11658,Alpha,"A word referring to the first of two pre-release phases of a commercial hardware or software product. The early version of the product is tested at the developer’s site and is then improved accordingly. The release prior to the beta test or beta version. (Jansen, 2002)"
11659,Alphanumeric,"A set of characters that contains both letters (alpha) and numbers (numeric). These characters may include punctuation and symbols found on a standard keyboard. Generally assigned to identify a specific item such as a model number. (Jansen, 2002)"
11660,Alternate Service Delivery (ASD),"Canadian An agency’s process of looking at new ways of delivering some of its services, frequently by contracting to suppliers for services that were previously provided in-house. (Summit Magazine, On-Line)"
11661,Alternative (Alternate) Bid/Proposal,"A response to a bid or proposal that does not meet the exact requirements of the specification or scope of work but offers an alternative for consideration. A bid/proposal submitted with an intentional substantive variation to a basic provision, specification, term or condition of the solicitation. This alternative, in the opinion of the bidder/proposer, achieves the same end result. Alternative bids and proposals may render the bid/proposal as non-responsive. Also see Alternate Bid (Response)."
11662,Alternative Dispute Resolution (ADR),"A process or procedure used voluntarily between parties to resolve issues in controversy without the need to resort to litigation. ADR may include but are not limited to mediation, fact-finding and arbitration. Also see Litigation."
11663,Alternative Project Delivery Method (APDM ),A collective term to refer to the use of non-traditional contracting methods.  The contractor may participate in or advise on the design or may be entirely responsible for the design; the contractor's selection is based on qualifications or best value. Traditional contracting methods may include Design-bid-build or design-build where alternative methods may include Construction Management or an Alliance/Relationship Contracting.
11664,Ambiguity,Contract language that is capable of being understood to have more than one meaning. Such language is generally subject to more than one interpretation.
13381,Amended B/L,B/L requiring updates that do not change financial status; this is slightly different from corrected B/L.
11665,Amendment Previous Value,Canadian Value of a document as last amended.
11666,Amendment Status,"Canadian Identifies the number and description of amendments issued to a bid solicitation or contract document, and gives a description of the previous wording."
11667,American Arbitration Association (AAA),A not-for-profit organization that provides resources for Alternative Dispute Resolution (ADR). Arbitration and mediation are being widely used to settle contractual disputes instead of litigation.
11668,American Bar Association (ABA),"With more than 400,000 members, the ABA provides law school accreditation, continuing legal education, legal information, programs to assist lawyers and judges in their work and initiatives to improve the legal system for the public. (www.abanet.org)"
11669,American Institute of Architects (AIA),"A national professional society founded in 1857 whose members are licensed architects, graduate architects or retired architects. AIA promotes design excellence and fosters professionalism and accountability through professional development programs and achievement awards. (www.aia.org)"
11670,American Production and Inventory Control Society (APICS),A professional society whose mission is to improve and advance the field of production and inventory control. Also known as The Association for Operations Management. (www.apics.org)
11671,Americans with Disabilities Act (ADA),"Federal legislation passed in 1990 that requires organizations with at least 25 employees to make reasonable accommodations for qualified workers and applicants with disabilities and to avoid discriminating against them. Compliance includes removing physical workplace barriers. (Business, 2002)"
13353,An auction is the process of selling or buying goods or services by inviting competing bids from multiple service providers or vendors. The competing participants may or may not know the identities or actions of other competitors. Auctions can be of two types,"forward auctions and reverse auctions. While, in forward auctions, the bids increase during the auction, it decreases in the case of reverse auctions. Online reverse auctions are commonly used by procurement professionals seeking the best value deal."
13584,"An iron ball attached to a long handle, used for driving caulking into seams and (occasionally) in a fight. Hence",'at loggerheads'.
11672,Analytical Skills,"An individual’s ability to identify relevant issues, recognize their importance, understand the relationship between them, and perceive the underlying causes of a situation. These skills are crucial in making most procurement decisions. (Miller, 2006)"
11673,Ancillary Services,"Commercial type support services required by a government such as custodial, landscape maintenance, and refuse collection, etc."
13494,ANPRM Advanced Notice of Proposed Rulemaking,A tool used by the federal government to solicit public input into the development of a proposed regulation; notice usually published in the Federal Register.
13610,ANSI (American National Standards Institute),see http://www.ansi.org or http://www.nssn.org. This is an agency for publishing U.S. and international standards.
11675,Anti-trust Laws,"State and federal laws enacted to ensure free, fair and open competition by prohibiting monopolies or conspiracies in restraint of trade in interstate and foreign commerce. The Sherman and Clayton Acts are examples of Federal Antitrust Laws. (Miller, 2006)"
11676,Anti-trust Legislation,Laws that attempt to prevent or eliminate monopolies or oligopolies and to prevent noncompetitive practices.
11674,Anticipatory Repudiation,"Statements or acts of a contractor before an actual Breach of Contract that indicate that the contractor does not intend or is unable to complete, or continue to perform under the contract. (Black’s Law Dictionary, 93)"
11677,Antitrust Violations,"Violations of federal or state laws that regulate trusts, cartels, or business monopolies by limiting or prohibiting non-competitive business practices. Violations of antitrust laws include such practices as price fixing, bid rigging, identical bidding and market division. (Garner, 2004)"
11678,AO,Accounting Officer
13611,AP (Accounts Payable),List of amounts due to our suppliers. Software system for deciding when to pay which bills based upon discounts and penalties that depend upon when paid.
11679,APC,See Average Propensity to Consume.
11680,APDM,See Alternative Project Delivery Method.
11681,APL (Approved/Acceptable Products List),See Acceptable Products List. Also see Qualified Products List (QPL) and Approved Brands List (ABL).
11682,Apparent Agency (a.k.a. “estoppel agency”),"An agency relationship whereby the principal’s conduct implies that an agent has authority to act on the principal’s behalf and thereby the Principal becomes bound to and responsible for what the agent signed or did. (Garner, 2004)"
11683,Apparent Authority,"Occurs when a principal allows or permits a person to function in a capacity that creates the illusion that the person is an authorized agent of the principal. Also see Actual Authority. (Garner, 2004)"
11684,Apparent Low Bidder,"After conducting a price analysis from quotes/bids received, the buyer initially identifies the low bidder strictly based on the lowest price received before determining whether the bid is from a responsive and responsible bidder."
11685,Appeal,"An objection to a process, procedure or an award. An appeal may be taken to the proper authority responsible for receiving appeals by filing a Notice of Appeal within the required time period. This notice must be in writing, signed by a person of authority, (the contractor, an officer, if the contractor is a corporation, or its attorney) and should identify the contract by number, the final decision which is being appealed, and the agency issuing that final decision. Although express mail services are sufficient if you are certain that the Notice will be delivered within the specified timeframe, it is safer to send the Notice by registered mail which provides irrefutable proof of mailing within the specified time. Also see Appeal Process and Appeal Rights."
11686,Appeal Process,The appeal process varies among different public agencies but the goal of the agency should remain constant – fair and equitable treatment of the parties. Also see Appeal and Appeal Rights.
11687,Appeal Rights,The legal right to challenge the agency and to ask for a decision to be reviewed and changed. Also see Appeal and Appeal Process.
11688,Appellate Court,"A court that hears cases appealed from lower courts. (Garner, 2004)"
11689,Approval Date,Canadian The date on which a procurement document was approved by the appropriate authority.
11690,Approved Equal,See Equal.
11691,Approved Products List,"A list of vendors or products that have been evaluated and have been determined to be capable of satisfactory performance for a specific application. Also see Qualified Products List (QPL), Acceptable Products List (APL), and Approved Source List. Also known as Approved Brands List (ABL)."
11692,Approved Source List,Canadian A list of suppliers that can supply specific goods and services and are approved on the basis of the suitability of their facilities and capabilities.
13612,AR (Accounts Receivable),"List of amounts due to us by customer. Software system for monitoring and updating amounts due and highlighting accounts according to their need for attention (e.g., more than 30 days past due, more than 60 days past due, etc)."
11693,Arbitrary and Capricious,"Actions by whim or caprice, with irrational disregard of facts or circumstances. May be the basis for courts to overrule or remand an administrative decision or ministerial action by a purchaser. A public official’s improper use of discretionary powers to the detriment of the public good."
11694,Architect,"An individual, partnership, or corporation that performs professional architectural services for the agency as an independent contractor.  A registered architect is an individual that is trained in the planning, design and oversight of the construction of buildings. To practice architecture means to offer or render services in connection with the design and construction of a building, or group of buildings and the space within the site surrounding the buildings that have as their principal purpose human occupancy or use.  Architects are required to have Errors and Omissions Insurance."
11695,Architectural and Engineering (A & E) Services,"Professional services within the scope of the practice of architecture and professional engineering, as defined by the jurisdiction, usually involving research, design, development, construction, alteration, or repair of real property."
11696,Archival Quality,"A characteristic of paper and paper products that enables the paper to retain a specified percentage of its original physical and appearance properties for an extended period of time under specified controlled conditions. (Business, 2002)"
13495,ART-TAB Spreadsheet model for arterial level of service (LOS) analysis,Generalized LOS analysis tool. Yields quick answers and inexpensive results due to low cost input data. Often used as a screening or first cut LOS call followed by a more refined ART-PLAN or HCS analysis.
11627,As defined under FAR 2.101,"Acquiring by contract, with appropriated funds, supplies or services (including construction) by and for the use of the Federal Government, through purchase or lease, whether the supplies or services already exist or must be created, developed, demonstrated, and evaluated."
11697,As To Form,Documents and agreements that are approved by an attorney for legal sufficiency prior to their execution while not commenting on the business merits of their contents. Also see Agreement.
13613,ASA (Average Speed of Answer),"A standard measure of service quality in in-bound call centers. A typical target is 20 seconds or less. In the US, the time between “ring” tones is six seconds, so this corresponds to a little over three rings."
13614,ASN (Advance Shipping Notice),An electronic message from the shipper (or supplier or sender) to the customer (or receiver) that the product has been shipped and is expected to arrive during a specified time interval.
13615,ASP (Application Service Provider),"A firm that provides both computing power and business software to businesses via the web, somewhat similar to timesharing firms in the 1970’s. A business that uses an ASP can be billed per transaction, so that a small firm might be able to use a powerful piece of software without having to pay a high fixed license fee for it. Another advantage is that the details of software maintenance and upgrades are invisible to the user. A risk in using an ASP is that the ASP may fail either physically or financially, in which case the business that uses it may have less recourse than if its information processing was done in-house."
13496,ASP Agency Strategic Plan,"A document which identifies goals and objectives that an individual
state agency will be focusing on over the next five years; adopted annually by individual state agencies in Florida."
11698,Assignment of Payment,An authorization from a supplier that allows for their accounts receivable to be paid to a third party. Payments made to a supplier’s creditor.
11699,Atomic Digital Clock Time,The atomic digital clock is located in Fort Collins Colorado and it is the master clock in the United States that provides the precise time as the basis for all other clock systems and for official bid openings. The telephone number to hear your local accurate local time is 1-303-499-7111.
13616,ATP (Available To Promise),"Amount of product that a facility can promise to deliver quickly because it has a) the required product and components on hand, b) not promised already to some other customer, and c) has production capacity to assemble the product, not already scheduled for production of other products for other customers."
11700,Attach,To take legal possession.
11701,Attorney Work Product Privilege,"An exemption under the Freedom of Information Act, which protects documents prepared by an agency’s attorney which reveal the theory of a case or proposed litigation from release. (Nash & Rawicz, 1997)"
13617,Attributes sampling,"In quality assurance, sampling in which a yes/no attribute is measured (e.g., defective or not). In contrast, see variables sampling."
11702,Auctioning,"An unethical practice that can occur during negotiations on competitive sealed proposals if the negotiating team discloses information from one offeror’s proposal to other proposers, who then change their offer so that it matches or is better than the first proposal evaluated. (Harney, 1992)"
11703,Auditor General of Canada (AG),"Canadian Audits government operations and provides the information that helps Parliament to hold the government accountable for its stewardship of public funds. (Summit Magazine, On-Line)"
11704,Authority,"The right to perform certain acts or prescribe rules governing the conduct of others. (Nash, Rawicz, 1997)"
11705,Authorization to Release,Permission to release requested goods to the using agency against existing supply agreements.
11706,Authorized Deviation,"A change or deviation specifically allowed by the contracting authority. Also see Amendment, Change Order and Contract Modification."
11707,Automated Data Processing (ADP),"Input, storage, and manipulation of information using computer systems, and the discipline which deals with related methods and techniques. Also called Electronic Data Processing."
11708,Automatic Stabilizer,"Federal expenditure or revenue item that automatically responds counter cyclically to changes in national income, like unemployment benefits or income taxes.(Bureau of Economic Analysis)"
11709,Average,"A number that is calculated to summarize a group of numbers. The most commonly used average is the mean - the sum of the numbers divided by however many numbers there are in the group. The median is the middle value in a group of numbers ranked in order of size. The mode is the number that occurs most often in a group of numbers. (Bishop, 2004)"
11710,Average Fixed Cost (AFC),"Total fixed cost divided by the quantity produced in a given time period. (Schiller, 2000)"
13355,AVERAGE PAYMENT PERIOD FOR PRODUCTION MATERIALS,The average time from receipt of materials and payment for those materials. (Materials Payables/Total Cost of Materials) * Days in Period.
11711,Average Propensity to Consume (APC),"Total consumption in a given period divided by total disposable income. (Schiller, 2000)"
11712,Average Total Cost (ATC),"Total cost divided by the quantity produced in a given time period. (Schiller, 2000)"
13618,AVI (Automatic Vehicle Identification),"A system in which participating vehicles (e.g., trucks) carry a transponder that may be queried by a reader (e.g., at a weight scale, a toll booth, or at port of entry at a state border). The transponder, if it recognizes the device or system sending the query, will respond with its identification code. This kind of system is also used in automobile toll collection. The identification code contains information about the type of vehicle, such as the number of axles. The roadway may have additional sensors to count the number of axles and/or estimate the length of the vehicle and check if it matches the vehicle description in the code sent by the transponder."
13619,AVL (Approved Vendor List),"For each SKU that we might buy, a list of vendors who have been approved to supply this SKU (e.g., on the basis of quality, price, delivery time)."
13497,AVO Average Vehicle Occupancy,The ratio of person trips to vehicle trips; often used as a criterion in judging the success of trip reduction programs.
13498,AVR Average Vehicle Ridership,The number of employees scheduled to start work during specified hours divided by the number of vehicles arriving at the site during those same hours.
11713,Award by Group,"A contract award that can be made to multiple suppliers based on the lowest total price for all items within a specific group. The public entity may group items by classification, commodity code, category, or geographic zone in its best interest. This method allows the public entity to target a logical grouping of bid items to a supplier for contract management purposes. Also known as Class Award."
11714,Award Item by Item,A contract award that may be made to multiple suppliers because each item is awarded typically on the basis of the lowest unit price when being utilized in the bid process. This method offers the best pricing to the public entity but requires significant contract administration if multiple suppliers are selected for award. Also referred to as Line Item Award.
11715,Award Protest,A formal complaint made against the methods employed or decisions made by a procurement authority in the process leading to the award of a contract. Also see Bid Protest and Protest.
11716,Award Value,"Canadian The monetary amount of the contract, in Canadian dollars, when awarded."
11779,B.R.I.C.S,"Brazil, Russia, India and South Africa"
13401,B/L Numbers,U.S. Customs’ standardized B/L numbering format to facilitate electronic communications and to make each B/L number unique.
13382,B/L Terms & Conditions,"the fine print on B/L; defines what the carrier can and cannot do, including the carrier’s liabilities and contractual agreements."
13383,B/L’s Status,"represents whether the bill of lading has been input, rated, reconciled, printed, or released to the customer."
13384,B/L’s Type,"refers to the type of B/L being issued. Some examples are: a Memo (ME), Original (OBL), Non–negotiable, Corrected (CBL) or Amended (AM) B/L."
11717,B2G,Business to Government
13417,Back–to–Back,A new letter of credit issued to another beneficiary on the strength of a primary credit. The second L/C uses the first L/C as collateral for the bank. Used in a three–party transaction.
13620,Backlog,very similar to back order. Product ordered by customer but not yet delivered.
13621,Backup Agreement,"A purchasing arrangement between a supplier and a retailer that bundles the purchase of given number of nonreturnable units, with the option to buy a given number of additional units for quick delivery at a specified price. For example, the retailer might purchase outright 80 units at $150 each, bundled with 20 options at $15 per option, to purchase an additional 20 units at $140 each. Compared to a conventional agreement, a backup agreement spreads the forecasting risk between the supplier and the retailer. A conventional agreement that allows full refund of unsold units puts all the forecasting risk on the supplier (and the retailer will tend to order too much). A conventional agreement with no refunds puts all the forecasting risk on the retailer (and the retailer will tend to order too little)."
13622,Bait-and-switch,"A situation where a vendor advertises two types of products, a cheap one, Type Y, and a more expensive one Type A. There are two classes of customers: Class II customers are only willing to buy product Y, whereas class I customers prefer product Y but are willing to buy product A if Y is out of stock. An interesting inventory management problem is how many units of product Y to stock. If a small quantity of Y is stocked, then class I customers may arrive hoping to buy Y but end up buying the more expensive (and profitable to the vendor) type A product. This is very similar to revenue management as practiced in the airlines. Ethics/long term customer good will suggests that the vendor should be clear in the advertising of Y that “limited quantities available, no rain checks”."
11718,Balanced Budget,"When total public sector spending equals total government income during the same period from taxes and charges for public services. (Bishop, 2004)"
13623,Baldrige Award,"An award that recognizes quality achievement by U.S. organizations, see http://www.quality.nist.gov. It is named after former Commerce Secretary, Malcolm Baldrige, who was killed in a rodeo accident in 1987. Annual awards may be given in four categories: manufacturing, service, small business, and education/health services."
11719,Baldrige National Quality Award,"Named after former Commerce Secretary, Malcolm Baldrige, it honors those companies that have achieved national excellence in quality improvement. It is similar to the Deming Prize, awarded in Japan. The mission of the program is to enhance the competitiveness, quality, and productivity of U.S. organizations for the benefit of all residents. For more information: www.baldrige.nist.gov."
13624,Balking,The action of an arriving customer in a service system to not join a waiting queue because the queue is too long. This results in a lost sale. Contrast with reneging.
11720,Ball Park Estimate,"Very rough estimate (usually cost estimate), but with some knowledge and confidence. (“Somewhere in the ball park.”)"
13380,Ballast Bonus,Special payment above the Chartering price when the ship has to sail a long way on ballast to reach the loading port.
11722,Bank Reserves,"Assets held by a bank to fulfill its deposit obligations. (Schiller, 2000)"
11721,Bank/Banker’s Acceptance,A draft or bill of exchange drawn on a bank and acknowledged as valid by that bank.
11723,Bankruptcy,"A legal procedure designed both to protect an individual or business that cannot meet its financial obligations and to protect the creditors involved. Also see Voluntary bankruptcy. (Schiller, 2000)"
11724,Bar Code,A pattern of parallel bars and spaces which may represent numbers and other characters that are read by a hand held device or other computer hardware. May be used to track inventory and other items in transit. Also known as a UPC (Universal Product Code) label to identify specific products.
11725,Bargaining Unit,"A specific group of employees represented by a union. A group of employees who collectively negotiate with management for wage and benefit enhancements. (Business, 2002)"
13431,Barge Carriers,Ships designed to carry barges; some are fitted to act as full containerships and can carry a varying number of barges and containers at the same time. At present this class includes two types of vessels LASH and Sea-Bee.
11726,Barriers To Entry,"A variety of obstacles that make it difficult or impossible for would-be producers to enter a particular market, such as patents or copyrights. (Schiller, 2000)"
13625,Base stock policy,"An inventory policy whereby, whenever a demand occurs, an order is immediately made to replace the amount sold. It is a Q,r policy with Q = 1. See JIT."
11727,Basis of Payment,Canadian The payment terms in a contract which specify the conditions under which payment will be made for receipt of goods or performance of services.
11728,Basis Point,"One one-hundredth of a percentage point. Small movements in the interest rate or the exchange rate is often described in terms of basis points. If a bond yield moves from 5.25% to 5.45%, it has risen by 20 basis points. (Bishop, 2004)"
11729,Basket,"The combination of goods and services included in the computation of an index. (ISM, 2000)"
13626,Bathtub curve,"A typical shape for the failure rate curve for many pieces of equipment (i.e., the conditional probability of failure in the next hour) is to start high due to the “birth defects” new equipment may have, decrease to a low fairly constant rate for a long period of time, and then increase again as the equipment reaches “old age”. See also failure rate curve, MTBF, IFR, and DFR."
11730,Battle of the Forms,A colloquial reference to various forms that are exchanged between buyer and seller in an attempt to have their document prevail in the event of a disagreement between the contracting parties. Also see Acknowledgement.
11731,BDP,See Benefits Driven Procurement.
11732,Bear Market,"A market in which average stock prices are declining. Market indicators for a bear market trend downward. Also see Bull Market. (Schiller, 2000)"
13627,Beer game,"A business game composed of a four level supply chain. Early members of the chain (e.g., the manufacturer) do not see final demand directly, but only indirectly via the information, mainly in the form of orders received from their immediate downstream customer. Small fluctuations in retail demand typically cause big fluctuations in demand seen by the manufacturer, illustrating the bull-whip effect."
11733,BEM,Black & Minority Ethnic (Business)
11734,Benefit,"The gain received from voluntary exchange. (Schiller, 2000)"
11735,Benefits,"Non-financial forms of compensation provided to employees, such as health benefits, life insurance, pension benefits, paid holidays and vacation, etc. (Business, 2002)"
11736,Benefits Driven Procurement (BDP),"Canadian An approach to procurement that stresses a focus on results and on the benefits that government and suppliers gain from the procurement. The supplier is asked to deliver certain agreed upon results rather than follow specific specifications. (Summit Magazine, On-Line)"
11737,Best Alternative To a Negotiated Agreement (BATNA),"In negotiation theory, the best alternative to a negotiated agreement or BATNA is the course ofaction that will be taken by a par ty if the current negotiations fail and an agreement cannot be reached."
11738,Best and Final Offer (BAFO),"In a competitive negotiation, the final proposal submitted after negotiations are completed that contains the proposer’s most favorable terms for price, services and products to be delivered. Sometimes referred to as BAFO and utilized during the Request for Proposal method of procurement."
11739,Best in Class,A standard of excellence given to an organization or business unit that demonstrates verifiable performance in a particular category or business area. Benchmarking may be one method of measuring and determining best in class designation.
11740,Best Interest,"A term which grants the chief procurement officer the discretion to take the most advantageous action on behalf of the entity they represent usually in the absence of law or regulation. Also see Discretion. (NASPO, 2001)"
11741,Beta,"The very early testing stage of a commercial software or hardware application. Comes after the Alpha phase and is tested “in the field” by potential customers. (Jansen, 2002)"
11742,Bid Deposit,"A sum of money, a check, or other acceptable cash alternative such as an irrevocable letter of credit or the contractor’s pledge against owned property or against personal assets deposited with the buyer by a bidder as a guarantee that the bidder will enter into a contract if awarded. May also be in the form of a bond issued by a surety and deposited with a procurement activity guaranteeing the bidder will not withdraw the bid for a specified period of time, will furnish bonds as required, and will accept a contract if awarded, or forfeit the deposit."
11745,Bid Documentation,"A file containing all of the information and records relating to the bid, which may include all of the original bids received, specifications, insurance requirements, addenda, bonds, correspondence and all other relevant data that may be subject to audit and further review."
11746,Bid Evaluation,See Bid Analysis and Bid Tabulation.
11747,Bid File,A file containing the individual bids from all vendors solicited by the Invitation for Bids (IFB).
11748,Bid Guarantee,"See Bid Bond, Bid Deposit."
11749,Bid Identification Number,Canadian An alpha numeric code unique to the bid solicitation.
11750,Bid Preference,"Procurement laws mandating that bid prices for a preferred class of bidders be given special consideration when comparing their bid prices with those of other bidders not in the preferred class, i.e., local vendors may be given a bid preference over out-of-state vendors. Also see Buy Local and Local Preference."
11751,Bid Protest,"A formal complaint made against the methods employed or decisions made by a procurement authority in the process leading to the award of a contract. Also see Award Protest, Protest and Dispute."
11752,Bid Sample,"A sample to be furnished by a bidder to show the characteristics of a product offered in a bid. Bid samples are used only to determine the responsiveness of the bid. (Nash, Schooner, O’Brien, 1998)"
11753,Bid Security,"A bond or deposit which guarantees that the bidder/offeror, if awarded the contract, will accept the contract as bid."
11754,Bid Set,"Canadian A package of data which identifies the article to be purchased, the quantity and delivery, and which includes designs, specifications, quality requirements and general conditions which govern the contract resulting from acceptance of a bid. (Summit Magazine, On-Line)"
11755,Bid Tabulation,"A public document listing all vendors who received a copy of the Invitation for Bid (IFB), with a list of all items in the IFB, and showing unit prices for each item for each bidder. It may also include total prices, delivery terms and conditions, whether each bidder has met the requirements for licenses, bonds, evidence of insurance, or other information deemed appropriate by the contracting officer. Solicited vendors not responding to the IFB are shown as “no bid.” Also see Bid Analysis and Bid Evaluation."
13356,BIDDER’S LIST,List of contractors who have fulfilled the requirements of pre-qualification criteria. Such contractors are called qualified bidders or contractors.
11743,Bidders’ Conference,"A meeting to discuss with potential bidders, technical, operational and performance specifications, and/or the full extent of financial, security and other contractual obligations related to a bid solicitation before the bid closes. Also see Pre-Bid/Pre-Proposal Conference and Pre-Solicitation Conference."
11744,Bidders’ List,"A listing of names and addresses of vendors from whom bids, proposals or quotations can be solicited. The list is generally retained in a retrievable data base. Also see Source List."
11756,Bilateral Modification (of a contract),Requires the written approval of both parties to a contract in signatory form. Bilateral modification is often related to some alteration of one or more substantive terms of the contract. Also see Unilateral Modification.
11757,Bilateral Monopoly,"A market with only one buyer and one seller. (Schiller, 2000)"
11758,Bill of Entry,"A written account of goods entered at customs, whether they are to be imported or are intended for export."
11759,Bill of Lading,A hauler or carrier’s contract which may also act as the receipt of goods transported and delivered to the consignee. Examples of various bills of lading: Clean/Clear; Ocean; Order; Short-Form; Straight; and Through.
11760,Bill of Materials (BOM),"A list specifying the quantity and the specification, description or character of various materials and parts required to manufacture, produce or assemble a certain quantity of a finished product. A critical element of an automated Material Requirement Planning (MRP) system."
11761,Bin Tag,A tag attached to a storage bin on which a perpetual inventory is recorded.
11762,Binding Arbitration,"Specific to ADR, it involves the presentation of a dispute to an impartial or neutral individual or panel for issuance of a binding decision. The parties usually have the ability to decide who the individuals are that serve as arbitrators. Also see Arbitration."
13628,Binomial distribution,"Suppose your product is in use by n customers. On any given day, any given customer will generate a service call request with probability p, independent of other customers. A service call request requires a trip to the customer, which takes a full day. Then, the number of service requests in a day has a binomial distribution with parameters n and p. The probability of exactly k service requests in a day is pk(1-p)n-k n!/(k!(n-k)!). The mean of the distribution is np, the variance in the number of service requests is np(1-p). For example, if n = 6 and p = .1, then the probability of k = 0 service requests is .96 = .531441. The probability of 1 request is .1*.95*6!/5! = .354294. The probability of 2 requests is .12*.94 *15 = .098415. The binomial distribution with parameters n and p, converges to the Poisson distribution with mean np, as n gets large and p gets small. The binomial converges to the Normal distribution if p is close to .5 and n gets large."
11763,Biodegradable,"Capable of undergoing biodegradation whereby most paper products are converted by microorganisms into basic elements, such as water and carbon dioxide. (ISM, 2000)"
11764,BITC,Botswana Investment and Trade Centre
11765,Blanket Purchase Agreement (BPA),A simplified procurement method of filling the anticipated repetitive needs for supplies or services through the award of competitive line item contracts or discounts off of a suppliers catalog usually through competition. Used to reduce administrative expense resulting from small repetitive requirements.
11766,Blind Trust,"An independently managed trust in which the beneficiary has no management rights and is not given notice of alterations in, or other dispositions of, the property subject to trust."
11767,BME,Black and Minority Ethnic (Business).
11768,BOA,Basic Ordering Agreement
13467,Board of Commissioners,The members of the governing board of a port authority are called commissioners. Members of a Board of Commissioners can be elected or appointed and usually serve for several years.
11769,Board of Directors (BOD),"The top governing body of a corporation, the members of which are elected by the stockholders. (Business, 2002)"
13629,BOM (Bill of Material),A listing for each product or sub-assembly of all the components or subassemblies that go into it and how many are required. See also MRP.
11770,Bona Fide,In good faith.
11771,Bonded Carrier,A business transporting goods and operating under a bond to guarantee performance.
13630,Bonded storage,"secure storage for product for which taxes, such as excise tax, may become due when product leaves storage, depending upon its destination. The warehouse owner guarantees to tax/tariff collecting agencies that product will not be released without payment of any taxes due depending upon where the product is shipped."
13631,Box car,"A covered rail car, typically loaded and unloaded via forklift through doors on either side. This is typically forty to fifty feet long. In contrast, see flat, hopper and tank car."
11772,BPD,Broadening Participation Division
13632,Braess’s paradox,"The observation, supposedly made by Braess of traffic in Stuttgart, that for some traffic networks, if new link capacity is added to the network, the total traffic delay at user equilibrium may in fact get worse. The paradox arises because, when individuals optimize individually, they do/may not take into account the impact of their decisions on other parties. For example, when making the decision to take a car vs. a train, or a particular route, we tend to not take into account the additional delay that we may cause other commuters as a result of this decision. There is a strong form and a weak form. The strong form is that every traveler’s travel time is no worse, with some of them experiencing reduced travel time. The weak form is only that total travel time is reduced. The use of “metering” lights at the on-ramps to some expressways is a way to avoid situations very similar to Braess’s paradox. Traffic engineers have discovered that by restricting capacity on the on-ramp total delay is reduced. See also: Wardrop’s Principle."
11773,Brand Loyalty,"The extent to which a customer is favorable toward buying a specific brand to the exclusion of other competitive brands. (Business, 2002)"
11774,Brand Name,A name that serves to identify a manufacturer’s product and may be protected by a trade name or trademark. Also see Brand.
13633,Break bulk,"Disaggregate a big shipment from a single source (e.g., a manufacturer) into smaller quantities to be shipped as needed to multiple customers (e.g., retailers)."
13468,breakbulk cargo,"Non-containerized general cargo stored in boxes, bales, pallets or other units to be loaded onto or discharged from ships or other forms of transportation. (See also: bulk and container.) Examples include iron, steel, machinery, linerboard and woodpulp."
11775,Breakeven Quantity,"The number of units that must be sold for the total revenue (from all units sold) to equal the total cost (of all units sold). (Schiller, 2000)"
11776,Breakout,"Execution of acquisition strategy to convert some parts or system components from contractor furnished to government furnished. Rather than having the prime contractor provide from its sources, the government procures items directly and provides them to the prime."
11777,Bribe,Money or favor given or promised in order to influence the judgment or conduct of a person in a position of trust.
11778,Bribery,"The crime of offering, giving, receiving, or soliciting anything of value to influence action of an official or in the discharge of a public duty. (Garner, 2004)"
13634,BTU (British Thermal Unit),"A common measure of performance for energy producing or energy consuming products, defined as the energy in heat form needed to raise the temperature of one pound of water by one degree Fahrenheit. See calorie."
13635,Bucket Brigade,"A method for coordinating workers along a pick or production line. Workers remain in sequence as each moves forward with her job along the line. When the last worker completes her job, she takes over the job of her predecessor, who then takes over the job of her predecessor, and so on. Until the first worker introduces a new job to the line."
11780,Budget Activity (BA),"Categories within each appropriation and fund account that identify the purposes, projects, or types of activities financed by the appropriation or fund."
11781,Budget Authority (BA),"Authority provided by law to enter into obligations that will result in immediate or future outlays. It may be classified by the period of availability, by the timing of congressional action, or by the manner of determining the amount available."
11782,Budget Estimate,Cost estimate prepared for inclusion in the DoD budget to support acquisition programs.
11783,Budget Message,A communication normally written by the chief executive that accompanies the budget estimate. Its purpose is to explain: (1) the main points of the budget; (2) the assumptions under which it was assembled; and (3) the major policy recommendations.
11784,Budget Surplus,"An excess of government revenues over government expenditures in a given time period. (Schiller, 2000)"
13432,Bulk Carriers,"All vessels designed to carry bulk homogeneous cargo without mark and count such as grain, fertilizers, ore, and oil."
11785,Bulk Purchasing,To purchase in volume with the expectation of reducing the unit price of an item. To aggregate quantities of material in hope of achieving deeper discounts and better pricing. Also see Bundling.
11786,Bull Market,"A market in which average stock prices are increasing or advancing. Market indicators for a bull market trend upward. Also see Bear Market. (Business, 2002)"
13636,Bull whip effect,"the observation in multi-echelon inventory systems that a small fluctuation in the demand per period at the retail end may result in a dramatic fluctuation in the amount demanded at the manufacturer, analogous to how a small flick of the wrist will cause the tip of a bull whip to move a great distance. The fluctuations in demand by the retailer on the supplier may be due to a number of reasons (e.g., order batching by the retailer if it uses a Q,r inventory model with a large Q, price changes by either the supplier or the retailer, or generally poor information sharing between the retailer and the supplier, so that the supplier is surprised by the large retailer demand when the retailer does a promotion)."
13469,Buoys,"Floats that warn of hazards such as rocks or shallow ground, to help ships maneuver through unfamiliar harbors."
11787,Bureau of Economic Analysis,"A federal agency of the U.S. Department of Commerce that generates the gross domestic product (GDP). The Commerce Department also calculates personal income, corporate profits, and the current account balance. For more information: www.bea.gov."
11788,Bureau of Labor Statistics,"A federal agency of the U.S. Labor Department that tracks all aspects of the labor market such as employment projections, unemployment numbers, employee compensation reports and a host of other labor related information. For more information"
11790,Burn-In,The operation of an item under stress to stabilize its characteristics.
11791,Business,"Any corporation, partnership, individual, sole proprietorship, joint stock company, joint venture, or any other private legal entity."
11792,Business Continuity Plan,See Continuity of Operations Plan (COOP).
11793,Business Interruption Insurance,"Commercial insurance protection for a business whose operations are interrupted because of a fire, storm, or other natural disaster. (Business, 2002)"
11794,Business Process Improvement (BPI),"A systematic approach to help organizations make significant change in the way they do business. (Business, 2002)"
11795,Business Process Outsourcing,"To carve out an internal business process such as IT (Information Technology) or HR (Human Resources) and outsource it to a private entity in an attempt to reduce costs and improve efficiency. (Miller, 2006)"
11796,Business Valuation,"Determines the price that a hypothetical buyer would pay for a business under a given set of circumstances. A business valuation is completed by an appraiser or a Certified Public Accountant using a combination of judgment, experience, and an understanding of generally accepted valuation principles. The two primary types of business valuations that are widely used are income valuations and asset valuations. Income statements and other financial and accounting records provide the basis for most business valuations. (www.freedictionary.com)"
11789,"Business, Cost Estimating, and Financial Management (BCEFM)","Functions include management of acquisition funds such as: cost estimating, formulation of input for the Program Objectives Memorandum (POM), the budget, and other programmatic or financial documentation of the Planning, Programming, Budgeting, and Execution (PPBE) process and budget execution (paying bills)."
11797,Buy American Act (U.S. Law),"Originally enacted in 1933, generally requires that the Federal Government buy for public use only raw materials mined or produced in the United States, and only manufactured items which are made in the United States, “substantially all from” materials or items mined, produced or manufactured in the United States. The act has several important exceptions. The general requirements are inapplicable if the items to be purchased are not available domestically, in commercial quantities of good quality, or if the cost of the domestic items is “unreasonable”, or if the head of the department otherwise determines it to be in the public interest to waive the requirement. (Burt, Dobler, Starling, 2003)."
11799,Buy Local,A bid preference which may be given to vendors doing business in the purchasing jurisdiction. Also see Bid Preference; Local Preference and Preference.
11798,Buy-in,"Submission of an offer, usually substantially below estimated costs, with the expectation of Winning the contract"
11800,Buyer,"A purchaser or procurer of products and services. This title may also refer to an individual who is responsible for the procurement activities of an entity. A job title within a procurement organization also commonly referred to as a Purchasing or Procurement Agent. Also see Agent, Principal and Law of Agency."
11803,Buyer-Seller Relationships,"There are three principal relationships between buyers and suppliers: Transactional: An arm’s–length relationship wherein neither party is concerned with the well-being of the other. Price is the focus of the relationship. Collaborative: A strategic relationship is created that results in the reduction of risk and uncertainty. This type of relationship creates interdependency and cooperation. Alliance: Relationship is based on institutional trust. Alliance partners share a vision of the future where ethics take precedence over expediency. (Business, 2002)"
11801,Buyer’s Option,"The contractual right, established in a purchase document, to buy an item or service at a fixed price within a specified time. Also see Option."
11802,Buyer’s Right of Routing,The right of the buyer to select the carrier to be used for shipment of goods when the buyer pays freight charges; the buyer’s right to name the carrier must be made part of the sales contract before shipment of goods if vendor prepays the freight.
11807,Buying (Seasonal) Calendar,"A buying plan which is designed to take advantage of lower seasonal prices, such a road ice chemicals in summer."
11804,Buying Allowance,"A temporary price reduction to resellers for purchasing specified quantities of a product. (ISM, 2000)"
11805,Buying Behavior,"The decision processes and actions of people who purchase and use products and services. The underlying motivational rationale for an individual’s buying decision. (Business, 2002)"
11806,Buying In,Knowingly submitting an offer or bid below the vendor’s anticipated cost with the expectation of increasing the contract amount after award through unnecessary or overpriced change orders. Commonly referred to as “low balling” a price. Also see Lowball.
11808,By-Law,"Most commonly refers to a city or municipal law or ordinance, passed under the authority of a charter or provincial/state law specifying what things may be regulated by the municipality. Also see Ordinances."
13361,C-SUITE,CORPORATE SUITE: Reference to executive management within an organisation.
13814,"C, B, A                 180-151=$29           151- 90=$61                      $90     Shapley value (average)     $58.5                       $61.5                    $60 See also",core of a game.
13641,c.d.f. (Cumulative Distribution Function),"The left tail probability of a distribution. For a given constant t and a random variable X, it is the probability that X ≤ t."
12062,C.P.M.,See Certified Purchasing Manager.
12064,C.P.P.,See Certified Professional Purchaser.
13500,CAAA Clean Air Act Amendments,"1990 amendments to the federal Clean Air Act which classify nonattainment areas and lay out rules for dealing with air pollution in such areas;
specifically brought transportation decisions into the context of air quality control."
13501,CAC Citizen Advisory Committee,Advisory committee utilized by most metropolitan planning organizations (MPOs) for citizen input into the transportation planning process.
13637,CAD (Computer Aided Design),"A software system that at a minimum has an ability to give and manipulate a graphical display of the product being designed. It usually also has analysis capability (e.g., the ability to determine whether a rack of a given design can in fact support a specified weight). This analysis capability is frequently based on FEA."
13638,CAFÉ (Corporate Average Fuel Economy),"In the U.S., the NHTSA (http://www.nhtsa.org) requires that the average fuel economy of all passenger vehicles sold by a manufacturer in the U.S. must achieve a specified minimum average fuel economy measured in miles per gallon. For model year 2000, the minima were 20.7 mpg for light trucks (e.g., “sport utility vehicles”), and 27.5 for cars. The harmonic mean is used in computing CAFE. The penalty for not achieving it is $5.50 for each tenth of a mpg by which a manufacturer falls short times the number vehicles sold."
13502,CAFE Corporate Average Fuel Economy Standards,Federal fuel efficiency standards for automobiles.
11809,Calendar of Events,"A chronology of dates that is significant to a project. In the procurement of services it reflects key events that will occur between the issuance of the RFP and the award of the contract. (Harney, 1992)"
13639,Call center,"A collection of agents staffing telephones. There are two major types of call centers, inbound and outbound. An inbound center handles calls arriving randomly from customers (e.g., ordering items from a catalog, reporting problems with your products, etc.) An outbound center originates calls to clients (e.g., soliciting new business, reporting problems with fulfilling their order, scheduling service visits, politely asking them to pay their account, etc.) See also: predictive dialing."
11811,Call up Number,CANADIAN The unique number of a requisition.
11810,Call-Up,"CANADIAN A requisition or a request for delivery which is forwarded directly to a supplier to obtain delivery of materiel from a previously negotiated contract, or a standing offer, in accordance with their terms. Also called Draw-down. Also see Period of Assignment."
13640,Calorie,"energy in heat form needed to raise the temperature of one gram of water by one degree Celsius. 1000 calories = 3.968 BTU. A note of caution, the unit of energy referred to in the popular press as a calorie, is usually a kilo-calorie."
11812,Canadian Council for Public-Private Partnerships (CCPPP),"An organization promoting the benefits of joint ventures between government and business. (Summit Magazine, On-Line)"
11813,Canadian General Standards Board (CGSB),"A federal government organization that offers client-centred, comprehensive standards development and conformity assessment services in support of the economic, regulatory, procurement, health, safety and environmental interests of our stakeholders—government, industry and consumers. For more information: www.pwgsc.gc.ca/cgsb/home/index-e.html"
11814,Canadian Government Catalogue System (CGCS),"The official system for civil departments of the Canadian government, by which items of materiel are uniformly named, classified, described, numbered and catalogued; used interchangeably with the NATO Codification System."
11815,Canadian International Trade Tribunal (CITT),"The main quasi-judicial institution in Canada’s trade remedy system with authority to conduct inquiries into complaints by potential suppliers concerning procurement by the federal government that is covered by the North American Free Trade Agreement, the Agreement on Internal Trade and the World Trade Organization Agreement on Government Procurement. Any potential suppliers who believe they may have been unfairly treated during the solicitation or evaluation of bids, or in the awarding of contracts on a designated procurement, may lodge a formal complaint with the Tribunal. The Tribunal deals with bid challenges on Canadian government contracts, arising under an international agreement. (www.citt.gc.ca)"
11816,Canadian Public Procurement Council (CPPC),An organization that represents public sector procurement professionals throughout Canada. (www.ccmp-cppc.qc.ca)
13385,Canceled B/L,B/L status; used to cancel a processed B/L; usually per shipper’s request; different from voided B/L.
11817,Cancellation of a Contract,"Occurs when the authority has determined that the contract should be terminated for cause, default or convenience. Also see Termination for Convenience and Termination for Default."
11818,Cancellation Request,"A request, by either party to a purchase agreement, to cancel the contract, often at no cost. Also see Discharge by Mutual Assent, Termination for Convenience and Termination for Default."
11819,Cannibalize,"A term used to describe the disassembly, dismantling, stripping or tearing down of buildings or equipment for salvage components or parts which may be used to repair, assemble, or re-build other equipment. A process used to extend the life cycle of equipment."
13503,CAP Commuter Assistance Program,Program funded by the U.S. Department of Transportation (DOT) which supports numerous congestion-reducing programs in a community in order to achieve the community’s traffic reduction and air quality goals.
11820,Capital Asset,An asset with a life cycle of more than one year with a value of more than a certain prescribed limit set by accounting standards or by governmental policy.
11821,Capital Budget,"A financial statement that estimates expenditures for major assets and an entities long-term financing needs. Governmental capital budgets generally reflect large asset expenditures for equipment and buildings over certain dollar thresholds. (Nash, Schooner, O’Brien, 1998)"
11822,Capital Equipment,"Assets listed on an organization’s accounting records that have value, usually can be depreciated, and are durable. (Schiller, 2000)"
11823,Capital Improvement Plan (CIP),"A multi-year plan that forecasts spending for anticipated capital projects and equipment purchases. A typical CIP includes the following steps: identify proposed projects; evaluate proposed projects simultaneously; produce a planning document that considers both financing sources and the timing of the projects; rank the projects based on agency need and perceived community need, determine net present value and/or internal rate of return on the investment; and analyze source of funding for projects, which may include: pay-as-you-go from current income – grants and debt financing – public/private ventures, including privatization or any other financing source. Also called Capital Improvement Program (CIP)."
11824,Capital Intensive,"Production processes that reflect a high ratio of capital to labor inputs. (Schiller, 2000)"
11825,Capital Lease,CANADIAN A lease that transfers substantially all the benefits and risks incident to ownership of the property to the lessee.
11826,Capital Project Funds,"Monies from revenues on long-term debt that are used to acquire major assets with a useful life of more than one year, which may be financed by some form of long-term debt."
11827,Cardinal Change,"A change that is beyond the scope of the contract, and thus cannot be ordered by the contracting officer under the contract’s change clause. Cardinal changes are breaches of contract. They are outside of the scope of the contract."
11828,Carrier’s Lien,A carrier’s claim on assets pending collection of freight cost or other charges.
11829,Cash Basis Accounting,"A financial managing tool that records income when cash is actually received, and records expenses when cash is paid out. Cash basis accounting does not conform with Generally Accepted Accounting Principals (GAAP) and is generally not considered a good financial management tool because there is a time differential between recording the cause of the action (sale or provision of a service) and its results (payment or receipt of money). Also see Accrual Basis Accounting."
11830,Cash Discount,"A reduction in the full cost of a good or service when payment is made within a specified period of time: e.g. 2% 10 net 30. Also see Discount, Payment Terms and Prompt Payment Discount."
11831,Cash Transfers,"Income transfers that entail direct cash payments to recipients, e.g. Social Security payments, welfare, unemployment benefits. (Schiller, 2000)"
11832,Cataloguing,"CANADIAN The various work processes that have to be performed in identifying, classifying, describing, and stock numbering an item of supply."
13357,CATEGORY TREE PRODUCT CLASSIFICATION,Based upon product or supply market characteristics. Basis for category sourcing strategies.
11833,Cause and Effect Diagrams,"Also known as fish-bone diagrams, they are quality control tools which show the possible cause of a problem. It is an aid to brainstorming and hypothesis generation. (Business, 2002)"
13504,CBD Central Business District,The area of a community with the most intense commercial and business development.
11834,CBO,Community-Based Organisations
11835,CCPPP,See Canadian Council for Public-Private Partnerships.
13642,Censored observation,"An observation is censored if it is only a bound on the actual value that one desires to observe. For example, sales data are usually censored observations of what we would really like to observe: demand data. This is because if a prospective customer sees that we are out-of-stock of the"
11836,Census Bureau,"A federal agency of the U.S. Commerce Department that provides access to census figures that can be helpful for supply management strategic planning. It lists a host of demographic data including median household income, education and population statistics. (www.census.gov)"
11837,Central Accounting System,"CANADIAN Part of the Canadian Government accounting system which collects, authenticates, validates, records, and reports all financial transactions of the Canadian Government."
13643,Central limit theorem,"The result that a sum of random variables has the Normal distribution in the limit as the number of random variables in the sum gets large, as long as the random variables are independent and have bounded variance."
11838,Centralized Purchasing,"An organizational structure where all of the rights, powers, duties and authority relating to purchasing are vested in the Chief Procurement Officer (CPO). While the CPO may often delegate some of these powers to others, the final authority nevertheless reside with the CPO. Example: Individual operating departments are permitted to release materials from blanket orders that have been issued by the Purchasing Department or they may use the agency’s Procurement Card to make individual purchases for their department. Also see Decentralized Purchasing."
11839,Cents per Hundred weight (Cwt.),Transportation/carrier rates are quoted in Cwt. which is determined by dividing the actual weight in pounds by 100.
11840,Certificate of Compliance,A document submitted by a vendor or manufacturer that provides the buyer with a written assurance that the goods or services delivered fulfill the contractual requirements.
11841,Certificate of Damage,"A supply management document prepared by the receiver of goods, establishing that the material delivered and received was damaged and includes a detailed description of the damage and the number of items damaged. May be used to file a damage claim with the carrier."
11842,Certificate of Non-Collusion,"A document that may be required, usually by public purchasers, affirming that the bid/offer is made freely and without collusion with another vendor. Sometimes included in the template of the invitation for bids."
11843,Certificates of Deposits (CDs),"Savings accounts that guarantee a depositor a set interest rate over a specified interval as long as the funds are not withdrawn before the end of the period—generally six months or one to five years. (Business, 2002)"
11844,Certification of Cost and Pricing Data,"Contractor certification that to the best of the contractor’s knowledge and belief, the cost or pricing data submitted was accurate, complete and current as of a mutually determined date prior to the date of the pricing of any contract, change order or modification."
11845,Certified Check,A financial instrument whose value is guaranteed by the financial institution upon which the check is drawn. May be required in lieu of a bid bond as a form of bid guarantee.
11846,Certified Professional in Supply Management (CPSM),A certification issued to qualified individuals by the Institute of Supply Management (ISM). The Certified Professional in Supply Management (CPSM) designation is the newest and enhanced designation for supply management professionals replacing the former Certified Purchasing Manager (C.P.M.) designation.
11847,Certified Professional Public Buyer (CPPB),"A certification program offered by the Universal Public Purchasing Certification Council (UPPCC). This designation certifies competency in the essential areas of public procurement at the buyer level through application and examination. Unlike other certification programs available in the purchasing field, UPPCC certifications are the only programs designed to meet the needs of purchasing professionals employed in the public sector. (www.uppcc.org)"
11848,Certified Professional Purchaser (C.P.P.),A designation issued by the Purchasing Management Association of Canada to those who have achieved specified professional qualifications. The Certified Professional Purchaser (C.P.P.) designation sets the national standard for excellence in supply chain management in Canada. (www.pmac.ca)
11849,Certified Public Procurement Officer (CPPO),"A certification program offered by the Universal Public Procurement Certification Council (UPPCC). This designation certifies competency in the essential areas of public procurement at the supervisory and/or management level through application and examination. Unlike other certification programs available in the purchasing field, UPPCC certifications are the only programs designed to meet the needs of purchasing professionals employed in the public sector. (www.uppcc.org)"
11850,Certified Purchasing Manager (C.P.M.),"A certification issued to qualified individuals by the Institute of Supply Management (ISM). The Certified Purchasing Manager (C.P.M.) designation is globally the most recognized designation for supply management professionals. The program focuses on managerial and leadership skills, plus a variety of specialized functions designed to enhance the value of the profession. (www.ism.ws)"
13445,CFR (Cost and Freight) (...Named Port of Destination),"A Term of Sale where the seller pays the costs and freight necessary to bring the goods to the named port of destination, Terms of Sale but the risk of loss of or damage to the goods, as (continued) well as any additional costs due to events occurring after the time the goods have been delivered on board the vessel, is transferred from the seller to the buyer when the goods pass the ship’s rail in the port of shipment. The CFR term requires the seller to clear the goods for export."
13505,CFR Code of Federal Regulations,Compilation of the rules of the executive department and agencies of the federal government.
11851,CGCS,See Canadian Government Catalogue System.
11852,CGSB,See Canadian General Standards Board.
11853,Chain of Command,"The line of authority that extends from the highest to the lowest levels of an organization. A hierarchical representation of the organization. May be depicted in an organizational chart. (Business, 2002)"
11854,Change Order Authority,"Some public agency contracts include the authority to unilaterally modify the current contract without express consent of the contractor. For example, certain supply contracts allow the agency to exceed purchase quantities within an agreed upon percentage range. Also see Amendment, Authorized Deviation, Change Order, Contract Modification and Modification."
11855,Changes Clause,"A contract clause that specifies the parameters of contract modifications that can be made. Example: Supply contracts typically limit the right to make changes to the method of delivery, place of delivery, or work statements (specifications)."
11856,Channel of Distribution (or Marketing Channel),"A sequence of marketing organizations that directs a product from the producer/manufacturer to the ultimate user/consumer. (Business, 2002)"
11857,Charette Process,"A public forum where the agency seeks the public’s input and to inform them of ideas and plans generally in upcoming construction projects. The public, as well as directly affected stakeholders, have the opportunity to voice their opinions and concerns during the development of the project scope of work and specifications in an effort to arrive at an optimum plan."
11858,Charge-Back,The process of charging the using agency for materials and supplies withdrawn from inventory or from a central stocking location.
11859,Chattel,"An article of personal, movable property."
11860,Checklist,"A form or table included in a solicitation document that identifies all critical information needed to fully comply with all of the requirements of the bidder to make a proper offer. (Harney, 1992)"
11861,Chief Procurement Officer (CPO),The person holding the position as head of the purchasing office in the agency or jurisdiction.
13644,Chimney stacked pallet,"A skid/pallet stacked so that all items have at least one face on the outside. This may leave an empty vertical core so that the skid looks like a chimney. The customer (e.g., a retailer) of the skid may request this form of stacking, so that the pallet can be quickly checked for contents when it arrives at the customer. There are no items hidden on the inside that can be seen only after the skid has been broken down."
11862,CIDB,Construction Industry Development Board
13446,"CIF (Cost, Insurance and Freight) (...Named Place of Destination)",A Term of Sale where the seller has the same obligations as under the CFR but also has to procure marine insurance against the buyer’s risk of loss or damage to the goods during the carriage. The seller contracts for insurance and pays the insurance premium. The CIF term requires the seller to clear the goods for export.
13448,CIP (Carriage and Insurance Paid To) (...Named Place of Destination),"A Term of Sale which means the seller has the same obligations as under CPT, but with the addition that the seller has to procure cargo insurance against the buyer’s risk of loss of or damage to the goods during the carriage. The seller contracts for insurance and pays the insurance premium. The buyer should note that under the CIP term the seller is required to obtain insurance only on minimum coverage. The CIP term requires the seller to clear the goods for export."
11863,CIPA,China Investment Promotion Agency
11864,CIPS,See Chartered Institute of Purchasing and Supply.
11865,Circular A-76 (OMB),The U.S. Office of Management & Budget (OMB) issued Circular A-76 which sets forth a methodology for conducting a make-or-buy decision including how to compute costs and how to make a cost comparison.
11866,Civil Law,A reference to that body of law affecting the relationship among individuals. Contract law is an example of civil law.
11867,Clarification,"A communication with an offeror for the sole purpose of eliminating minor irregularities or apparent clerical mistakes in a proposal; may be initiated by either offeror or purchaser; does not give offeror an opportunity to revise or modify its proposal, except to the extent the correction of apparent clerical mistakes results in revision."
11868,Class Award,See Award by Group.
11869,Class Code Number,"CANADIAN The number that identifies a property class which covers a relatively homogeneous grouping of commodities, grouped together with respect to their similarity of physical or performance characteristics, or grouped together since they are usually requisitioned, stored, and issued together."
11870,Clayton Act (The Clayton Anti-Trust Act) (U.S. Law),A 1914 supplement to the Sherman Anti-Trust Act. Regulates general business practices that may be detrimental to fair competition. Some of the business practices regulated by the Clayton Act are: price discrimination; exclusive dealing contracts; mergers and acquisitions and interlocking directorates. Also see Sherman Antitrust Act and Price Fixing.
13418,Clean,A letter of credit that requires the beneficiary to present only a draft or a receipt for specified funds before receiving payment.
13386,Clean B/L,A B/L which bears no superimposed clause or notation which declares a defective condition of the goods and/or the packaging.
11871,Clerical Mistake,A mistake of a contractor in a bid or proposal that results from a clerical error; often referred to as a “minor irregularity.” Such mistakes usually may be corrected within a specified period. Examples may include the misplacement of a decimal point or the reversal of prices.
11872,Click-and-Ship,"A sales operation where customers order products online and the product is shipped directly to the customer. On-line ordering of products used to facilitate Just-in-Time procurement. May be referred to as “Point-Click-Buy-Ship”. (Jansen, 2002)"
11873,Client Agency,"Identifies the name and address of the organization on whose behalf the bid request has been submitted. (Summit Magazine, On-Line)"
11874,Client/Server,"A relationship in which one computer program requests information from another computer program. The design model for applications running on a network. (Jansen, 2002)"
13645,CLM (Council of Logistics Management),Not-for-profit organization for professionals interested in logistics management. See http://www.clm1.org
11875,Closed Corporation,"A corporation whose stock is owned by relatively few people and is not sold to the general public. (Business, 2002)"
11876,Closing Date/Time,Refers to the date and time for bid closing. The latest date and time a bid will be accepted by the entity. Bids received after the closing time will be rejected as non-responsive.
11878,Co-Development,"Systems or subsystems cooperatively designed and developed in two or more countries. Shared responsibilities include design and engineering, and may be expanded to include applied research."
13656,Co-op advertising,"Advertising in which a retailer and a supplier share the cost of retail advertising. The reason for the sharing is that both the retailer and the supplier benefit from the advertising. Without the sharing, the retailer would advertise too little."
13646,Coase’s law,"Due to Ron Coase, states that a firm will get large in a vertically integrated sense , or do more activities internally rather than outsourcing them to the extent that it is cheaper to do the activities inhouse. Coase was originally impressed by the extreme vertical integration of firms such as Ford in the early 1900’s. Coase paid particular attention to three kinds of transaction costs associated with outsourcing an activity: 1) Search costs, finding an acceptable supplier, 2) Contracting costs, the cost of managing the contract, and 3) Coordination cost (e.g., how to efficiently share the right information). Coase was a professor at the University of Chicago Law School and won a Nobel Prize for this work."
13647,COD (Cash on Delivery),"An arrangement whereby the buyer pays for the goods upon delivery, in contrast to FOB."
11879,Code of Federal Regulations (CFR),The codification of the general and permanent rules published in the Federal Register by the Executive departments and agencies of the United States Federal Government.
13648,Code sharing,"An airline practice in which two airlines (e.g., United and Lufthansa) sell tickets for the same flight (product code), usually an intercontinental flight. United will market the flight in the U.S. Lufthansa will market it in Europe."
13649,COGS (Cost of Goods Sold),"An estimate of the cost of the goods sold in a period. This estimate may vary depending upon such things as whether LIFO rather than FIFO is used in accounting for inventory. Combinatorial auction: An auction in which bidders may bid on combinations of objects as well as individual objects. For example, if a buyer needs 500 square meters of contiguous space and the seller is selling a number of properties, each with 250 square meters of space, the buyer would bid on a pair of adjacent properties."
11880,Coincident Indicator,"A measure of economic activity that changes concurrently with changes in the business cycle. (ISM, 2000)"
11881,Coinsurance Clause,"A part of a fire insurance policy that requires the policyholder to purchase coverage at least equal to a specified percentage of the replacement cost of the property to obtain full reimbursement for losses. (Business, 2002)"
11882,COLA,See Cost-of-Living-Adjustment.
11883,Collaborative Learning System,"A work environment that allows problem-solving participation by all team members. Used by procurement managers to obtain a more participatory work environment. (Business, 2002)"
11884,Collusion,When two or more parties act together secretly to achieve a fraudulent or unlawful act. May manifest itself in the form of bid collusion when bidders secretly agree to unlawful practices regarding competitive bidding. May inhibit free and open competition in violation of antitrust laws. Also see Identical Bid.
11885,Collusive Bidding,A secret agreement among bidders/offerors to circumvent laws and regulation when submitting bids and offers in an attempt to win contracts by illegal means or methods.
11886,Combination Design and Performance Specification,"Specifications that incorporate, to the degree necessary, the attributes of both design and performance specifications."
13433,Combination Passenger and Cargo Vessels,Ships with a capacity for 13 or more passengers and any form of cargo or freight.
13387,Combined B/L,B/L that covers cargo moving over various transports.
11887,Combustible Liquid,"Any liquid having a flash point above 100 and below 200 degrees Fahrenheit as defined by the U.S. Department of Transportation (DOT). May create inventory and supply management issues. (Miller, 2006)"
11888,Command Economy,"A mode of economic organization in which key economic functions (what, how, and for whom) are principally determined by government directive. Sometimes called a centrally planned economy. (Schiller, 2000)"
11889,Commerce Business Daily (CBD),"A daily publication of the United States Department of Commerce listing U.S. Government solicitations, contract awards, subcontracting leads, sales of surplus property and foreign business opportunities. (U.S. Department of Commerce)"
11890,Commercial Law,"Principles and rules by which rights and obligations in commercial business transactions are determined, as found in the Uniform Commercial Code. (NASPO, 2001)"
11891,Commission Merchant,An agent or broker who buys or sells goods for others in return for a commission.
11892,Commitment Authority,"CANADIAN The authority delegated to appropriate officers to confirm before a commitment is entered into, as required under financial authority, that there is a sufficient unencumbered balance to discharge such commitment."
11893,Commodity Classification,"The schema that identifies commodities according to type, class, size, composition, or manufacturer."
11894,Commodity Group,"A grouping of related items, all of which can be further refined into additional commodity classes within the commodity group."
11896,Common Market,"A regional market with common external tariffs and free flow of labor and capital, without internal tariffs. (ISM, 2000)"
11897,Common Stock,"Stock owned by individuals or firms who may vote on corporate matters, but whose claims on profit and assets are subordinate to the claims of others. (Ferrell, Hirt, 2003)"
11895,Commonality,A quality that applies to materiel or systems possessing like and interchangeable characteristics enabling each to be utilized or operated and maintained by personnel trained on the others without additional specialized training; and/or having interchangeable repair parts and/or components. Applies to consumable items interchangeable without adjustment.
11898,Comparable Worth,"A concept that seeks equal compensation for jobs requiring the same level of education, training and skills. (Business, 2002)"
11899,Compensable Delays,"Compensation received by a contractor for increased cost as a result of a delay when the agency orders work to be suspended. Example: The agency hires a construction company to begin work on a new highway bridge. During the excavation portion of the project, the contractor found the remains of Indian artifacts and the project was put on hold until archeologists could assess the situation and collect the artifacts. As a result of this delay, which was ordered by the agency, this was a compensable delay to the contractor."
11900,Compensating Provision,Actions that are available or can be taken by an operator to negate or mitigate the effect of a system failure.
11901,Competent Parties,"Persons legally capable of entering into a contract. Must be of legal age, not be insane, etc. For a contract to be valid, both parties must be in a position to enter into a contract and be capable of doing so. (ISM, 2000)"
11902,Competition Code,CANADIAN A code describing whether or not the award process was competitive.
11903,Competitive Bid Solicitation,CANADIAN Solicitation of two or more qualified sources by invitation or public notice for the same requirements.
11904,Competitive Contract,CANADIAN A contract where the process used for the solicitation of bids assures that a reasonable and representative number of suppliers are given an opportunity to bid.
11905,Competitive Intelligence (CI),"CANADIAN Involves gathering and analyzing information about customers, competitors and the marketplace to support successful business decisions. (Summit Magazine, On-Line)"
11906,Competitive Market,"A particular market in which no buyer or seller has an advantage or possesses market power over a product or service. (Schiller, 2000)"
11907,Competitive Negotiations,"A procurement method for obtaining goods, services and construction for public use in which discussion and negotiations may be conducted with responsible offerors who submit responsive proposals. Also see Competitive Sealed Proposal."
11908,Competitive Proposals,A procedure used in negotiated procurement that concludes with awarding of a contract to the offeror whose offer is most advantageous to the government.
11909,Competitive Range,"That group of proposals, as determined during the evaluation process for competitive negotiation, which includes only those offerors considered to have a reasonable chance of being selected for award and who are therefore chosen for additional discussions and negotiations. Proposals not in the competitive range are given no further consideration."
11910,Competitive Re-engineering,"An outsourcing issue that allows the employees of a public agency the opportunity to re-design their work process in order to achieve efficiency and cost savings. This may be done prior to subjecting the targeted work function to competition against private contractors. (Business, 2002)"
11911,Competitive Sealed Bidding,"Preferred method for acquiring goods, services, and construction for public use in which award is made to the lowest responsive and responsible bidder, based solely on the response to the criteria set forth in the IFB; does not include discussions or negotiations with bidders. May also be referred to as formal advertised bid. Also see Formal Bid."
11912,Competitive Sealed Proposals,See Competitive Negotiation. Also see Competitive Sealed Bidding.
11913,Completion Bond,See Performance Bond.
11914,Completion Payment,Payment made upon successful completion of the work.
11915,Compliance Audit,"An audit conducted to determine the degree of compliance with established procedures and policies relative to accounting, financial and business processes."
11916,Composite Sample,A sample obtained by mixing together equal portions from several parts of the lot.
13650,Compound Poisson Distribution,"A generalization of the Poisson distribution. It is representative of a demand process in which the number of orders in a specified period has a Poisson distribution, but additionally, the number of units requested in each order is also a random variable having some specified distribution. If θ = mean number of orders received in a period and the number of units requested in each order has mean µ and standard deviation σ, then the number of units requested per period has mean θµ and variance θ(µ2 + σ 2). If θj is the mean number of orders of size j in a period, and Pn is the probability of total demand in units being equal to n in a period, then:"
11917,Compounding,The process of increasing the future worth of a present amount. An application of the principle that future worth is greater than present worth when viewed from the future as a result of the payment of interest
11918,"Comprehensive Environmental Response, Compensation and Liability Act (CERCLA)","This Act defines hazardous waste as “toxic, ignitable, corrosive, or dangerously reactive substances”. Under the CERCLA, a “generator” is an organization that uses or produces hazardous waste. Federal law stipulates that generators are responsible for the safe use and handling from the time the hazardous waste is created until it is completely destroyed. This “cradle to grave” responsibility, which cannot be delegated, includes the packaging used to transport the materials. Under the CERCLA, a “shipper” is a transporter licensed by transportation departments of federal and state environmental protection agencies to dispose of hazardous waste. Example: The proper disposal of old automobile tires, automobile car batteries, fluorescent light tubes, personal computers, televisions, photocopy machines and other hazardous items. This law was originally created to tax the chemical and petroleum industries. The tax is used by a broad federal authority to clean up abandoned or uncontrolled hazardous waste sites. The law provides 1) short term removal and 2) long term remedy that permanently reduces danger. Also referred to as the Superfund."
11919,Comptroller,The individual within an organization who is responsible for the organization’s accounting and financial management functions.
12907,Computer Science,"A standard procedure for regulating data transmission between computers. (Heritage Dictionary, 2007)"
11920,Conceptual Skills,"The ability to think in abstract terms. (Ferrell, Hirt, 2003)"
11921,Concession Model,"Agency contracts with a person, group or company to run a portion of a government-owned facility such as the selling of food at the snack bar in an agency-owned ice skating rink. Also see Public Private Partnership."
13651,Condo,A long distance trailer tractor that has a bunk for sleeping.
11922,Confidential Information,"Information, such as trade secrets or test data, which is made known only to those who need to know, only because of a compelling reason. Such information must be protected and is not a matter of public knowledge. Best practice would require that such information be clearly identified and labeled. Also see Proprietary Information and Trade Secret. (Harney, 1992)"
11923,Configuration Identification,"The process of establishing and describing the contractual baselines; e.g., identification of Configuration Items (CIs)."
11924,Configuration Item (CI),"An aggregation of hardware, firmware, computer software, or any of their discrete portions, which satisfies an end-use function and is designated by the government for separate configuration management. CIs may vary widely in complexity, size, and type, from an aircraft, electronic or ship system, to a test meter or round of ammunition. Any item required for logistics support (LS) and designated for separate procurement is a CI."
11925,Configuration Management (CM),"The technical and administrative direction and surveillance actions taken to identify and document the functional and physical characteristics of a Configuration Item (CI), to control changes to a CI and its characteristics, and to record and report change processing and implementation status. It provides a complete audit trail of decisions and design modifications."
11926,Confirmation Order,"A purchase order issued to a supplier, listing the commodities and terms of an order placed verbally, or otherwise, in advance of the issuance of the purchase order. Also see Confirming Purchase Order."
13419,Confirmed,"An L/C guaranteed by both the issuing and advising banks of payment so long as seller’s documents are in order, and the L/C terms are met.Only applied to irrevocable L/C’s. The confirming bank assumes the credit risk of the issuing bank."
11927,Confirming Purchase Order,"A purchase order issued after the fact restating the same terms originally placed orally, or by some other informal means. Also see Confirmation Order."
11928,Conflict Resolution,"A process leading to resolve a contractual conflict or opposition such as the public agency’s policy to try to resolve by mutual agreement all contractual issues in controversy. These procedures may include such actions as fact-finding, negotiation, facilitation, mini-trials, mediation or arbitration."
13652,Conjoint analysis,"A method for approximating the utility function of a typical customer for a class of products. Products in the class are assumed to be completely described by a set of factors or attributes such as length of warranty, wheelbase, fuel efficiency, etc. The total attractiveness or utility of a product is then assumed to be a weighted sum of these factor levels. The purpose of conjoint analysis is to find an appropriate set of weights. The usual method is to show each of a large number of consumers two or more different products and ask each consumer to rank the products by attractiveness. Linear programming can then be used to find a set of weights that are as consistent as possible with these rankings."
11929,Consequential Damages,"The loss of revenues and/or profits incurred by a purchaser as a result of a seller’s breach; may involve injury to a person or property, including loss of life or business. (ISM, 2000)"
11930,Consequentialism,An ethical decision-making model which calls attention to all stakeholders and requires the decision maker to predict the likely results of an act and weigh the good it will produce against the harm it will cause.
11931,Consignment Buying,"A method of procurement in which a supplier maintains inventory on the premises of the purchaser. The purchaser’s obligation to pay for the goods begins when goods are drawn from the stock. (ISM, 2000)"
11932,Consignor,A person or company that ships goods to another (the shipper).
13388,Consolidated B/L,B/L combined or consolidated from two or more B/L’s.
11933,Consolidated Purchasing,See Joint Administrative Purchasing.
13653,Constant sum game,See Zero sum game.
11935,Construction,"The process of utilizing labor to build, alter, repair, improve, or demolish any structure, building or public improvement; generally does not apply to routine maintenance, repair, or operation (MRO) of existing real property."
11936,Construction Management,"A method of acquiring construction in which the public agency contracts with a construction manager to assist in project design and construction. The construction manager may act as the agent for the government in assisting in the award of contracts for elements of the project. (Nash, Schooner, O’Brien, 1998)"
11937,Construction Manager at Risk (CMR),"An alternative procurement method that allows the client to choose the Construction Manager based on qualifications. The entire operation is centralized under a single contract before the design stage is complete. The CM gives the client a guaranteed maximum price, and coordinates all subcontract work. Speed of the project and strengthened coordination is achieved between the Architect/Engineer and the CM resulting in cost savings. There is also a strong allegiance between the CM and the client since the client hired the CM. Finally, transparency is enhanced, because all costs and fees are in the open, diminishing adversarial relationships between components working on the project, while at the same time eliminating bid shopping. The CM is an alternative procurement method that still retains enough of the design-bid-build process that is assuages some client’s fears concerning design-build."
11934,Constructive Change,A contract change without formal written authority
11938,Constructive Suspension,"An action in which an agency is responsible for a work stoppage without a contract suspension. Examples include agency convenience, funding delays, and delays that include issuance of the notice to proceed or change orders, site availability, inspection or approvals. A contractor may be entitled to compensation for increased costs after consideration and documentation of a constructive suspension."
11939,Consulting Services,"Services of an advisory nature required to support policy development, decision-making, administration, or management of a business or public entity; generally provided by individuals or organizations who possess specific knowledge, technical skills or unique abilities not usually available in-house or from within the entity. Also see Consultant."
11940,Consumable Item,CANADIAN Materiel that is expended or consumed in use and for which no records are maintained after issue.
11941,Consumer,"Those individuals that satisfy their wants and desires by consuming a good or a service. (Schiller, 2000)"
11942,Consumer Grade Product,A product designed and sold by the manufacturer intended to be used for personal use; products intended for intermittent use by the consumer. Example: Conair makes a consumer grade product hair dryer that is intended to be used occasionally by the consumer for up to 20 minutes per day and it also makes a commercial grade product hair dryer that is used professionally by hair cutting salons for frequent and continuous use throughout the 12 hour business day. Manufacturers may indicate “household use only” on the product’s label to inform the user of the product’s intended use and performance expectancy. Also see Commercial Grade Product.
11943,Consumer Product Safety Commission (CPSC),"Independent federal agency created in 1972 to develop and enforce product standards, conduct research, and inform consumers to ensure their safety in the use of consumer products. For recall notices see www.cpcs.gov (ISM, 2000)"
11944,Consumerism,"All activities undertaken to protect the rights of consumers. (Business, 2002)"
11945,Consumption,"Expenditures by consumers on final goods and services. The using up of goods and services by consumer purchasing. Consumer spending on goods and services produced by the economy in a given period. In macroeconomics, the total spending, by individual or a nation, or consumer goods during a given period. (Schiller, 2000)"
11946,Consumption Rate,The pace at which items are used or expended during a given time interval.
13470,container freight station,"The facility for stuffing and stripping a container of its cargo, especially for movement by railroad."
11947,Containerization,"The process of packing goods in very large, separate containers (sometimes referred to as “cubes”) for shipment to a final destination. Container shipment may be via ship, rail or truck."
11948,Contingent Fee,"A commission, percentage or other fee that is conditional upon the success that a person or concern has in securing a contract."
11949,Continuity of Operations Plan (COOP),"A detailed strategy developed to ensure the continuation of essential functions during an emergency that result in the inability of the organization to provide essential services to its constituents. The COOP must be a fluid and dynamic plan capable of being immediately adjusted and modified depending on the situation. A well-developed COOP addresses the people, processes, systems, and infrastructure elements that will be needed to continue to perform essential functions during a disaster or emergency situation. Also referred to as Business Continuity Plan."
11950,Continuous Improvement,"A process for improving an organization’s performance along several criteria, particularly quality, over a period of time. An outcome generally included in a total quality management program. Also see Total Quality Management (TQM). (Burt, Dobler, Starling, 2003)"
13341,"CONTRACT - Any written instrument or electronic document containing the elements of offer, acceptance, and consideration to which an agency is a party. A contract can be written or verbal. It is an agreement between two or more parties to perform specific acts and is enforceable by law. The six prerequisites for a legally binding contract are",agreement (offer and acceptance); consideration (the payment of a sum of money etc.); capacity (being of legal age and sound mind to enter legal relations); intention (the parties to the contract intend to enter legal relations); formalities (representation in writing) and certainty.
11952,Contract A – Bid Contract,CANADIAN A legally binding obligation formed between an “owner” (purchaser) and a bidder based on the submission of a responsive bid in a competitive process. Also known as submission of price.
11954,Contract Acquisition Plan,See Contract Administration Plan (CAP).
11956,Contract Action,An action resulting in a contract or a modification to a contract.
11955,Contract Adjusted Amount,CANADIAN The dollar value for a contract reflecting adjustments made for changes such as foreign currency fluctuations or inflation.
11957,Contract Administration Plan (CAP),"A planning tool that provides the framework for effective contract administration with an emphasis on process, output and outcome. The length and detail of the CAP depends on the complexity and potential risk of the contract. Also referred to as Contract Acquisition Plan."
11958,Contract Administration Team,"A cross-functional team comprised of such members as the procurement contracting officer, subject matter expert, IT, engineering, legal advisers, price and cost analysts, quality assurance specialists, contracting officer’s representative who all offer their expertise to the contract. Such a team is generally used on complex projects. This team may also assist in resolving conflict that arises during the contract performance."
11960,Contract Amendment,"CANADIAN An agreed addition to, deletion from, correction or modification of a contract. Also see Contract Modification."
11961,Contract Amount/Value,CANADIAN Total dollar amount negotiated between buyer and seller and identified in the contract for purchase of services.
11962,Contract Award,The final agreement on the terms and conditions of a contract between a buyer and seller.
11953,Contract B – Traditional Contract,CANADIAN Formed between the government or agency (Owner) and the successful bidder when the agency formally accepts a Bid.
11963,Contract Ceiling,"Maximum amount available for payment of cost and fee, which the contractor cannot exceed without approval of the purchasing authority."
11964,Contract Commencement Date,"The date on which all parties accept a contract thereto; the date of contract award. Maybe referred to as contract date. (Harney, 1992)"
11965,Contract Completion Date,CANADIAN The date that the contract was closed in the financial accounts.
11966,Contract Definition,"A funded effort, normally by two or more competing contractors, to establish specifications, select technical approaches, identify high-risk areas, and make cost and production time estimates for developing large weapons systems."
11967,Contract Extension,"An action to change and extend a contract termination date pursuant to a provision in the scope of work and upon written mutual agreement by both parties. Reasons for a contract extension include: an excusable delay, a contractor’s acceptable performance record, unused allocated funding, or agency need for continued service until a new contract is in place. Extension should be based on sound legal advice so as to avoid challenges by other interested vendors. A contract extension is not the same as a contract renewal. Also called Extension of Contract."
11969,Contract Goals,A term generally used in construction projects in seeking a good faith effort on the part of the prime contractor to have a certain level of minority subcontracting participation in the agency’s project. Also see Goals and Set-Asides.
11975,Contract Number,An alpha-numeric code which uniquely identifies a contract.
11976,Contract Original Amount,CANADIAN The original award value for a contract.
11977,Contract Planning,"The process by which the efforts of all personnel responsible for an acquisition are coordinated and integrated through a comprehensive plan for fulfilling the needs of the government in a timely manner and at a reasonable cost. (Federal Acquisition Institute, 1999, p.6-6)"
11978,Contract Rates,"Agreed upon transportation rates between a shipper and a carrier. (NASPO, 2001)"
11979,Contract Record,A report providing detailed information regarding the orders or releases placed for delivery of goods against a contract so the volume of contract purchases can be determined.
11980,Contract Renewal,"– A renewal clause allows an agreement to continue for a defined period if the existing agreement isn't renegotiated within a specified time measured from the expiration of the current contract. The term of renewal depends on the specific contract language, but such clauses generally provide that the contract shall be automatically renewed for the same period (or some lesser term) unless either party, at some stipulated and predetermined time (i.e., 60 days before expiration), gives notice to the other of its desire to end the agreement."
11981,Contract Signing Authority,"CANADIAN The authority delegated to occupy a position, that is, the incumbent of a position, to sign on his/her behalf contract, contract amendment or Standing Offer documents after ascertaining that the approval authority has been duly granted and ensuring that the terms and conditions written in the documents reflect those approved by the contract approval authority. (Summit Magazine, On-Line)"
11982,Contract Standing Orders/CSOs,Internal rules governing the award of contracts at the Council (previously referred to as the Contracts Code)
11983,Contract Status Code,CANADIAN A code assigned to each milestone in the procurement process.
11959,"Contract, Amended Amount",CANADIAN Total cost in Canadian dollars of the contract reflecting the cumulative impact of the original amount and all contract amendments.
11968,"Contract, Fixed-Price Type","A type of contract that provides for a firm price to the government, or in appropriate cases, an adjustable price. See Contract, Firm Fixed Price (FFP) and Contract, Fixed-Price Incentive Firm (FPIF)."
11984,Contracted Delivery Date,CANADIAN The date agreed to under the terms and conditions of a contract.
11985,Contracting Authority,CANADIAN The authority delegated to persons for entering into and approving contracts and arrangements.
11986,Contracting Officer,"A person with the authority to enter into, administer, and/or terminate contracts, and make related determinations and findings."
11987,Contracting Out,"The process of having services performed by private contractors rather than by employees of the public agency. Also see Outsourcing and Insourcing. (Harney, 1992)"
11970,"Contractor Owned, Contractor Operated (COCO)","A manufacturing facility owned and operated by a private contractor performing a service, under contract, for the government."
11971,Contractor Performance Reporting,Method requiring periodic accounting and reporting by the contractor on performance under contract to date.
11972,Contractor Support,An overarching term that applies to a contractor’s materiel and/or maintenance support for a system. See Contractor Logistics Support (CLS) and Interim Contractor Support (ICS).
11973,Contractor-Acquired Property,"Property procured or otherwise provided by the contractor for the performance of a contract, title to which is vested in the government."
11974,Contractor-Furnished Equipment (CFE),"Standard items of hardware, electrical equipment, and other standard production or commercial items (CIs) furnished by a prime contractor as part of a larger assembly."
11988,Contractor's Proposals,"The document used in a tender process which sets out questions for the suppliers to answer which help us understand how you intend to provide the goods or services (see also ""Method Statement"")"
11989,Contracts Canada,"CANADIAN An inter-departmental initiative to improve supplier and buyer awareness and simplify access to Federal Government purchasing information. (Summit Magazine, On-Line)"
11990,Contractual Arrangement,"CANADIAN An agreement between a contracting authority and entity of the Crown (e.g. Crown corporations, provincial governments or municipalities) to provide a good, perform a service, construct a work or to lease real property, for appropriate consideration. These types of agreements are not contracts in the true sense but are still subject to certain limits or constraints imposed by the Treasury Board."
11991,Contralesa,Congress of Traditional Leaders of South Africa
13358,Contribution to margin is computed by,Actual Department Gross Margin % x Department % of Total Store Sales.
11992,Control Account (CA),A management control point at which budgets (resource plans) and actual costs are accumulated and compared to earned value for management and control purposes. A control account is a natural management point for planning and control because it represents the work assigned to one responsible organizational element on one program work breakdown structure (WBS) element.
13654,Control chart,"A simple graphical and statistical procedure for helping to discover controllable aspects of a production process, so as to help produce a less variable product. A typical application of a control chart is to measure the quality (e.g., weight, diameter, etc.) of individual products as they exit the production process. The units are grouped into batches of size 4 or 5. The mean and standard deviation are computed over say the first 20 batches. A chart is then constructed with a center line at the mean and upper and lower limits at plus and minus three standard deviations. The qualities of subsequent batches are then plotted on this graph. One looks for patterns in this graph, in particular trends. If such a pattern is discovered, it is probably an indication that there is something systematic going in the process (e.g., a tool is becoming loose, etc.) Thus, there is an opportunity and motivation to identify this cause, eliminate it, and thus produce a more predictable quality level. Variations and generalizations of this methodology are sometimes called statistical process control."
11993,Controlled Items,"CANADIAN Items of supply that are both accountable items or non-accountable items, which for administrative purposes, require special controls beyond those normally employed."
11994,Convenience Product,"A relatively inexpensive, frequently purchased item for which buyers want to exert only minimum effort to obtain. (Schiller, 2000)"
11995,Conversion,"The transformation of materials into economic goods and services. Manufacturing is a conversion activity. (Schiller, 2000)"
11996,Conversion Costs (One-Time Conversion Costs),Costs that are incurred due to change in service delivery from in-house to a privatized contract. They may be either personnel related or material related. Personnel related costs can include accrued annual and sick leave benefits owed public employees and any other severance type costs. Material related costs can include costs associated with the preparation and transfer of facilities or equipment to the contractor or other costs such as: penalties for terminating leases and the costs of maintaining underutilized facilities or equipment until they are sold or leased.
11997,Convertibility,"The ability to exchange a country’s currency for currencies of other nations. (Schiller, 2000)"
13655,CONWIP (Constant Work in Process),"a style of operating a production line so that the WIP remains constant. Initially a fixed number of units are released into the line. Subsequently, an additional unit is released to the line only when a unit finishes. This terminology and method was popularized by W.J. Hopp and M. L. Spearman. Note its similarity to a base stock policy and kanban."
11998,COOP,See Continuity of Operations Plan.
11999,Cooperative Agreement,A federal grant to support a joint federal/state program in which the grantor (Federal Government) and the grantee (state government) share in the management decisions about the funded activity.
12000,Cooperative Problem-Solving,An alternative dispute resolution (ADR) technique which is one of the most basic methods of dispute resolution. This informal process usually does not use the services of a third party and typically takes place when the concerned parties agree to resolve a question or issue of mutual concern. It is a positive effort by the parties to collaborate rather than compete to resolve a dispute.
12001,Cooperative Supply,"CANADIAN Federal, provincial or local governments may, where it is advantageous for them to do so, provide goods and services to each other. (Summit Magazine, On-Line)"
13658,Core of a game,"Given a set of cooperating players (e.g., a manufacturer, a wholesaler, and a retailer) an allocation of profits or costs is said to be in the core if no individual or subset of individuals can do better by themselves. For example, suppose customers A, B, and C need to have material delivered."
12002,Corporate Bond,"A corporation’s written pledge that it will repay a specified amount of money, with interest. (Business, 2002)"
12003,Corporate Charter,"A contract between the corporation and the state, in which the state recognizes the formation of the corporation as being endowed by law with the rights and liabilities of an individual. (Ferrell, Hirt, 2003)"
12004,Corporate Culture,"The rites, rituals, heroes, stories, history and values of an organization. (Business, 2002)"
12005,Corporate Officers,"The chairman/chairwoman of the board, president, executive vice presidents, corporate secretary, and treasurer, or any other top executives appointed by the board of directors. (Business, 2002)"
12006,Corporate Stock,"Shares of ownership in a corporation. (Business, 2002)"
12007,Corporation,"A body formed and authorized by law to act as a single person, with most of the legal rights of a real person, including the rights to start and operate a business, to buy or sell property, to borrow money, to sue or be sued, and to enter into binding contracts. A legal entity owned by stockholders whose liability is limited to the value of their stock. (Business, 2002)"
13389,Corrected B/L,B/L requiring any update which results in money –or other financially related changes.
12008,Correction (Prison) Industries,"An organization established to sell/market products manufactured, fabricated or assembled by incarcerated persons in penal systems operated by a public entity."
12009,Corrective Maintenance,"All actions performed as a result of a failure to restore an item to a specified condition. Corrective maintenance can include any or all of the following steps: localization, isolation, disassembly, interchange, reassembly, alignment, and checkout."
13657,Correlation,"A statistic, between –1 and +1 that measures the extent to which to random variables move together. For example, if X is larger than the mean implies that Y is larger than the mean, then X and Y will tend to be positively correlated, whereas if X is larger than the mean implies that Y is smaller than the mean, then X and Y will tend to be negatively correlated. Mathematically, the correlation is defined by Covariance(X,Y)/[Variance(X)*Variance(Y)]0.5."
12010,Cost,"The actual expenses incurred in delivering a product, service, or construction; includes both direct and indirect costs, but does not include fee or profit for the vendor."
12021,Cost (Pricing) Data,"Factual information about the actual or estimated costs of labor, material, overhead and other cost elements which are expected to be incurred by the contractor in performing the contract and which are allowable and allocable."
12011,Cost Adjusted,"CANADIAN The dollar value of materiel items adjusted for upgrades, deterioration in condition, or other changes."
12012,Cost Analysis,"The review and evaluation of cost data for the purpose of arriving at costs actually incurred or estimates of costs to be incurred. A cost analysis should be employed when price analysis is impractical or does not allow a purchaser to reach the conclusion that a price is fair and reasonable. Cost analysis is most useful when purchasing nonstandard items and services. Also see Cost Breakdown. (Burt, Dobler, Starling, 2003)"
12013,Cost Analysis Improvement Group (CAIG),"Organization established to conduct independent cost estimates for major defense acquisition programs (MDAPs) and to serve as the principal advisor to the appropriate Milestone Decision Authority (MDA) on matters of program life-cycle cost (LCC). Reports to the Office of the Secretary of Defense (OSD), Director for Cost Assessment and Program Evaluation (CAPE)."
12014,Cost Analysis Requirements Description (CARD),"A description of the salient features of the acquisition program and of the system itself. It is the common description of the technical and programmatic features of the program that is used by the teams preparing the Program Office Estimate (POE), Component Cost Estimate (CCE), and independent Life Cycle Cost Estimates (LCCEs)."
12015,Cost as An Independent Variable (CAIV),"- Methodology used to acquire and operate affordable  defense systems by setting aggressive, achievable Life Cycle Cost (LCC) objectives and managing achievement of these objectives by trading off performance and schedule as necessary. Cost objectives balance mission needs with projected out-year resources, taking into account anticipated process improvements in both defense and industry."
12016,Cost Breakdown Structure,"A system for subdividing a program into hardware elements and subelements, functions and subfunctions, and cost categories to provide for more effective management and control of the program."
12017,Cost Cap,- The maximum total dollar amount DoD is willing to commit for acquiring a given capability. A cost cap consists of program acquisition costs only and is maintained in constant dollars. Cost caps are applied to selected baseline programs.
12018,Cost Center,- A field activity subdivision or a responsibility center for which costs identification is desired and which is amenable to cost control through one responsible supervisor.
12019,Cost Containment,"A detailed plan to hold costs and purchase prices within certain target limits over a period of time. (ISM, 2000)"
12020,Cost Contract,A cost-reimbursement contract in which the contractor receives no fee. See Cost-Reimbursement Contract.
12022,Cost Drivers,"The factors and forces that influence the nature and level of cost incurred by an enterprise. (ISM, 2000)"
12023,Cost Estimating Methodologies,1.) Comparison/analogy. 2.) Parametric. 3.) Detailed engineering/bottom up. 4.) Extrapolation from actuals.
12024,Cost Estimating Relationship (CER),"A mathematical relationship that defines cost as a function of one or more parameters such as performance, operating characteristics, physical characteristics, etc."
12025,Cost Growth,"A term related to the net change of an estimated or actual amount over a base figure previously established. The base must be relatable to a program, project, or contract and be clearly identified, including source, approval authority, specific items included, specific assumptions made, date, and the amount."
12026,Cost Incurred,A cost identified through the use of the accrual method of accounting.
12027,Cost Model,A compilation of cost estimating logic that aggregates cost estimating details into a total cost estimate.
12028,Cost Objective,"A function, organizational subdivision, contract, or other work unit for which cost data are desired and for which provision is made to accumulate and measure the cost of processes, products, jobs, capitalized projects, and so forth."
12035,Cost of Goods Sold,"The dollar amount equal to beginning inventory plus net purchases less ending inventory. (Schiller, 2000)"
12037,Cost or Pricing Data,All facts which prudent purchasers and vendors would reasonably expect to affect price negotiations significantly.
12038,Cost Ordering,"CANADIAN In calculating economic order quantity, the costs which increase with the number of orders placed; includes costs related to the clerical work of preparing, issuing, following and receiving orders, physical handling of goods, inspection, and machine set-up costs, if the order is being manufactured."
12029,Cost Overrun,The amount by which a contractor exceeds the estimated cost and/or the final limitation (ceiling) of the contract.
12030,Cost Performance Integrated Product Team (CPIPT),An IPT established to perform cost performance tradeoffs. This IPT is normally required for Major Defense Acquisition Programs (MDAPs).
12031,Cost Performance Report,A monthly report procured by the program manager (PM) from the contractor to obtain report data from the contractor’s management system. A standard format used in the PM’s decision making process.
12040,Cost Plus Award Fee Contract (CPAF),"A cost reimbursement contract that provides for a base fee amount fixed at inception of a contract, and an additional fee to be determined at time of fee award that is based on an evaluation by the purchaser as to the quality of the contract performance, and the evaluator’s assessment as to the fee amount necessary to motivate the contractor toward excellence."
12041,Cost Plus Fixed Fee Contract (CPFF),"A contract whereby the contractor is reimbursed for its actual incurred cost for material, labor and other agreed to incidentals, plus a fixed sum established in the contract. (Harney, 1992)"
12042,Cost Plus Incentive Fee Contract (CPIF),A contract whereby the contractor receives additional compensation for keeping the total amount expended below the agreed-upon maximum contract amount or for achieving certain pre-specified goals during the performance of the contract. Often used in construction contracts in order to assure completion of the building project prior to the targeted completion date.
12043,Cost Plus Percentage of Cost Contracts,An agreement on a construction project in which the contractor is provided a specified percentage profit over and above the actual costs of construction. These contracts are considered poor business practice because the contractor has little incentive to hold down costs. This type of costing method is prohibited in Federal purchasing. A cost-plus-fixed-fee contract is a better approach.
12044,Cost Principles,The regulatory principles used to determine the allowability of incurred costs for the purposes of reimbursement under the provisions of the contract.
12045,Cost Realism,"A factor considered during cost analysis of a proposal to determine if the costs proposed are realistic in light of historical experience, costs on similar projects, market conditions over the life of the proposal, or other factors."
12046,Cost Reduction,"Generally realized when a manufacturer is able to lower the material or labor costs used to make its products; interchangeably used to indicate a lower price paid by the buyer from what was previously paid. Also see Price Reduction, Cost Savings."
12032,Cost Reimbursement Contracts,"In general, a category of contracts whose use is based on payment by the government to a contractor of allowable costs as prescribed by the contract. Normally only “best efforts” of the contractor are involved, such as cost, cost sharing, Cost Plus Fixed Fee (CPFF), Cost Plus Incentive Fee (CPIF), and Cost Plus Award Fee (CPAF) contracts."
12048,Cost Replacement,CANADIAN The cost at current prices which is expected to be incurred to replace an item.
12049,Cost Savings,"A realized and measurable reduction in material, resource, or labor expense(s) associated with the production and delivery of an item or service. Primarily associated in the manufacturing of an item; interchangeably used to indicate a lower price paid by the buyer from what was previously paid. Also see Price Reduction, Cost Reduction."
12050,Cost Sharing,"A type of contract that is used when it is impossible to firmly estimate costs and there is a high probability that the contractor will receive a substantial present or future commercial benefit. This type of contract may be used in research and development areas, as well as public/private partnerships."
12036,Cost-of-Living-Adjustment (COLA),"An automatic adjustment of nominal payment tied to the rate of inflation. (Schiller, 2000)"
12047,Cost-Reimbursement Contract,Reimburses the contractor for all incurred costs which are allowable and allocable under the terms of the contract and applicable laws and regulations; may include profit or fee. May also be referred to as a Cost Plus contract. Also see Cost Contract.
12033,"Cost, Insurance, Freight (c.i.f.)",A quoted price that includes marine insurance in addition to the cost of the item and transportation charges to destination; commonly used when shipping via ocean freight.
12034,"Cost, Labour",CANADIAN An expenditure for manual labour measured by the amount paid.
12039,"Cost, Original","The original cost for which a good or service was acquired; for equipment purchases it may include shipping, installation and other associated costs."
12051,Council of Logistics Management,A professional and educational organization whose goal is to promote the understanding and development of the logistics concept.
12052,Council of State Governments (CSG),"The premier multi-branch organization forecasting policy trends for the community of states, commonwealths and territories on a national and regional basis. CSG alerts state elected and appointed officials to emerging social economic and political trends; offers innovative state policy responses to rapidly changing conditions; and advocates multi-state problem solving to maximize resources and competitiveness. CSG promotes excellence in decision-making and leadership skills and champions state sovereignty. (www.csg.org/about/faqs.aspx)"
12053,Counter offer,"An adjusted proposal made in response to another offer, by the one who rejected the initial offer."
12054,Counter-trade,"An international barter transaction in which payment is made partially or fully with goods instead of money. A quid pro quo absent monetary exchange. For example, trading military hardware for oil or trading wheat for beef. (Ferrell, Hirt, 2003)"
12055,Covenant,"An agreement or promise of two or more parties, in writing, stipulating that something is done, or shall be done, or as to the truth of certain facts."
12056,Cover,"A remedy, (in accordance with Section 2-711 of the Uniform Commercial Code) that permits the buyer to seek the reasonable purchase of substitute goods resulting from the seller’s breach of contract."
12057,CPCM,See Certified Professional Contract Manager.
12058,CPFF,See Cost Plus Fixed Fee Contract.
13660,"CPFR (Collaborative Planning, Forecasting, & Replenishment)","A set of guidelines for how participants in a supply chain share information, mainly forecasts and plans for promotions. See also VMI, and http://www.cpfr.org ."
13661,CPG (Consumer Product Good),Essentially any product sold in a grocery or drug store.
12059,CPI,See Consumer Price Index.
13662,CPI (Consumer Price Index),"An index of prices paid by consumers. It is compiled by the U.S. Bureau of Labor statistics, http://stats.bls.gov. It is the price paid, including sales tax, for a “basket” of goods and services bought by a typical consumer. It is available at the national, regional, and metropolitan area level. One of the major purposes of the CPI is to measure inflation. See also: PPI."
12060,CPIF,See Cost Plus Incentive Fee Contract.
12061,CPM,See Critical Path Method.
13663,CPM (Critical Path Method),"Project management technique in which a project is represented as a set of activities, each having an activity time and a set of predecessors. A principal concern is the minimum length of time required to complete the project. Crucial output is a critical path, that is, a set of activities such that if any activity on a critical path is delayed, the project will be delayed. This is similar to PERT."
12063,CPO,See Chief Procurement Officer.
12065,CPPB,See Certified Professional Public Buyer.
12066,CPPC,See Canadian Public Procurement Council.
12067,CPPO,See Certified Public Procurement Officer.
12068,CPSM,See Certified Professional in Supply Management.
13447,CPT (Carriage Paid To) (...Named Place of Destination),"A Term of Sale which means the seller pays the freight for the carriage of the goods to the named destination. The risk of loss of or damage to the goods, as well as any additional costs due to events occurring after the time the goods have been delivered to the carrier, is transferred from the seller to the buyer when the goods have been delivered into the custody of the carrier. If subsequent carriers are used for the carriage to the agreed upon destination, the risk passes when the goods have been delivered to the first carrier. The CPT term requires the seller to clear the goods for export."
12069,Credible,Plausible or believable.
13664,CRM (Customer Relationship Management),"The process of managing the interaction with existing or potential customers, especially by telephone. Part of the process may involve having an extensive online database on individual preferences of each customer. This database may be accessed during the interaction with the customer. Also see RFM."
12070,"Crosby, Philip","An American quality guru who rose to international fame as a management consultant. Crosby is best known for his zero defects standard and popularizing many slogans, such as “Do it right the first time.” For more information: Quality is Free, (NY, 1979). (Miller, 2006)"
12072,Cross-Docking,"A distribution system in which freight moves in and out of a distribution center or point without ever being stored there. (ISM, 2000)"
13360,CROSS-DOCKING OR FLOW-THROUGH DISTRIBUTION,"A direct flow of merchandise/product from receiving to shipping,  thus eliminating additional handling and storage steps in the distribution cycle."
12073,Cross-Functional Team,A group of employees from different departments who work together on a specific team usually to accomplish a specific task. The team may be permanent or ad hoc and may include vendors and customers as appropriate. Examples of procurement specific teams may include: Commodity Procurement Strategy Team; Sourcing Team; Supplier Performance Evaluation Team; Supplier Certification Team.
12074,Cross-Organizational Synergies,"Proactive activities by supply management in order to identify opportunities to share best practices or coordinate sourcing programs to reduce costs, usually accomplished through cross-functional teams."
13665,Croston’s forecasting method,"A method for forecasting lumpy demand (i.e., when a significant number of the periods have zero demand). Standard forecasting methods, such as simple exponential smoothing, perform erratically on lumpy demand. When no demand occurs, no update is performed. When a positive demand occurs, three exponential smoothing updates are performed of the three estimates of: a) Tbar = the time between positive demands, b) Dbar = the amount of demand when it is positive, and c) the absolute deviation in positive demand. The forecast of expected demand per period"
12075,Crowdsourcing (otherwise known as Cyberspace Outsourcing),"A form of institutional outsourcing which solicits a large group of people who are not directly employed by, or who lack a contract with the originating institution. Solicitations are typically put out in the form of a wide call on the Internet, and the chosen work-product may or may not yield compensation. Crowdsourcing is an innovative way to leverage distributed knowledge on the Internet so that highly intractable problems can be solved in a low-cost manner, typically by shifting time costs to the experts who are interested in helping to the solve the quandary. This frees up institutional employees to focus on core competencies."
12076,Crown Property,"CANADIAN Property to which title is vested in the Crown. This includes Crown-owned property usually in the care, custody and control of contractors. Examples of Crown property usually in the custody of contractors are: capital assistance assets, special production tooling, special test equipment, equipment undergoing repair and overhaul, contract issue materials and equipment, work-in-process and finished work to which title is vested in the Crown as a result of progress payments, accountable advances or by any other means. (Summit Magazine, On-Line)"
12071,Crowson Decision,"City of Richmond v. J.A. Crowson Co. was a legal case in 1989 in which the United States Supreme Court held that the City of Richmond Virginia’s minority set-aside program, giving preference to minority business enterprises (MBE) in the awarding of municipal contracts, was unconstitutional under the Equal Protection Clause. This court case prompted public sector agencies to move toward using the term, “contract goals” in its construction projects in seeking a good faith effort on the part of the prime contractor to have a certain level of minority subcontracting participation in the project."
11877,CSDP,Competitive Supplier Development Programme
12077,CSG,See Council of State Governments.
12078,CSIG,See United Nations’ Convention on Contracts for the International Sale of Goods.
12079,CT,Companies Tribunal
13506,CTCs Community Transportation Coordinators,"People contracted by the Transportation Disadvantaged Commission to provide complete, cost-effective and efficient transportation
services to transportation disadvantaged (TD) persons."
12080,CTLF,"Clothing, Textiles, Leather and Footwear"
12081,Cultural Diversity,"Ethnic, gender, racial, and socioeconomic variety in a situation, institution, or group; the coexistence of different ethnic, gender, racial, and socioeconomic groups within one social unit. (Webster’s New Millenium Dictonary of English)"
12082,Cumulative Average Cost Curve,"Used in price and cost analysis, this curve plots cumulative units produced against the average direct labor cost or average labor hours required per unit for all units produced. (Schiller, 2000)"
12083,Cure Notice,"A delinquency notice that must be issued prior to termination for default of a supply or service contract before the contract’s delivery date. Failure to issue a cure notice when required may result in an invalid termination for default. (Nash, Schooner, O’Brien, 1998)"
12084,Cure Period,"CANADIAN When a contractee is in default of the deliveries in a contract, the cure period is the period of time that the contractor can give to the contractee to make good on the services required to be delivered, or additional time for the product contracted for to be delivered. The period of time is ultimately up to the contractor. The cure period would come before the contractor deems the contract to be terminated for reasons of default. (Summit Magazine, On-Line)"
12085,Currency Depreciation,"A fall in the price of one currency relative to another. (Business, 2002)"
12086,Current Assets,"Assets that can be quickly converted into cash or that will be used in one year or less. (Ferrell, Hirt, 2003)"
12087,Current Funding,The current sum of money assigned to a contract.
12088,Current Liabilities,"Debts that will be repaid in one year or less. (Ferrell, Hirt, 2003)"
12089,Current Stock Level,The quantity currently on hand in the warehouse or storage depot.
12090,Current Yield,"The rate of return on a bond; the annual interest payment divided by the bond’s price. (Schiller, 2000)"
12091,Custodian,CANADIAN The authorized officer who is accountable for the use and condition of a materiel item.
12092,Customer Code,CANADIAN A five digit code utilized by the Supply and Services Canada Customer Address Directory to identify the using agency that issued the requisition; also indicates shipping and invoicing addresses.
13362,CUSTOMER RELATIONSHIP MANAGEMENT,"The processes and systems that combine sales, marketing, contact management, and support activities in managing customer interaction. They provide tools to analyse customer/product sales history and profitability, campaign tracking and management, contact and call centre management, order status information, and returns and service tracking."
12093,Cyberspace,"Refers to a virtual reality within the world’s computers and networks. The word was coined by William Gibson, the Canadian science fiction writer. (Jansen, 2002)"
12094,Cyclical Deficit,"That portion of the budget deficit attributable to unemployment or inflation. (Schiller, 2000)"
12095,Cyclical Unemployment,"Unemployment attributable to a lack of job vacancies, that is, to an inadequate level of aggregate demand. (Schiller, 2000)"
13449,DAF (Delivered At Frontier) (...Named Place),"A Term of Sale which means the sellers fulfill their obligation to deliver when the goods have been made available, cleared for export, at the named point and placed at the frontier, but before the customs Terms of Sale border of the adjoining country."
12096,Data Deliverables,"Information organized for analysis. This Information can refer to technical data, cost data and administrative reports as determined by the contract. The request for data deliverables must be included as part of the contract. The contract administrator or designee and supplier must be aware of data requirements stated in the contract so compliance provides effective management of the contract."
13666,Data Matrix code,"A two-dimensional, laser scanable code used for supply chain purposes by the pharmaceutical and consumer electronics industries. The code is made up of very small black and white squares. Other two dimensional codes include PDF 417 and MaxiCode. For more details, see www.aimglobal.org."
12097,Data Warehouse,"A technology term that refers to a collection of data received from various transaction systems, which are accessible to various personnel throughout the organization. (ISM, 2000)"
12098,Date of input (forecast last amended),Canadian Date of last amendment entered. Date input entered into the system.
12099,Davis-Bacon Act,"A Federal Law (1931) which requires contractors who perform public works construction projects that are federally funded to pay their workers the prevailing wage rate paid in the area for similar work, as set by the Secretary of Labor."
13667,DC (Distribution Center),"A facility that accepts inbound shipments, breaks them up and recombines them differently into outbound shipments. For example, it may accept a shipment of baby food from Gerber and a shipment of diapers from Kimberly-Clark and recombine them into one shipment of baby food plus diapers for a Jewel supermarket and another shipment of baby food plus diapers to a Safeway supermarket. A DC may also serve as a warehouse (i.e., store product for a nontrivial period until it is needed by retailers or customers). It may contain product handling equipment such as a sortation system and storage racks. A clear height of 24 feet for storage is typical."
12100,DCT,Durban Container Terminal
12101,DDN,See Defense Data Network.
13451,DDP (Delivered Duty paid) (...Named Port of Destination),"“Delivered Duty Paid” means that the seller fulfills his obligation to deliver when the goods have been made available at the named place in the country of importation. The seller has to bear the risks and costs, including duties, taxes and other charges of delivering the goods thereto, clear for importation. While the EXW term represents the minimum obligation for the seller, DDP represents the maximum."
13450,DDU (Delivered Duty Unpaid) (...Named Port of Destination),"A Term of Sale where the seller fulfills his obligation to deliver when the goods have been made available at the named place in the country of importation. The seller has to bear the costs and risks involved in bringing the goods thereto (excluding duties, taxes and other official charges payable upon importation) as well as the costs and risks of carrying out customs formalities. The buyer has to pay any additional costs and to bear any risks caused by failure to clear the goods for in time."
13471,Dead Weight Tonnage (DWT),"Maximum weight of a vessel including the vessel, cargo and ballast."
12102,Debit Card,"A card, similar to a credit card, that electronically subtracts the amount of a purchase from a bank account at the moment the purchase is made. A pre-determined amount is debited to an account before a transaction is made and a declining balance is maintained as purchase transactions are recorded. (Miller, 2006)"
12103,Debriefing,"A practice used primarily during the Request for Proposal process, whereby the contracting authority will meet with those parties whose proposals were not deemed appropriate for award. It is viewed as a learning process for proposers who may gain a better understanding regarding perceived deficiencies contained within their submitted proposal."
12104,Debt Capital,"Borrowed money obtained from loans of various types generally used to capitalize a business and allow it to meet operating expenses. (Business, 2002)"
12105,Debt Ceiling,"An explicit, legislated limit on the amount of outstanding national debt. (Schiller, 2000)"
12106,Debt Service,"The interest required to be paid each year on outstanding debt. (Schiller, 2000)"
12107,Debt Service Funds,"Receive resources from other funds, taxes, grants or proceeds from long-term debt and are used to pay the principal and interest on the debt."
12108,Debt-To-Owners’ Equity,"A financial ratio calculated by dividing total liabilities by owners’ equity. (Schiller, 2000)"
12109,Decentralized Organization,"An organizational design in which authority is widely distributed to lower levels of the organization. Broadly based organizational decision making within and among lower levels of the organization. (Business, 2002)"
12110,Decentralized Purchasing,"An organizational structure in which designated personnel/operating departments from within the organization have the delegated authority to decide on sources of supply and contract directly with vendors without consulting or receiving the approval from the Chief Procurement Officer (CPO). It should be noted that the scope and degree, if any, of decentralized purchasing varies from agency to agency. Example: In one agency, all of the IT (Information Technology) software and hardware decisions and purchases are unilaterally made by the Chief Information Technology Officer and in other agencies all of those IT purchases are directly made by the Purchasing Department. Also see Centralized Purchasing."
12111,Decisional Role,"A role that involves various aspects of management decision making. (Business, 2002)"
12112,Defects-Per-Hundred Units,"The number of defects found in any quantity of a product, divided by the total number of units then multiplied by one hundred; the average number of defects per hundred."
12113,Defense Acquisition Regulations (DAR),A subset of the Federal Acquisition Regulations (FAR) that directly apply to the U.S. Department of Defense (DOD).
12114,Defense Data Network (DDN),"Internet linkages to U.S. military bases and defense contractors around the world. (Jansen, 2002)"
13420,Deferred Payment,"A letter of credit issued for the purchase and financing of merchandise, similar to acceptance–type letter of credit, except that it requires presentation of sight drafts payable on an installment basis."
12115,Deficit Spending,"The use of borrowed funds to finance government expenditures that exceed tax revenues. (Schiller, 2000)"
12116,Definiteness,"The important or material terms of an agreement that are specifically expressed. Under common law, an offer must include the important, or material, terms of the proposed agreement so that, when a party accepts the offer, a resulting agreement is enforceable. Important terms include: subject matter, price, payment terms, quantity, quality, duration and the scope of work to be done. If the parties purport to agree on a material term but do so in a vague manner, as contrasted from omitting the term altogether, there is no agreement because it is too indefinite."
12117,Deflation,"A decrease in the average level of prices of goods and services. Also see Inflation. (Schiller, 2000)"
12118,Delay Claim,"A claim filed by a contractor or an owner for unanticipated delays to a project. Delay claims require significant documentation and are based in part on cost accounting concepts. When the contractor delays the project, the owner can recover one of two types of damages: Liquidated damages or Actual damages. The components of a contractor delay claim include: (1) indirect costs that occurred during the extended performance period; (2) home office overhead that was incurred during the extended performance period; (3) increased material direct costs that occur during the delay; (4) lost productivity caused by the delay and (5) other damages directly related to and attributable to the delay. (library.findlaw.com)"
12119,Delegated Purchase,"Authorized or appointed individuals, outside the purchasing department, are delegated authority under the entity’s rules and procedures that allow them to make small dollar purchases on behalf of the agency."
12120,Delegation of Authority,"The conferring of authority by someone who has it, to another person, in order to accomplish a task."
12121,Deliverable,"The completion of a milestone or the accomplishment of a task. Used to measure successful performance. Also see Milestones. (Harney, 1992)"
12124,Delivery Order Contract,An indefinite delivery/indefinite quantity contract for supplies or services that provides for the issuance of orders for services or supplies during the contract period. May also be referred to as a task order contract.
12125,Delivery Required By,The requested date by which all goods have to be delivered.
12126,Delivery Schedule,A delivery plan indicating the time of beginning and completion of each delivery.
12122,Delivery/Definite,Terms utilized when a specific requirement quantity and delivery date have been established.  This is the most common type of delivery requirement.  Common examples include one-time purchase orders and capital outlays.
12123,Delivery/Indefinite,"Terms suitable for commodity purchases because the products purchased are standard throughout the industry, with numerous vendors.  All of the indefinite delivery types of clauses should be used only with fixed firm price or fixed price with escalation pricing contracts.  The following are three variations of indefinite delivery contracts:"
12127,Demand Analysis,"An all-inclusive method conducted to quantify, with reasonable accuracy, the anticipated agency material requirements that will be needed to support the agency’s operations. Also see Market Analysis and Supplier Analysis."
12128,Demand Contract,A binding legal agreement that links spend data by dates and allows for rebates and discounts through automated contract management systems. Pricing is based on historical usage.  A contract under which a contractor/vendor agrees to provide goods or services to a purchaser on a demand basis.  Also see Blanket order.
12129,Demand Curve,"A curve describing the quantities of a good a consumer is willing and able to buy at alternative prices in a given time period. (Schiller, 2000)"
12130,Demand Deposit,"An amount on deposit in a checking account. (Schiller, 2000)"
12131,Demand Level,The amount of inventory required for a given item.
12132,"Deming, W. Edwards","Most influential quality guru of the last century. Best known for his 14 points summarizing the philosophy of quality management he developed while working with Japan following WWII. (Burt, Dobler, Starling, 2003)"
12133,Demobilization,"The effort of a construction contractor in leaving the site after the contract work is completed. Also see Mobilization. (American Purchasing Society, Glossary of Purchasing)"
13668,Dense storage,See movable aisle storage.
12134,Departmental Individual Standing Offer (DISO) Number,"Canadian The serial number of a departmental individual standing offer arranged with one or more vendors, against which DSS (Department of Supply & Services) only may issue call-ups, upon receipt of funded customer requisition."
13453,"DEQ (Delivered Ex Quay, [Duty Paid]) (...Named Port of Destination)","A Term of Sale which means the DDU term has been fulfilled when the goods have been available to the buyer on the quay (wharf) at the named port of destination, cleared for importation. The seller has to bear all risks and costs including duties, taxes and other charges of delivering the goods thereto."
13452,DES (Delivered Ex Ship) (...Named Port of Destination),"A Term of Sale where the seller fulfills his/her obligation to deliver when the goods have been made available to the buyer on board the ship, uncleared for import at the named port of destination. The seller has to bear all the costs and risks involved in bringing the goods to the named port destination."
12135,Descriptive Literature,"Information, such as charts, illustrations, brochures, and technical data, furnished by a bidder, on request as part of a bid, to describe the items offered; shows the characteristics or construction of a product, or explains its operation to determine the acceptability of the item."
12140,Design Deficiency,"A condition which prevents a product from being useful, the correction of which would require a design change."
12141,Design Specification,"A specification that establishes the characteristics an item must possess, including detail indicating how it is to be manufactured. May include engineering plans or drawings and blueprints. It tells the contractor in very prescriptive terms, what they are to provide the buyer. Also see Performance Specifications."
12137,Design-Bid-Build,"The traditional delivery method for construction projects where design and construction are sequential and contracted for separately with two contracts. (ISM, 2000)"
12138,Design-Build,"A delivery method for construction projects that combines the architectural, engineering, and construction services required for a project into a single contractual agreement. (ISM, 2000)"
13365,DESIGN-BUILD-FINANCE-MAINTAIN (DBFM) CONTRACT,Contractor completes work at own risk and gets paid on long term payments after delivery.
13366,DESIGN-BUILD-FINANCE-MAINTAIN-OPERATE (DB FM-PLUS) CONTRACT,Contractor completes and operates work at own risk and gets paid based upon actual performance.
12139,Design-Build-Finance-Operate,"An Alternate Project Delivery Method (ADPM) demonstrating a design-build concept where the owner and designer/contractor work as a team to ensure that the owner’s requirements are met during design and construction. A complex and innovative approach developed through “private public partnerships” where there is much greater involvement of private financing and often combines construction and management or operations contracts. (Examples: Building and operating a county amusement park, ice skating rink, golf course)."
12136,Designation of Special Purpose,"Identifies items created by modification of standard commercial products to meet special needs, such as equipment modified to meet the needs of the physically challenged."
12142,Designee,A duly authorized representative.
12143,Detailed-Item Description Code,"Part II of the NIGP Commodity/Service Code which expands the class-item code into 11 digits with more than 140,000 item descriptions; used in the areas of inventory, warehousing, and cooperative purchasing operations."
12144,Determination and Findings,"A legal document prepared by a purchasing official to justify a decision to take a certain action; includes conclusion, or determination, and the reason or findings of fact."
13671,DFM (Design for Manufacturing),"The most important consideration in designing a product is to make it satisfy the customer’s needs. There may, however, be alternate designs that all satisfy the customer needs, but some of which may be substantially easier to manufacture. Thus, in DFM, the product designer takes into account not only customer needs, but also the problems faced by the manufacturing engineer who must design a production process for producing the product in the volume demanded. DFM is just one of DFX design philosophies, where X might be manufacturing, serviceability, reliability, recyclability, etc. A more serviceable design, for example, might make it easier to remove and replace a failed component, or might share components with a related product, so that spare parts inventories are easier to manage."
13669,DFR (Decreasing Failure Rate),"A failure rate curve such that the probability of failing in the next instant, given that the machine has not yet failed, is decreasing with time."
13507,DHSMV Department of Highway Safety and Motor Vehicles,"State agency responsible for highway patrol, licenses, title and registration functions."
12145,Dictum Meum Pactum,"Latin phrase that means “My word is my bond.” It reflects the public trust of those in positions of authority in public procurement. (Miller, 2006)"
13670,DIME (Dual Independent Map Encoding),"A digital mapping system from the U.S. Census Bureau, now superseded by TIGER data."
12146,Direct Buy,"The ability for an Authorized User to buy directly from an OGS contract using its standard form, format or purchase order, and which does not require a mini-bid, best and final"
12147,Direct Labor Hours,The labor portion of a contract that denotes the time spent working solely to satisfy the specific requirements of the contract as detailed in the specifications or statement of work.
12148,Direct Selling,"The marketing of products and services to the ultimate customer through face-to-face sales presentations at home or in the office. (Business, 2002)"
12149,Directed Contract (marché prescrit),"Canadian A contract awarded to a pre-selected contractor in circumstances where the contracting authority has justifiably set aside the requirement to solicit bids under the provision of one or more of the exceptions to competitive solicitation in Section 6 of the Government Contracts Regulations. Contracting authorities are strongly encouraged to provide public notification of these contracts through an Advance Contract Award Notice (ACAN) using the electronic bidding methodology. If this is done and if there are no valid challenges received to the ACAN within 15 days, the directed contract is deemed to be competitive and may be awarded using the higher electronic bidding contracting authority levels. (www.tbs-sct.gc.ca/pubs_pol/dcgpubs/Contracting/contractingpol_a_e.asp)"
12150,Directive,"Canadian A statement indicating the mandatory features of a policy. In those cases where the Treasury Board is prepared to permit deviations, departments must obtain prior approval by means of submissions. Directives are characterized by the use of the verbs shall, must, and will and appear in bold Italics throughout the manual."
13672,DISA (Data Interchange Standards Association),"An association devoted to the maintenance and dissemination of standards for e-commerce documents, such as the X12 and XML. See: http://www.disa.org."
12151,Disadvantaged Business,"A business owned or controlled by a majority of persons who are determined to have been deprived of the opportunity to develop and maintain a competitive economic position because of specified social disadvantage. Also see Minority-Owned and Women-Owned Business Enterprises (MBE and WBE), and Historically Underutilized Businesses (HUB). (Harney, 1992)"
12152,Discharge By Mutual Assent,"Termination of a contract by mutual agreement of all parties. Also see Cancellation Request, Termination for Convenience and Termination for Default. (Garner, 2004)"
12154,Discount Rate,"The interest rate that the Federal Reserve System charges for loans to member banks. (Schiller, 2002)"
12155,Discount Schedule,A listing of various discounts offered to the buyer for varying amounts of goods or services. May be requested as part of a bid or a request for proposal.
12153,Discount-From-List,"Mathematical calculation to determine the buyer’s price from a manufacturer’s price list. On non-automated term contracts the manufacturer must submit a printed price list/catalog from which prices are to be figured. Prices in this category cannot be increased for a specified time after the contract begins, unless otherwise noted in the contract."
12156,Discretion,"A power or right, conferred on procurement officers by law, to act officially in certain circumstances, according to the dictates of their own judgment and conscience and uncontrolled by the judgment or conscience of anyone else. Also see Best Interest. (Black’s Law Dictionary 466-67, 1990)"
12157,Discretionary Fiscal Spending,"Those elements of the federal budget not determined by past legislative or executive commitments. (Nash, Schooner, O’Brien, 1998)"
12158,Discretionary Income,"Disposable income less savings and expenditures on food, clothing and housing. (Schiller, 2000)"
13673,Discriminatory pricing,"charging different prices to different customers for the same product. The segmentation might be based on customer id (e.g., educational vs. commercial), time of purchase, quantity, location, by metering of use, etc. See: revenue management and value based pricing."
12159,Discussions,"Formal or informal communication involving an oral or written exchange of information for the primary purpose of obtaining information essential for determining the acceptability of a proposal. To provide the offeror an opportunity to revise its proposal. Usually includes negotiation used in competitive negotiation, emergency and sole source procurement."
12160,DISO,Canadian See Departmental Individual Standing Offer.
12161,Disparagement,"Making malicious or false statements of fact as to the quality or performance of an organization’s product. (Business, 2002)"
12162,Disposable Income,"After tax income of households; personal income less personal taxes. (Schiller, 2000)"
12163,Disposal Cost,"The expense of removing inventory or assets from an organization. (ISM, 2000)"
12164,Disposition,"Transferring, trading-in, selling, or destroying goods that are excess property, surplus property, or scrap."
12165,Dispute Panels,"A form of ADR (alternative dispute resolution) which uses one or more neutral or impartial individuals who are available to the parties as a means to clarify misperceptions, fill in information gaps, or resolve differences over data or facts."
12166,Disputes Resolution Officer (DRO),Designated individual within the agency to resolve business disputes between the agency and its bidders and vendors.
12167,Diversity (in the workplace),"The attempt by organizations to recruit and retain a multicultural, multi-talented workforce. Embracing many dimensions of difference and creating a culture of inclusion in the workplace. Business success requires that managers create a culture of inclusion, trust and mutual respect. (Business, 2002)"
12168,Diversity Suppliers,"Business entities including individuals that have challenges in becoming successfully established and gaining economic representation proportional to their demographic representation. Usually applicable to certain ethnic groups as well as the physically challenged and women-owned businesses. (ISM, 2000)"
12169,Document Identifier,Canadian Unique code showing requisition status.
12170,Document Management,"The computerized administration of electronic and paper-based documents. A document management system generally includes a scanner and an optical character recognition (OCR) program for converting paper documents into electronic form. (Jansen, 2002)"
13390,Domestic B/L,Non–negotiable B/L primarily containing routing details; usually used by truckers and freight forwarders.
12171,Domestic Corporation,"A corporation in the state in which it is incorporated. Also see foreign corporation. (Business, 2002)"
13364,DOS - AVERAGE INVENTORY / MONTHLY DEMAND X 30,"For example, if a component is consumed in manufacturing at the rate of 5 per day, and there are 50 units available on-hand, this represents 10 days’ supply."
13674,DOT (Department Of Transportation in the U.S.),"The main federal agency concerned with transportation in the U.S. Sub agencies under the DOT include: Bureau of Transportation Statistics, US Coast Guard, FAA, Federal Highway Administration, NHTSA, and STB. See http://www.dot.gov."
13508,DOT Department of Transportation,"Agency responsible for transportation at the local, state or federal level."
13675,Double marginalization,"The act of two decision makers (e.g., a supplier and a retailer) each independently optimizing their own objective function (e.g., by choosing a volume, so that marginal cost = marginal revenue), but with the unhappy result that their total profits are not as great as they could be if they coordinated their decisions. More specifically, the supplier, in order to make a profit, will charge the retailer a little more than the supplier’s cost. Thus, the retailer will charge the customer slightly more than he would if the retailer had to pay the supplier only the supplier’s cost without a markup. Thus, the retail price will be higher than it would be if the supplier and retailer coordinated their decisions, and demand will tend to be lower."
12172,Double Sampling,The inspection of a second sample when the first sample does not lead to a decision to accept or reject.
12173,Downsizing,"A deliberate management strategy to create a new organizational structure that will result in fewer employees on the payroll. This strategy may include outsourcing, eliminating redundant positions, layoffs and terminations. (Business, 2002)"
12174,DPA,Data Protection Acts
12176,Draw Off Order,The amount to be delivered by the contractor to the users under a blanket order as authorized or arranged for by the purchasing office. May also be referred to as a sub-order release.
12175,Drawdown,Canadian See Call-Up.
12177,DRO,See Disputes Resolution Officer.
12178,Drop Shipment,A shipment made directly from a manufacturer or direct provider of goods to a buyer or purchaser in response to a request by the vendor who has received an order but does not carry the merchandise in inventory.
13676,DRP (Distribution Requirements Planning),"A form of scheduling shipments and production analogous to MRP. Given the requirements over time of various customers of a supplier, these needs are aggregated into a single shipping, and perhaps production plan for the supplier."
12179,DTI,Department of Trade and Industry
13677,Dual price,"In linear programming terminology, the marginal value of one more unit of a scarce resource. Sometimes also called a shadow price."
12180,Due Diligence,"A business and legal term which refers to research and inquiry made prior to committing to a purchase or making a major business decision. A thorough investigation into the performance and background of a business entity prior to making a decision to purchase. (Business, 2002)"
12181,Dues In,"Canadian The recorded quantity of an item to be received from all outstanding procurement documents, and all materiel expected to be returned."
12182,Dues Out,Canadian The recorded quantity of an item to be issued on receipt of issuable materiel.
13391,Duplicate B/L,Another original Bill of Lading set if first set is lost. Also known as reissued B/L.
12183,Dutch Auction,"A type of online auction where a seller offers multiple copies of the same item, and the winning bidders pay the amount of the lowest winning bid. (Jansen, 2002)"
12184,Dutiable Goods,Imported or exported goods upon which duties are to be imposed.
12185,Duties,"Customs charges imposed on taking articles out of, or into, a country."
13678,Duty avoidance,the right of a firm to avoid paying a portion of the duty on an imported product because the firm has previously exported a component equivalent to one contained in the imported product.
13679,Duty drawback,"a refund to a firm when it exports a product, in the amount equal to the duty the firm previously paid when importing components used in the exported product. It achieves, by accounting, the same effect as a duty free zone."
13680,Duty free zone,"a zone in which a firm does not have to pay duty on imports, as long as the products imported, after some processing or handling, are exported."
13509,DVMT Daily Vehicle Miles of Travel,"The total miles traveled by all vehicles in a specific area
over a 24-hour period; often used to compare changes in travel patterns over time. EA Environmental Assessment: A study used to determine if a full environmental impact statement (EIS) is required for a project; documents the need for the project, the alternatives considered, the preferred alternative and the impacts of the proposed project."
13681,e,"The mathematical constant 2.71828182846 useful in computing continuous compounding of interest. e = limit as n goes to infinity of (1 + 1/n)n. For example, if continuous compounding is used at interest rate r per year, then after n years, one dollar will have grown to er n."
13682,eaches,"In warehouse picking, a single unit to be picked, as opposed to a case."
13510,EAR Evaluation and Appraisal Report,Periodic review and evaluation of a local government comprehensive plan; generally due every five years;
12186,Earned Value Management,"An integrated management tool that examines cost, progress and the original project schedule to determine variances from planned profiles. Its purpose is to allow for the prediction, with some degree of certainty, actual cost and schedule at completion of a project, given cost and progress at certain intervals of contract performance."
12187,Earnest Money,"Something of value paid as a pledge to bind an agreement or contract, typically money paid by a seller to a buyer."
12188,Earnings Per Share,"A financial ratio calculated by dividing net income after taxes by the number of shares of common stock outstanding. (Business, 2002)"
12189,Easement,A right held by a person to some limited and specified use of land held by another person.
12190,eAuctions,See Reverse Auction.
12191,eBay (eBay Inc.),"A company with an on-line auction site that enables people and businesses to buy and sell goods and services on a local, national, and international basis. Founded by Pierre Omidyar in 1995 it transacts billions of dollars in gross merchandise sales over the Internet. (Jansen, 2002)"
13683,"EBITDA (Earnings Before Interest, Taxes, Depreciation, and Amortization)","A measure of the profit due to operations, excluding cost items related to how financing, tax deferral, and other non-operations activities are performed."
12192,eBusiness,"A business that is deriving some or all of its revenue via the Internet. A business that has an online business strategy. A business that generates sales via the Internet and embraces other Internet based business strategies. (Jansen, 2002)"
12193,ECCMA,See Electronic Commerce Code Management Association.
13684,Echelon inventory,"assuming product is measured in same units throughout the supply chain, the echelon inventory at a given level in a multi-echelon system is the inventory at that level plus all downstream (i.e., towards the consumer, levels). For contrast, see: pipeline inventory."
13511,ECO Employee Commute Options,"Programs required by the Clean Air Act Amendments (CAAA) which require employers with 100 or more employees (with 33 employees arriving
during peak period) to reduce the number of trips to the work site."
12194,eCommerce (Electronic Commerce),"All forms of business processes conducted via the Internet. Creating online business opportunities that are global in nature. (Jansen, 2002) Also referred to as Electronic Sourcing (eSourcing)."
12195,Economic Community,"An organization of nations formed to promote the free movement of resources and products among its members and to create common economic policies. Example: European Union. (Schiller, 2000)"
12196,Economic Growth,"An increase in output (real GDP); an expansion of production possibilities. (Schiller, 2000)"
12197,Economic Interregnum,"A gap in economic continuity, the outcome of which cannot be predicted. A discontinuity in the global economy, thereby making future predictions uncertain. (Business Week, 12.20.04)"
12198,Economic Object,Canadian Code which classifies expenditures according to type of goods and services acquired or transfer payments made to measure the impact of government transactions on the economy.
13342,ECONOMICALLY DISADVANTAGED AREA BUSINESS (ED) - Small business eligible for certification as socially disadvantaged business or economically disadvantaged area business,"A small business entity with its principal place of business in Minnesota organized for profit, including an individual, partnership, corporation, joint venture, association, or cooperative that is 51 percent owned and is operationally controlled on a day-to-day basis by citizens of the United States. The areas of economic disadvantage are determined by the US Department of Labor."
12199,Economically Disadvantaged Individuals,"Socially disadvantaged individuals whose ability to compete in the free enterprise system is impaired due to diminished opportunities to obtain capital and credit as compared with others in the same line of business that are not socially disadvantaged. Also see Small Disadvantaged Business, Historically Underutilized Business (HUB), Minority-Owned Business (MBE) and Women-Owned Business Enterprises (WBE). (FAR 19.001)"
12200,Economy,"The system through which a society answers the two economic questions-how wealth is created and distributed. (Schiller, 2000)"
12201,ECOTS,Canadian See Electronic Catalogue and Order Taking System.
12202,ECP,Canadian See Environmental Choice Program.
12203,EDD,Economic Development Department
13685,EDI (Electronic Data Interchange),"A method of electronic interchange for business-to-business transactions developed before the internet. It specifies electronic format standards for about 150 different data fields for common business documents such as PO’s, invoices, etc. The standard is sometimes called EDIFACT or X12. Information about a wide variety of international standards is available at http://www.nssn.org. See also X12."
13686,EDLP (Every Day Low Prices),"The seller (e.g., a grocer) maintains a constant low price, as opposed to usually high prices with an occasional short promotion period of very low price. See also: forward buying."
13512,EDMS Emission Dispersion Modeling System,A computer software program used to analyze air quality at airports.
12204,EEO,See Equal Employment Opportunity.
13513,EIS Environmental Impact Statement,A comprehensive study of the impacts of and alternatives to proposed projects; required by the National Environmental Policy Act (NEPA)
13687,Elasticity of demand,"(% change in quantity demanded)/(% change in price). If the elasticity = 1, then a small change in price will not change the seller’s sales revenue."
12205,Electronic Catalogue and Order Taking System (ECOTS),"Canadian A system that allows clients to send requisitions electronically to Supply and Services Canada to obtain requisition status information and to browse, select and download catalogue information."
12206,Electronic Commerce (eCommerce),"The integration of electronic data interchange, electronic funds transfer, and similar techniques into a comprehensive electronic-based system of procurement functions; could include the posting of IFB’s and RFP’s on electronic bulletin boards, the receipt of bids via electronic data interchange, notification of award by email, and payment via electronic funds transfer. Also referred to as Electronic Sourcing (eSourcing)."
12207,Electronic Commerce Code Management Association (ECCMA),"Formed in 1999, ECCMA has brought together thousands of experts from around the world and provides them a means of working together to build and maintain the global, open standard dictionaries that are used to unambiguously label information. (Jansen, 2002)"
12208,Electronic Funds Transfer (EFT),"The direct payment to contractors and businesses through electronic transfer of funds between financial institutions. Payment by paper check is eliminated. (Business, 2002)"
12209,Electronic Procurement,See eProcurement. (Also called ePro)
12211,Electronic Signatures in Global and National Commerce Act (E-Sign),"Signed on June 30, 2000, by President Bill Clinton, an act that made contracts sealed by a computer as binding as those signed in pen and ink. Online contracts have the same legal force as equivalent paper contracts."
12210,Electronic Sourcing (eSourcing),See Electronic Commerce (eCommerce).
12212,Emergency Purchase,A purchase made due to an unexpected and urgent request where health and safety or the conservation of public resources is at risk. Usually formal competitive bidding procedures are waived.
12213,EMEs,Exempted Micro Enterprises
12214,Employee Stock Ownership Plan (ESOP),"An individual stock bonus plan designed specifically to invest in the stock of the employer company. (Business, 2002)"
12215,Employer Identification Number (EIN),The number assigned to a business unit or individual for purposes of withholding tax; used by many purchasing organizations as a vendor identification number. In governments entities referred to as FEIN (9-digit Federal Employer Identification Number).
12216,Enabling Legislation,"Legislation which provides purchasing authority to an official or department. The primary sources of enabling legislation in any governmental jurisdiction are: Written Law; Administrative Law; and Common Law. (Garner, 2004)"
12217,Encoding,"The process of rewriting or transferring media sources from one format to another. (Jansen, 2002)"
12218,Encryption,"The process of protecting information as it moves from one computer to another. A way of making data unreadable to everyone except the receiver and it is an increasingly common way of sending credit card numbers over the Internet when conducting eCommerce transactions. (Jansen, 2002)"
12219,Encumbrance,The commitment of appropriated funds to purchase an item or service. To encumber funds means to set aside or commit funds for a specified future expenditure.
12220,End Item,"A manufactured product that can be sold, distributed, or used, without any additional work being done on it."
12221,Energy Efficiency Standards,"A performance standard for products that consume energy prescribing a minimum level of energy efficiency, or low rate of energy consumption for a given output."
12222,Energy Star,"A federal standard applied to office equipment for the purpose of rating the energy efficiency of the equipment. Energy Star rated-computers, monitors, and printers save energy by powering down when not in use, resulting in a reduction in electrical bills and pollution levels. (Miller, 2006)"
12223,Engineer,"An individual, partnership, or corporation that performs professional engineering services for the agency as an independent contractor.  A registered, Professional Engineer is an individual who works to develop economical and safe solutions to practical problems by applying mathematical and scientific knowledge while considering technical constraints.  Engineers design materials, structures, machines and systems while considering the limitations imposed by practicality, safety and cost while adhering to local and national building codes.  Engineers are required to have Errors and Omissions Insurance."
12224,Engineering Estimate,"A cost estimate prepared by the engineering department or an outside engineering firm, to enable the purchasing official to determine a potential estimated cost of a project and establish a budget range."
12225,Enterprise Funds,"A type of proprietary fund used to account for fees charged in exchange for goods and services. A criteria to determine enterprise funds is 1) generates revenue, 2) provides goods or services or 3) operates as a stand-alone or is self-supporting. Funds which control various utilities such as water, water reclamation, storm water, electric and other entities providing service financed through user charges. Also see Internal Service Fund and Proprietary Fund."
12226,Enterprise Resource Planning (ERP),"A business process software system that manages multiple management systems. May include finance, accounting, human resources, purchasing, inventory control and other activities. Deploying ERP is generally an enterprise-wide process, involving analysis, replacement of legacy systems and the development of new work procedures. (Jansen, 2002)"
12227,Entrepreneurship,"The assembling of resources to produce new or improved products and technologies. (Business, 2002)"
12228,Environmental Choice Program (ECP),"Canadian An eco-labeling program of Environment Canada that promotes the use of environmentally responsible goods and services, encouraging consumers, organizations and government to buy environmentally preferable items. (Summit Magazine, On-Line)"
12229,Environmental Compliance,"Procurement decisions that impact the environment such as energy consumption, recycled products and waste disposal. Governmental buying decisions should also incorporate environmental and societal costs and benefits not contained in the purchase price of a product or service, such as the pollution produced or avoided when using a particular product or service. (Miller, 2006)"
12230,Environmental Protection Agency (EPA),"A Federal Government agency established to implement and enforce federal laws relating to clean air, clean water, waste disposal and related environmental issues."
12231,Environmentally Preferable Purchasing,"An attempt to address environmental challenges by taking advantage of government’s vast purchasing power to create strong markets for environmentally friendly products and services. Purchasing goods and services in a way that does not harm the environment. Also known as Green Purchasing. (Miller, 2006) Also see Sustainable Procurement."
13688,EOQ (Economic Order Quantity),"An order size that minimizes the sum of fixed cost of ordering plus inventory costs. If K = fixed cost of placing an order, h = holding cost, and D = demand rate, then the order quantity is given by Q = (2*K*D/h)^.5."
13514,EPA Environmental Protection Agency,A federal agency responsible for dealing with national environmental issues.
13689,EPC (Electronic Product Code),"A proposed 96 bit code to be used to identify individual product items (not just SKU”s) in the same manner as a serial number. The code is stored in RFID tags on the product. This would allow a firm to easily track items through the supply chain. See http://www.autoidcenter.org, UPC."
12232,EPP,See Environmentally Preferable Product.
12234,Equal (Employment) Opportunity (EEO),"Policies and procedures of the jurisdiction to ensure non-discrimination and equal opportunity to all employees, especially women, minorities, and persons with disabilities. (Business, 2002)"
12233,Equal Employment Opportunity Commission,"A government agency with the power to investigate complaints of employment discrimination and power to sue firms that practice it. (Business, 2002)"
12235,Equilibrium Price,"The market clearing price at which the quantity demanded by buyers equals the quantity supplied by sellers. The point of intersection on a supply and demand curve. (Schiller, 2000)"
12236,Equipment,"Major items that are not expendable except through depreciation or wear and tear and which, although they may be fixed or positioned in prescribed places, do not lose their identity or become integral parts of other items or installations."
12237,Equipment Condition Codes,"Canadian Specific categories or grades assigned to materiel based upon its further usefulness, as to whether it is serviceable, repairable, or condemned."
12238,Equity,Justice according to natural law or right; freedom from bias or favoritism.
12239,Equivalent Items,Items that without actually being identical have sufficient in common to be capable of being used for the same purpose. Also see Brand Name (or Equivalent) Specification.
13690,Erlang B formula,See Erlang Loss.
13691,Erlang C formula,"A formula for the expected fraction of calls that must wait, in a system with S lines or servers, where demand has a Poisson distribution with rate D, call processing times have an exponential distribution with mean L, and calls that find all lines busy will wait. The formula was originally developed by A. K. Erlang for the Copenhagen telephone system. If we define the arriving load as r = D * L, then in the LINGO modeling language, the expected fraction of calls that find all S lines busy (and thus wait) is given by @PEB( r, S). If we denote this probability by C(r,S), then it can also be computed from the Erlang Loss formula, B(r,S), by the relation: C(r,S) = r*B(r,S)/(S-r + r*B(r,S));"
13692,Erlang Loss Formula,"A formula for the expected fraction of sales lost, when a base stock policy is followed, demand has a Poisson distribution, and any demand that finds the system out of stock is lost. The formula was originally developed by A. K. Erlang in the telephone industry to predict the expected fraction of calls lost, given a fixed number of lines. If D is the demand rate, L is the expected lead time (or call processing time), S is the stock level (or number of phone lines) and r = D*L, then the expected fraction demand lost, B(r, S), can be calculated recursively as follows: B(r,0) = 1; B(r,S) = r*B(r,S-1)/(S + r*B(r,S-1)). It is available in the LINGO modeling language as @PEL( r, S). Also known as the Erlang B formula."
13693,"ERP (Enterprise Resource Planning, see also MRP and DRP)","Comprehensive software system for the firm that, at least in theory, has coordinated modules to perform all the standard business data processing functions such as: General ledger (GL), Accounts receivable (AR), Accounts payable (AP), Asset management (e.g., depreciation), Human resources/payroll (HR), Forecasting, Purchasing, Inventory, Materials Requirements Planning (MRP), Production Planning, Warehouse Management (WMS), Sales, Order management, and Distribution ."
12240,Errors and Omissions Insurance,A professional liability insurance that protects companies and individuals against claims made by clients for inadequate work or negligent actions. Errors and omissions insurance often covers both court costs and any settlements up to the amount specified on the insurance contract.  (Investopedia)
12241,Escalator (Escalation) Clause,Allows the contract price to be adjusted up or down in direct relationship to a defined market indicator such as the Consumer Price Index.
12242,Escrow,"A sum of money, bond, piece of property, or deed delivered into the keeping of a third party by one party to a contract, to be returned only when an obligation is fulfilled, or conditions of a contract are met."
13347,"eSHOP is a web-based ordering tool that provides the University of Nebraska system with the most streamlined, cost effective way to place orders with suppliers.  End-users have the ability to create requisitions for a range of items",from pens and keyboards to custom servers and furniture orders.
12243,eSign,See Electronic Signatures.
12244,ESOP,See Employee Stock Ownership Plan.
12245,Established Catalog Price,"Price included in a catalog, printed price list, schedule, or other form which is regularly maintained by a manufacturer or contractor, either published or otherwise available for inspection by all customers, which states prices currently in effect for the general buying public for the given supplies or services."
12246,Established Due Date,The date and time specified in the IFBs and RFPs for submission of initial bids or proposals.
12247,Estimated Contract Date,Canadian The estimated date of the acknowledgement of the offer.
12248,Estimated Cost,"The cost to be used as the basis of the sourcing decision. It is representative of all known work and expected unscheduled work arising out of the requirements, i.e. the total estimated contract value."
12249,Estoppel,"A legal principal that prevents a person from asserting a position that is inconsistent with his or her prior conduct, if injustice would thereby result to a person who has changed position in justifiable reliance upon that conduct. For example a landlord might inform a tenant that rent has been reduced, for example, if there is construction or a lapse in utility services. If the tenant relies on this advice, the landlord could be estopped from collecting rent retroactively."
13515,ETC Employee Transportation Coordinator,"A person who helps employees at a particular work site use carpooling, vanpooling and other ridesharing programs."
12276,EU Legislation,Laws arising out of the EU that support the Treaty of Rome and other treaties agreed between member states.  For procurement purposes governmental and other public bodies are required to comply with the EU Public Procurement Consolidated Directive (2004/18/EC).
12250,European Union (EU),"A union of European nations established in 1992 with the Maastricht Treaty, to promote trade among its members; one of the largest free trade markets in the world. (Business, 2002)"
12251,Evaluation,"A review process used to make a determination. In service contracting, a methodology used to determine the successful proposer/offeror which may include subjective criteria and scoring."
12252,Evaluation Criteria,"Generally used in the Request For Proposal (RFP) method. Qualitative factors that an evaluation committee will use to evaluate/score a proposal and select the most qualified proposer/offeror. May include such factors as past performance, references, management and technical capability, price, quality and performance requirements. (Harney, 1992)"
12253,Evaluation Factors,"In competitive negotiations, those factors specified in the RFP that will be considered in determining to whom a contract will be awarded."
12254,Evaluation of Bids,"The examination of bids after opening to determine the bidder’s responsibility, responsiveness to requirements and other aspects of the bid to determine the successful bidder."
12255,Evergreen Contracts,"Contracts with automatic renewal clauses or provisions for renewals for a specified number of years. This has the benefit of allowing suppliers and agencies to establish longer-term working relationships. (Harney, 1992)"
12260,Ex Dock,Vendor bears cost and responsibility for placing goods on the dock at the port of destination; all costs from that point are on the buyer.
12266,Ex Point of Origin,"In foreign trade, quotation or bid that does not include cost of exportation, such as transportation costs, export permit fees or export duties."
12275,Ex Warehouse,"Vendor makes delivery at port of origin, and all risks and costs from that point on are the purchaser."
12256,Excise Taxes,"Taxes levied on a specific good or service, such as cigarettes, alcohol or fuel, and are set by unit (for example, a gallon of gas) rather than by purchase price. They are sometimes referred to as “selective sales taxes.” (Schiller, 2002)"
12257,Exclusive Distribution,"The use of only a single retail outlet or distributor for a product in each geographic area. (Business, 2002)"
12258,Exculpatory Clause,"A contract clause stating that one of the contracting parties is not liable upon the occurrence of some specified event. These clauses are most frequently used in an attempt by a public procurement agency to relieve itself of liability for defective specifications. (Nash, Schooner, O’Brien, 1998)"
12259,Excusable Delays,"A contract clause that provides the contractor with protection from sanctions for late performance, such as default termination, liquidated damages, actual damages and excess costs due to delays. An excusable delay must meet two general requirements: The delay must be beyond the control of the contractor; The delay must be without the contractor’s fault or negligence."
12261,Exhaustion of Administrative Remedies,A legal doctrine which requires a complaining party to seek administrative remedy from designated administrative bodies before looking at the courts for relief.
12262,Exigency purchase,See Emergency Purchase.
12263,Expectancy Theory,"The assumption that motivation depends not only on how much a person wants something but also on how likely he or she is to get it. (Business, 2002)"
12264,Expedite,The effort to assure delivery of goods purchased in accordance with a time schedule. An attempt to rush or improve a pre-established delivery date.
12265,Expendable Items or Supplies,Denotes supplies or equipment that are normally consumed during use and have a very short life cycle.
13694,Experience curve,term used by Boston Consulting Group for learning curve.
13695,Exponential distribution,"If D is the arrival rate of retail demands, and the number of demands per unit time has the Poisson distribution. Then, the time between successive demands has the exponential distribution. Specifically, if t is the time between successive demands, then the p.d.f. is D*e-Dt, and the"
12267,Export Bill of Lading,Issued by a carrier covering the transportation of goods from a domestic point of origin to a foreign destination.
12268,Export Permit,A document issued by the government of the exporting country granting an exporter permission to export the merchandise described in the document.
12269,Exports,"Goods and services sold to foreign buyers. (Schiller, 2000)"
12270,Express Authority,"That authority that is explicitly given in direct language, rather than inferred from conduct. Also see Implied Authority and Inherent Authority."
13392,Express B/L,Non–negotiable B/L where there are no paper copies printed of originals.
12271,Express Language Rule,"This rule states that when there is only one reasonable interpretation, that interpretation shall prevail. This is a secondary rule of determining the intent of the contracting parties during a dispute. The express language in the contract overrules the behavior of the parties prior to the dispute. Note that the burden of proof rests with the party to show that they actually relied on the interpretation language in the contract."
12272,Extended Price,"The price for the total number of items ordered, calculated by multiplying the quantity ordered by the unit price."
12274,External Procurement Authority,"Any buying organization not located in the state or jurisdiction which, if located in the state or jurisdiction, would qualify as a public procurement unit."
12273,Externalities,"Costs or benefits of a market activity borne by a third party; the difference between the social and private costs and benefits of a market activity. (Schiller, 2000)"
13441,EXW (Ex Works) (...Named Place),"A Term of Sale which means that the seller fulfills the obligation to deliver when he or she has made the goods available at his/her premises (i.e., works, factory, warehouse, etc.) to the buyer. In particular, the seller is not responsible for loading the goods in the vehicle provided by the buyer or for clearing the goods for export, unless otherwise agreed. The buyer bears all costs and risks involved in taking the goods from the seller’s premises to the desired destination. This term thus represents the minimum obligation for the seller."
12335,F.O.B.,See Free On Board.
13516,FAA Federal Aviation Administration,"Federal entity responsible for overseeing air commerce, air traffic control, noise abatement and other related issues."
12277,FABCOS,Foundation of African Business and Consumer Services
12278,Facilitation,An ADR process which involves the use of techniques to improve the flow of information between parties to a dispute. The technique may also be applied to decision-making meetings where a specific outcome is desired. Is generally successful when the parties or issues are not extremely polarized.
12279,Fact-Finding,An ADR technique that uses an impartial expert (or group) selected by the parties with the authority to appoint a fact-finder in order to determine what the “facts” are in a dispute.
12280,Factors of Production,"Resource inputs used to produce goods and services, e.g. land, labor, capital, entrepreneurship. (Schiller, 2000)"
12281,FAI,See Federal Acquisition Institute.
13696,Failure rate curve,"A curve that plots a machine’s probability of failure in the next small interval of time, given that the machine has not yet failed. If the time to failure has an exponential distribution, then the failure rate curve is constant. See also: MTBF, IFR, DFR, and bathtub curve."
12282,Fair and Reasonable Price,"A price that is fair to both contracting parties, considering the agreed upon conditions, promised quality, and timeliness of contract performance. Purchasing officials may use a variety of techniques to assure a fair and reasonable price, such as, sealed competitive bidding, competitive proposals, price and cost analysis, and benchmarking to other contracts."
12283,Fair and Reasonable Price Block,Canadian Certification as to method of solicitation and price acceptability.
12284,Fair Trade Statute,"A law, in some states, which allows a manufacturer to set a minimum retail price on their products. Such a law is a violation of federal anti-trust law if it affects interstate commerce."
12285,Fair Use,"Use of a work that is not an infringement of a copyright because it is used for the purpose of criticism, comment, news reporting, teaching, scholarship, or research. (Nash, Schooner, O’Brien, 1998)"
12286,False Claims Act,"Provides for the recovery of damages and remedies upon proof of loss to the government, sustained through fraud in the award or performance of government contracts."
12287,FAQ (Frequently Asked Questions),"An eCommerce initiative which is widely used in various marketing and sales promotion applications. They are designed to help customers understand and feel comfortable with the product or service. (Schiller, 2000)"
13443,FAS (Free Alongside Ship) (...Named Port of Shipment),A Term of Sale which means the seller fulfills his obligation to deliver when the goods have been placed alongside the vessel on the quay or in lighters at the named port of shipment. This means that the buyer has to bear all costs and risks of loss of or damage to the goods from that moment.
13697,FASB (Financial Accounting Standards Board),An independent board for setting standards for reporting financial information by firms. These standards specify such things as what and when items can be claimed as income or expense. Tel: 203-847-0700. These standards are officially recognized by the SEC and the AICPA.
12288,Fast Track Construction,"A method of construction contracting under which the contractor begins building as soon as the foundation plans are ready and a foundation permit has been issued, despite the fact that the architect-engineer has not finished designing the project. Throughout performance, the architect-engineer must keep ahead of the contractor’s progress in order to supply the necessary plans and drawings before each stage of the construction is reached. (Nash, Schooner, O’Brien, 1998)"
13577,Fastened or held firmly (fast aground,stuck on the seabed; made fast: tied securely).
13442,FCA (Free Carrier) (... Named Place),"A Term of Sale which means the seller fulfills their obligation when he or she has handed over the goods, cleared for export, into the charge of the carrier named by the buyer at the named place or point. If no precise point is indicated by the buyer, the seller may choose, within the place or range stipulated, where the carrier should take the goods into their charge."
12289,FCM,See Federation of Canadian Municipalities.
13698,FEA (Finite Element Analysis),"A method for analyzing or modeling a wide variety of physical systems, such as structures, weather, etc. A key feature is that the system is viewed as a large collection of discrete points. The state (e.g., temperature, pressure, tension) of each point is related to the state of its neighbor points by a set of equations appropriate for the application. A computer program (one of the earliest was called NASTRAN) is then used to solve this large set of equations. FEA is usually a crucial component of CAD."
12290,Federal Acquisition Institute (FAI),"FAI promotes the development of a professional acquisition workforce. In addition, FAI collects and analyzes acquisition workforce data, coordinates government-wide research and studies to improve the procurement process, and assists agencies with recruitment of qualified candidates for acquisition fields."
12291,Federal Acquisition Regulations (FAR),"The primary document in the Federal Acquisition Regulations System, containing uniform policies and procedures that govern the acquisition activity of all federal agencies. The FAR is prepared, issued and maintained jointly by the Secretary of Defense, the Administrator of General Services and the NASA Administrator. (Nash, Schooner, O’Brien, 1998)"
12292,Federal Communication Commission (FCC),"An independent Federal Government agency that regulates interstate and international communications by radio, television, wire, cable and satellite. It was created by an act of Congress and is independent of the executive departments. (www.fcc.gov)"
12293,Federal Deficit,"A shortfall created when the Federal Government spends more in a fiscal year than it receives. (Schiller, 2000)"
12294,Federal Employer Identification Number (FEIN),In government entities the 9-digit number assigned for purposes of withholding tax; used by many purchasing organizations as a vendor identification number. Also see Employer Identification Number (EIN).
12295,Federal Reserve System (FED),"The central bank and monetary authority of the United States. Established in 1913 and popularly known as “The Fed”, the system divides the United States into 12 Federal Reserve districts, each with its own regional Federal Reserve Bank. (www.federalreserve.gov)"
12296,Federal Standard 1037,"Entitled, Telecommunications: Glossary of Telecommunication Terms, it is a Federal Standard issued by the General Services Administration pursuant to the Federal Property and Administrative Services Act of 1949. The document provides federal departments and agencies a comprehensive source of terms used in telecommunication by international and U.S. Government telecommunication specialists. (Jansen, 2002)"
12297,Federal Supply Service,"The U.S. General Services Administration Federal Supply Service provides federal customers with the products, services, and programs to meet their supply, service, procurement, vehicle purchasing and leasing, travel and transportation, and personal property management requirements."
12298,Federal Trade Commission (FTC),A five-member committee charged with the responsibility of investigating illegal trade practices and enforcing anti-trust laws. (www.ftc.gov)
12299,Federal Trade Commission Act (U.S. Law),"Passed by the U.S. Congress in 1914, this Act established the Federal Trade Commission as an independent regulatory agency of the Federal Government empowered to enforce the Clayton Antitrust Act and the Robinson-Patman Act."
12300,Federation of Canadian Municipalities (FCM),"Promotes a strong, effective and accountable municipal government. (www.fcm.ca)"
12301,FEIN,See Federal Employer Identification Number. Also see EIN (Employer Identification Number).
13699,FEM (Finite Element Method/Modeling),See FEA.
12302,FFE,"See Furniture, Fixtures, Equipment."
12303,FFP,See Firm Fixed Price Contract.
13700,FICA (Federal Insurance Contributions Act),Law describing Social Security tax/payouts.
12304,Fidelity Bond,Insurance against losses due to the dishonesty of an employee.
12305,Fiduciary Funds,Monies used to account for assets held in a trustee or agency capacity for others and which cannot be used to support the agency’s own programs.
12306,Field Purchase Order (FPO),"A type of purchase order with a pre-approved maximum value used to expedite the acquisition of non-recurring goods and services necessary for business operations.  An FPO is used for occasional, unexpected business expenditures i.e., the breakdown of a company vehicle in the middle of a delivery trip."
13701,FIFO (First In First OUT),"Inventory policy in which product is used in the order in which received. See also LIFO. In times of rising prices, a firm can manipulate its apparent COGS by switching between LIFO and FIFO."
13589,"Filling a seam (with caulking or pitch), lubricating the running rigging; paying with slush (q.v.), protecting from the weather by covering with slush. See also","the devil to pay. (French from paix, pitch)"
12307,Final Cost Objective,"A cost objective whose costs are not assigned to any other cost objective, and is therefore one of the final points for accumulating costs in the accounting system."
12308,Final Inspection,"A review or examination of a product, service or construction by the purchaser to assure that the seller/contractor has conformed to all applicable specifications and requirements before making final payment."
12309,Final Payment,Payment made for completed services after all offsets are calculated and claims are completed.
12310,Financial Audit,"An audit conducted to determine whether all financial transactions are recorded and shown accurately in accounts, to verify the accuracy of financial statements, and the fairness of the facts they represent."
12311,Financial Coding,Canadian Coding which identifies a financial account and is used as part of a system of accounts.
12312,Financial Ratio,"A number that shows the relationship between two elements of a firm’s financial statement. (Schiller, 2000)"
12313,Firm,A partnership or business unit of two or more persons not recognized as a corporation.
12314,Firm Fixed Price (FFP) Contract,"A type of contract providing for a price that is not subject to adjustment on the basis of the contractor’s cost experience in performing the contract. FFP contracts place maximum risk and full responsibility on the contractor for all costs and resulting profit or loss. They provide maximum incentive for the contractor to control costs and perform effectively and impose a minimum administrative burden upon the contracting parties unless changes are issued or unforeseen events occur during performance. (Nash, Schooner, O’Brien, 1998)"
13368,First compute average inventory,10 + 20 = 30
12317,First In-First Out (FIFO),"An inventory costing method in which stock acquired earliest is assumed to be sold (issued) first, leaving stock acquired more recently in inventory. Under FIFO, inventory is valued near current replacement costs. Provides for a physical rotation of the stock so that the oldest stock is used first. Also see Last In-First Out (LIFO). (Nash, Schooner, O’Brien, 1998)"
12315,First-Article Inspection (FAI),A term usually used in the purchase of custom-made goods (design specification). A qualitative method by which the vendor must provide a final production item for the purchaser’s review and approval before the balance of the production run is made and shipped by the vendor. Also known as First-Article Testing.
12316,First-Article Testing,See First-Article Inspection.
12318,Fiscal Policy,"Government influence on the amount of savings and expenditures; accomplished by altering the tax structure and by changing the levels of government spending. The Federal Reserve impacts fiscal policy by their actions to raise or lower interest rates and to monitor and control inflation. (Schiller, 2000)"
12319,Fiscal Restraint,"Tax hikes or spending cuts intended to reduce aggregate demand. (Schiller, 2000)"
12320,Fiscal Stimulus,"Tax cuts or spending hikes intended to increase aggregate demand. (Schiller, 2000)"
12321,Fiscal Year,The 12-month period used for accounting purposes. Generally begins July 1 or October 1 for governments (October 1 for the Federal Government).
12322,"Fit, Form and Function","Physical, functional, and performance characteristics or specifications that uniquely identify a component or device and determine its interchangeability in a system or piece of equipment.  Used especially when considering the suitability of a suggested alternate or “equal”."
13343,FIXED ASSETS - State property that is in one of four categories,"1. non-expendable property having a normal life expectancy of more than two years and a value of $1,000 or more. 2. semi-expendable property established by the owning agency's policy as fixed assets: any item having a normal life expectancy of more than two years and a value of less than $1,000. 3. firearms, regardless of their value. 4. sensitive items, as established by the agency policy."
12323,Fixed Costs,"Costs of productions that don’t change when the rate of output is altered, e.g., the cost of basic plant and equipment. (Business, 2002)"
12324,Fixed Period Average,"A mathematical calculation used to divide the total usage for a fixed period (generally 12 months), usually using the last fiscal calendar, by the number of months involved (generally 12). The resulting average is the forecast for the entire comparable future period. This is a straight mathematical calculation which ignores current trends."
12330,Fixed Unit Price,Canadian A method of pricing in which the total payable is calculated by multiplying the number of identical units of work or items delivered by a fixed price per unit or item.
12331,Fixed Weights,A numerical system used to evaluate proposals. Weights are assigned to each evaluation criteria by percentage distribution.
12325,Fixed-Price Contract,"A contract providing for a firm price, or a price that may be adjusted only in accordance with contract clauses providing for revisions of the contract price under stated circumstances."
12326,Fixed-Price Contract with Escalator (Economic Adjustment Clause),"A contract under which the contractor is reimbursed at a fixed price for all services and material provided that allows for periodic price increases or decreases at one or more stated intervals during the contract term. The amount of increase or decrease is based on the movement of an independent price index (escalator) for goods, services, or labor. (Harney, 1997)"
12327,Fixed-Price Contract with Price Re-determination,"A fixed-price contract that provides a firm fixed price for an initial period of performance, after which the price may be recalculated for subsequent periods of performance based on experience during the initial period."
12328,Fixed-Price Incentive,A fixed-price contract that provides an incentive to reduce cost by allowing for the adjustment of profit and establishing the final contract price by a formula based on the relationship of final negotiated cost to total target cost.
12329,Fixed-Price Level-of-Effort,A fixed-price contract that requires the contractor to provide a specified level of effort for a specified period of time for work which can only be described in general terms.
12332,Flexible Manufacturing Systems (FMS),"A single production system that combines robotics and computer aided manufacturing. (Business, 2002)"
12333,Flextime,"A system in which employees set their own hours within employer determined limits. May also include a four-day workweek schedule. (Business, 2002)"
12334,Floater,"An insurance policy that covers a changing, dynamic liability, such as the inventory of a store or warehouse, moveable property, or goods in transit."
13702,Flow through warehouse,"Cross docking with the additional feature that the product is modified in some way (e.g., a brand name label is added)."
13703,FMS (Flexible Manufacturing System),"A production system with machines that can be quickly changed to produce a different product. The machines are typically software controlled and can change tools automatically (e.g., replace a 10 mm drill bit by a 12 mm drill bit). See also cellular manufacturing."
13444,FOB (Free On Board) (...Named Port of Shipment),An International Term of Sale that means the seller fulfills his or her obligation to deliver when the goods have passed over the ship’s rail at the named port of shipment. This means that the buyer has to bear all costs and risks to loss of or damage to the goods from that point. The FOB term requires the seller to clear the goods for export. (Note: The U.S. Government sometimes uses a made–up term “FOB Destination” to require the seller to take responsibility for delivering the goods at destination rather than the correct Incoterm of DDP.)
13704,FOB (Free On Board/Freight On Board/From Our Base),"An FOB price is the price for a product picked up at the seller’s site. The buyer must supply, or at least pay for, transportation. See in contrast, COD."
12336,Follow-Up,To review the status of a transaction; in connection with purchasing transactions.
12337,Foreign Corporation,"A corporation in any state in which it does business except the one in which it is incorporated. Also see Domestic Corporation. (Schiller, 2000)"
13472,"Foreign Trade Zone (FTZ) - Known in some countries as a free zone, a foreign trade zone (FTZ) is a site within the USA (in or near a U.S. Customs port of entry) where foreign and domestic goods are held until they ready to be released into international commerce. If the final product is imported into the U.S., duties and taxes are not due until the goods are release into the U.S. market. Merchandise may enter a FTZ without a formal Customs entry or the payment of Customs duties or government excise taxes. In the zone, goods may be","stored; tested; sampled; repackaged or relabeled; cleaned; combined with other products; repaired or assembled, etc."
12338,Foreign-Exchange Markets,"Places where foreign currencies are traded. (Business, 2002)"
12339,Forfeiture of deposit or bond,"A loss of bid bond, bid deposit, or performance bond resulting from non-performance of the obligation the bond was to insure by one’s own act, negligence, or fault. Form, Fit, and Function: See Fit, Form and Function."
12340,Formal Bid,A bid which must be submitted in a sealed envelope and in conformance with a prescribed format to be opened in public at a specified date and time. Also see Competitive Sealed Bidding.
12342,Forward (Supply) Contract,A contract for future supply of definite quantities of supplies or services. Also see Futures and Spot Price.
12341,Forward Purchasing,"The purchasing of supplies and materials in quantities exceeding the immediate needs, often in anticipation of a price increase, strike threat, or future supply disruption."
13517,FR Federal Register,"The federal publication where proposed rules, workshops, hearings and adopted rules are advertised for public notice."
12343,Franchise,"A license to operate an individually owned business as though it were part of a chain of outlets or stores. A franchisor is an individual or organization granting a franchise and a franchisee is a person or organization purchasing a franchise. (Business, 2002)"
12345,Free Enterprise,"The system of business in which individuals are free to decide what to produce, how to produce it, and at what price to sell it. (Business, 2002)"
12346,Free on Board (F.O.B.) Destination,"Title changes hands from the supplier to the public entity at the destination of the shipment when the public entity signs for the goods; the supplier owns the goods in transit, assumes responsibility for carrier selection, and files any claims for damages incurred during this period. It does not address the responsibility for the cost of transportation (freight charges) which must be specified with the inclusion of additional language.  See further definitions below which must state who is responsible for freight charges."
12347,"Free on Board (F.O.B.) Destination, Freight Collect","Title passes at destination, and buyer pays the freight."
12348,"Free on Board (F.O.B.) Destination, Freight Collect and Allowed","Title passes at destination, and buyer pays the freight and deducts it from the seller’s invoice."
12349,"Free on Board (F.O.B.) Destination, Freight Prepaid and Added","Title to the goods passes from the supplier to the agency at the point of destination and supplier pays the freight expense and then adds the freight expense to the agency's invoice.  Supplier owns goods in transit and files claims, if any."
12350,"Free on Board (F.O.B.) Destination, Freight Prepaid and Allowed","Title passes at destination, and seller pays the freight."
12351,Free on Board (F.O.B.) Origin,"Title changes hands from the supplier to the public entity at the origin of the shipment.  In this scenario, the public entity owns the goods in transit, assumes responsibility for carrier selection, and files any claims for damages incurred during this period.  It does not address the responsibility for the cost of transportation (freight charges) which must be specified with the inclusion of additional language.  See further definitions below which must state who is responsible for freight charges."
12352,"Free on Board (F.O.B.) Origin, Freight Collect","Title passes at origin, and the buyer pays the freight."
12353,"Free on Board (F.O.B.) Origin, Freight Prepaid and Added","Title passes at origin, and seller pays the freight and then collects the charges from the purchaser by adding them to the invoice."
12354,"Free on Board (F.O.B.) Origin, Freight Prepaid and Allowed","Title to the goods passes from the supplier to the agency at point of origin and supplier pays and bears the freight expense.  Agency owns goods in transit and files claims, if any."
12355,"Free on Board (F.O.B.) Origin, Freight Prepaid and Charged Back",Title passes at origin; seller pays the freight and adds it on to the seller’s invoice.
12356,Free Rider,"The name given to individuals who reap direct benefits from someone else’s purchase or consumption of a public good. (Schiller, 2000)"
12344,Freedom of Information Acts,"Designed to make government bodies more open (by requiring release of information collected by the public body) and, at the same time, more accountable (by controlling what information may be released). Also known as Freedom of Information Legislation (FOIL). (www.american-purchasing.com/glossary)"
12357,Freeware,"Free software available on the Internet for downloading. Used and redistributed at no cost to the user. Also see shareware. (Jansen, 2002)"
13393,Freight B/L,A contract of carriage between a shipper and forwarder (who is usually a NVOCC); a non–negotiable document.
12358,Freight Bill Audit,"A review of freight bills to determine if the assessed charges were correct. It checks the classification, rating, or extension either by a third party or an inside auditor. (Miller, 2006)"
12359,Freight Classification,"A list of articles, their assigned classification, the applicable freight rate, and freight rules and regulations."
12361,Friction-Free Market,"A term used to describe a market in which there is little differentiation between the various products sold to the same target market thus resulting in a high degree of customer choice. Example: Beverages and cereal. (Business, 2002)"
12360,Frictional Unemployment,"Brief periods of unemployment experienced by people moving between jobs or into the labor market. (Schiller, 2000)"
12362,Fringe Benefits,"Non-salaried incentives and rewards used to recruit and retain employees. An area that is negotiated by unions in their labor contracts with employers. May include health, life insurance, deferred compensation, childcare, and a variety of other benefits. (Business, 2002)"
12363,Front-End Loading,"The inclusion in a bid or proposal of inflated prices on items to be delivered early in the performance of the contract and unduly low prices on later items. It is a form of unbalanced bidding that is aimed at enabling the bidder to recover money in advance of the performance of the work. Also see Unbalanced Bid. (Miller, 2006)"
13705,FTL (Full Truck Load),An FTL shipment is one in which an empty vehicle picks up material at a supplier and then drops off the entire contents at a single destination. The carrier typically charges an amount based on the distance traveled rather than on the weight or volume of the contents. The cost per unit shipped is usually less than that under LTL shipping.
13816,"FTL. SIC is being replaced by a common North American code, NAICS, which will be applicable to Canada, the U.S., and Mexico. See http",//www.census.gov/epcd/www.naics.html.
12364,Full and Open Competition,"The process by which two or more vendors attempt to secure the business of a third party by offering the most favorable price, quality, delivery terms, or service. The concept of competition presumes the existence of a marketplace in which there is more than one vendor supplying similar goods and/or services."
13434,Full Containerships,"Ships equipped with permanent container cells, with little or no space for other types of cargo."
12365,Full Employment,"The lowest rate of unemployment compatible with price stability; variously estimated at between 4 and 6 percent unemployment. (www.bls.gov, US Bureau of Labor Statistics)"
12367,Full Warranty,A warranty as to full performance covering both labor and material; the warrantor must remedy the product within a reasonable time and without charge after notice of a defect or malfunction.
12366,Full-Time Equivalent Position (FTE),"The baseline is a full-time position. All part-time positions are converted to the decimal equivalent of a full-time position based on 2,080 hours per year. For example, a part-time typist working 20 hours per week would be the equivalent to .5 of a full-time position."
12368,Functions of Money,"The roles played by money in an economy. These roles include the medium of exchange, standard of value, and the store of value. (Schiller, 2000)"
12369,Funds (Budgetary/Governmental),"An independent legal fiscal entity with assets, liabilities, reserves, a residual balance, or equity, and revenues and expenditures for undertaking activities. Funds may be expendable, meaning the authorization for spending expires at the end of the fiscal period; or non-expendable or revolving, meaning that spending beyond the fiscal year is allowed without reauthorization. Governmental funds generally finance the activities most citizens associate with general-purpose governments, e.g. police, fire, public works and procurement. Governmental funds may be subdivided into four categories: General Fund; Special Revenue Funds; Capital Project Funds; Debt Service Funds – each described separately in this dictionary."
12370,"Furniture, Fixtures and Equipment (FFE)","A supply management term that refers to commodity designations often procured by a buying team that specializes in this area. Relates to new construction and the commodities needed to furnish the structure. (ISM, 2000)"
13569,Further aft than the beam,"a relative bearing of greater than 90 degrees from the bow: ""two points abaft the beam, starboard side"". That would describe ""an object lying 22.5 degrees toward the rear of the ship, as measured clockwise from a perpendicular line from the right side, center, of the ship, toward the horizon"
12371,Future Option,"A contract entered into to buy or sell a currency, security or commodity at a fixed price for delivery sometime in the future at a date to be determined. (Business, 2002)"
12372,Futures,Contracts for immediate purchase or sale of something to be delivered at a definite time in the future at a specified price. Used as a hedging device against market price fluctuations or unforeseen supply shortages. Also see Forward Contract and Spot Price.
13518,g Effective Green Time,"The time (in seconds) within a given traffic signal phase during which
drivers actually proceed through an intersection. (Green time minus starting delay time.)"
13519,G Green Time,The time (in seconds) within a given traffic signal phase when the light is green.
12388,G.I.P.P.E.R Canadian,See Governments Incorporating Procurement Policies to Eliminate Refuse.
12373,G7 – G8 Summit,"The seven major industrial nations that meet to discuss economic issues. The group includes the United States, Canada, France, Germany, Italy, Japan and the United Kingdom. The eighth country is Russia. (Business, 2002)"
12374,Gain Sharing,"A team building and quality effort to achieve improvements by empowering employees to find creative ways to save dollars, improve profit, increase productivity and efficiency. Employees come together as a group or team and are rewarded if their efforts prove successful. Rewards may be monetary or non-monetary. (Business, 2002)"
13706,Gambler’s Ruin,"A characterization of the fact that even if the odds are in our favor, we may still go broke when facing a bigger competitor in a situation where chance plays a role. Specifically, if at each encounter, we either win a dollar from our competitor with probability p or lose a dollar with probability q = 1-p. Then, our starting wealth is $w and our competitor’s wealth is $u and the probability that our competitor will go broke before we go broke, is: [1-(q/p)w]/[1-(q/p)w+u]. Verify that even if p > 0.5, if u is large relative to w, the probability is low that our competitor will go broke first. In the special case when p = 0.5, the probability that our competitor goes broke first simplifies to w/(w+u). See also Lanchester equations. GATT (General Agreement on Trade and Tariffs) GHz (Giga Hertz): Billion cycles per second."
13783,"Garfinkel, S.(1995), PGP","Pretty Good Privacy, O’Reilly&Associates, ISBN 1-565920988. The technology is similar to RSA."
12375,GASB,See Governmental Accounting Standards Board.
12376,Gatekeeper,A role that contributes to the positive functioning of a group. A relations-oriented team role that encourages communication and participation from all team members; invites and clarifies ideas; and focuses on the assigned task.
12377,GC,See General Contractor.
12378,General Agent,An agent who has much broader powers and more latitude in using their own judgments to carry out duties assigned to them by their principals; they act on behalf of the principal on a continuous basis. Example: Purchasing Agents for a governmental agency have broad powers to contract for goods and services within the scope of their procurement authority and responsibilities.
13367,GENERAL AGREEMENT ON TARIFFS AND TRADE,"International trade agreement specifying conditions, duties and acceptable commerce practices."
12379,General and Administrative (G & A) Expense,"An indirect cost including any management, financial or other expense which is for the management and administration of the business unit as a whole, and which cannot be identified with a smaller business unit."
13435,General Cargo Carriers,"Breakbulk freighters, car carriers, cattle carriers, pallet carriers and timber carriers.  A vessel designed to carry heterogeneous mark and count cargoes."
12380,General Contractor (GC),"A contractor with the entire responsibility for performing a construction contract. A contractor that bids for a construction contract and bears the entire risk if the contract cannot be performed at the contract price. (Nash, Schooner, O’Brien, 1998)"
12381,General Fund,Used to track revenues and expenditures that support all services not assigned to other funds.
12382,General Obligation Bond,"A bond backed by the full faith, credit, and unlimited taxing power of the government agency that issued it. (Schiller, 2000)"
12383,General Provisions,"That part of the contract (bid, proposal) that contains all of the standard clauses and requirements. Also see Boilerplate."
12384,General Terms and Conditions,"The section of a solicitation that contains clauses that deal primarily with the contractual obligations of the parties to a contract; a part of the boilerplate of a bid or contract document. Also see Boilerplate. (Harney, 1992)"
12385,Generally Accepted Accounting Principals (GAAP),"Canadian Those accounting principles which have been given formal recognition or authoritative support in any particular Canadian jurisdiction. (Summit Magazine, On-Line)"
12386,Generic (Name),"Related to or characteristic of a whole group or class; not protected by trademark registration. (Business, 2002)"
12387,Gift,Something of economic value given to a public official or the public official’s relative without valuable consideration of equivalent value.
13707,GIS (Geographical Information System),"A system based around an accurate, detailed database of all streets, highways, addresses, and other physical features in a region, usually complemented with a graphical display capability. Also see TIGER."
13708,GL (General Ledger),"An aggregate summary of account balances of the firm (e.g., it contains summaries of AR, AP, Payroll, etc.)."
12389,Globalization,"Oversees business expansion and operation on a world-wide level. The Internet and other technology developments have facilitated this concept. Specific to public procurement, purchasers are part of a global economic community and products and services are now provided globally. (Miller, 2006)"
12390,GMIF,Canadian See Green Municipal Investment Fund.
12391,Golden Parachute,"A clause that is inserted in the contract of employment generally for top management employees that creates a financial package payable if the employee is dismissed and provides a measure of financial security. It may also protect the employee if mergers or takeovers take place or if the employee is dismissed due to poor corporate performance. (Business, 2002)"
12392,Goods,Anything purchased other than services or real property. Objects that can satisfy people’s wants.
12393,Goods and Incidental Services,"Canadian Materiel items and the services needed to acquire, operate and maintain them; represent the end products of materiel expenditures."
12394,Goods and Services Identification Number (GSIN),"Canadian An alphanumeric code used to categorize goods and services for the allocation of requisitions, identification of source lists, and coding of contracts. Number is allocated systematically by Supply and Services Canada."
12395,Goods and Services Tax (GST),"Canadian The tax charged by the Canadian Government on the purchase of goods and services in Canada. A Canadian tax levied at the manufacturer’s level. GST is levied on all goods manufactured or produced in Canada, as well as those imported into Canada unless an exemption applies."
12396,Goodwill,"An intangible asset of a company that includes factors such as reputation, contacts, and expertise for which a buyer of the company may have to pay a premium. (Business, 2002)"
13394,Government B/L (GBL),A bill of lading issued by the U.S. government.
12397,Government Bill of Lading (GBL),A bill of lading used by the United States Government for shipment of government-owned property or for goods being delivered to the government.
12398,Government Performance and Results Act (GPRA) (Public Law 103-62),"Adopted in 1993, requires that all programs in all federal departments and agencies report annually to the U.S. Congress on their performance. Requires federal agencies to “establish performance indicators to be used in measuring or assessing the relevant outputs, service levels and outcomes of each program activity.” (www.whitehouse.gov/omb/mgmt)"
12399,Government Property,"All property owned by or leased to a government entity or acquired by the government under the terms of a contract, including property made available for the use of the contractor during the term of the contract."
12403,Government-Wide Information,Canadian Information to be provided by all departments and agencies to meet either the statutory requirements of Parliament or the corporate information requirements of central agencies.
12401,Governmental Accounting Standards Board (GASB),The organization that establishes generally accepted accounting principles for state and local governments. (www.gasb.org)
12402,Governmental Body,"Any department, commission, council, board, bureau, committee, institution, legislative body, agency, Government Corporation, or other establishment, or official of the executive, legislative, or judicial branch of the jurisdiction."
12400,Governments Incorporating Procurement Policies to Eliminate Refuse (G.I.P.P.E.R),Canadian This guide serves as a tool to assist purchasers to incorporate environmental considerations into the procurement process.
12404,GPO,See Group Purchasing Organization.
13709,GPS (Global Positioning System),"A system for accurate determination of a vehicle’s position, based on accurately measuring the distance to four or more satellites. The satellites transmit precisely synchronized signals based on a very accurate clock in each satellite. The receiver estimates distance from each satellite and, thus, its location by observing the phase differences of the signals from the satellites."
12405,Grandfather Clause,"A contractual provision that protects the existing interests of affected parties. (ISM, 2000)"
12406,Grantee,"An entity, an agency that receives a grant of monetary funds from a grantor. Also see Third Party."
12407,Grantor,An entity which makes a grant of monetary funds to the grantee; generally a federal or state government is the grantor.
12408,Grapevine,"An informal channel of communications, separate from management’s formal, official communication channels. (Business, 2002)"
12409,Gratuitous Offer,An uninvited condition or provision submitted by a bidder or offeror; an unnecessary or unwarranted submission.
12410,Gratuity,Something given voluntarily or beyond obligation usually for some service (i.e. Tip).
13710,Gray market,"The reselling of a product in a “market” other than which it was bought and in which the manufacturer intended. For example, some software vendors have charged less for a product in the U.S. market than in the European market. Thus, some arbitragers have been tempted to buy the product in the U.S. and resell it in Europe, thus possibly reducing the profits of the manufacturer. See revenue management."
13711,Great Circle Distance,"Shortest distance between two points over the surface of the earth. If LATi is the latitude of point i in radians, and LONGi is the longitude of point i in radians, then the great circle distance in miles between cities i and j is"
12411,Green Municipal Investment Fund (GMIF),"Canadian A revolving fund providing financial services (including loan guarantees and interest-bearing loans) that allow Canadian municipalities to fund projects that protect the climate and improve air, water and soil quality. (Summit Magazine, On-Line)"
12412,Green Purchasing,See Environmentally Preferable Purchasing.
12413,Green Seal,"A non-profit environmental organization that offers expertise in green purchasing, operations and plant improvement. This organization has helped prepare environmentally responsible criteria including specifications for many products including paint, adhesives, degreasers, paper towels and napkins just to name a few. (www.greenseal.org)"
12414,Grey Market Goods,"Usually refers to the flow of new goods through distribution supply channels other than those authorized or intended by the manufacturer or producer. For example, goods intended to be only sold in Europe but eventually find their way for sale and use in the United States market. Goods being sold outside of normal distribution channels by companies which may have no relationship with the producer of the goods. Typical grey market goods include electronics, cameras, and watches. The original manufacturer may not honor the product warranty on grey market goods."
12415,Gross Domestic Product (GDP),"The total market value of all final goods and services produced within a nation’s borders in a given time period. (Schiller, 2000)"
12416,Gross Income,"Revenues minus the cost of goods sold required to generate the revenues. (Schiller, 2000)"
12417,Gross National Product (GNP),"A measure of the country’s economic performance. It is calculated by adding to the GDP the income earned by residents from investments abroad, less the corresponding income sent home by foreigners who are living in the country. (Bishop, 2004)"
12418,Gross Negligence,"Actions that display a complete disregard for life or safety. A deliberate indifference to the rights of others. A failure to act in a prudent manner or to take reasonable precaution. (Harney, 1992)"
13473,gross tonnage,"The sum of container, breakbulk and bulk tonnage."
12419,Group Purchasing Organization (GPO),"An organization created by groups of purchasers in related areas of endeavor who come together and form a purchasing consortium in order to achieve aggregated volume thus achieving economies of scale. Hospitals, universities, school districts and airports are examples of GPO groups."
12420,Groupthink,"A phenomenon that occurs during decision making or problem solving when a team’s desire to reach an agreement overrides its ability to appraise the problem properly. (Business, 2002)"
12421,Growth Rate,"Percentage change in real output from one period to another. (Schiller, 2000)"
12422,GS1 US Bar Codes and eCom,"The organization dedicated to supporting the adoption and implementation of the GS1 System (formerly the EAN.UCC [ Uniform Code Council, Inc.] System) in the United States. The BarCodes and eCom Group works with industry to solve supply chain problems through solutions based on the standards of the GS1 System. The GS1 System - the world’s most accepted standards system - standardizes identification numbers, Electronic Data Interchange (EDI), Business Message Standards using Extensible Markup Language (XML) and other supply chain solutions for more efficient business. The GS1 System is currently used by more than one million member companies worldwide. For more information: http://barcodes.gs1us.org/About/BarCodesandeComFAQs/tabid/142/Default.aspx. (Jan 2007)"
12423,GSIN,Canadian See Goods and Services Identification Number.
13712,GTIN (Global trade item number),"A code, similar to UPC, for identifying products or SKU’s."
12424,Haggle,"To negotiate a price with a buyer or seller by the gradual raising of offers and lowering of asking prices until a mutually agreeable price is reached. (Business, 2002)"
13474,harbor,A port of haven where ships may anchor.
12425,Hard Bargaining,"A term used in negotiation strategy. It is the last resort and involves take-it-or-leave-it tactics. Its use is limited to one-time or adversarial situations in which long-term or collaborative relationships are not an objective. (Burt, Dobler,Starling, 2003)"
12426,Hawthorne Experiments,"A series of studies undertaken at the Hawthorne plant of Western Electric in the United States from which Elton Mayo concluded that an approach emphasizing employee participation can improve productivity. They began in 1924 as a study conducted by the National Research Council into the relationship between workplace lighting and employee efficiency, and was then extended to include wage incentives and rest periods. (Business the Ultimate Resource, Bloomsbury Publishing, 2002)"
12427,Hazardous Material (HAZMAT),"Any material that, under the conditions of transportation or storage, is capable of posing an unreasonable risk to health, safety, or property. Includes material classified as explosive, flammable, corrosive, combustible, poisonous, toxic, biological or radiological and compressed gases. May be referred to as HAZMAT. Also see Waste."
13713,Hectare,"A unit of land area, originally French = 2.47 acres = 11954.8 square yards."
12428,Hedging (Currency),"Hedging protects the buyer against major swings in the value of the dollar against foreign currency. The buyer can achieve this via forward or futures contracts or via currency options. The buyer would enter into contracts to sell dollars for foreign currency at the time the supplier is paid. There is a profit or loss on a currency hedge contract that takes place behind the scenes. An important issue for those involved in global selling. (Burt, Dobler, Starling, 2003)"
13714,HEPA,"High Efficiency Particulate Air filter. By DOE rules, a dry, disposable filter that removes at least 99.97% of particles that are .3 micrometers in diameter. May be required for production processes that generate hazardous particulate pollution."
12429,"Herzberg, Frederick","Psychologist who found that job satisfaction and job dissatisfaction acted independently of each other. Two Factor Theory states that there are certain factors in the workplace that cause job satisfaction, while a separate set of factors cause dissatisfaction. Herzberg divided these into two factor groups: Hygiene factors (dissatisfiers) i.e., working conditions, salary, polices and procedures, etc. and Motivator factors (satisfiers) i.e., recognition, achievement, advancement, job challenge, etc. Herzberg’s factors represent the things people want from their workplace (motivators). He coined the term “job enrichment” to describe the process of redesigning work in order to build in the motivators needed to keep people interested in their jobs. Also see Hygiene Factors."
12430,Hierarchy of Interpretation,"Contract rendition and supplementation classified according to rank, capacity or authority; order is conventionally conceived of as a multi-stage process, in which various sources, including express terms, course of performance, course of dealing, trade usages, default rules, and general standards of reasonableness, are sequentially resorted to. The decision maker should not turn to any particular source before exhausting the previous ones, and in case of inconsistency, each source trumps the following ones."
12431,Historically Underutilized Business (HUB),"Generally refers to minority, women-owned, and small businesses. Also see Economically Disadvantaged Individuals, Small Disadvantaged Business, Minority-Owned Business (MBE), and Women-Owned Business Enterprises (WBE)."
13395,Hitchment B/L,"B/L covering parts of a shipment which are loaded at more than one location. Hitchment B/L usually consists of two parts, hitchment and hitchment memo. The hitchment portion usually covers the majority of a divided shipment and carries the entire revenue."
12432,Hold Back,A public sector regulatory requirement primarily appearing in construction solicitation projects; it is designed to retain a predetermined monetary amount of the full payment or a stated length of time after the project is completed before agency payment is made to the prime contractor in order to ensure that sub-suppliers have been paid for their work and materials. Also see Retainage.
12433,Hold Harmless,"A clause that requires the contractor to assume liability for damages resulting from an action taken by the contractor and absolves the government or other contracting body from any responsibility for the consequences of the action. (Harney, 1992)"
12434,Holding Cost (Inventory),"Expenses related to the risk of keeping inventories. May include overhead expenses, labor, equipment, administration, shrinkage and other costs such as repair of equipment, workers compensation, etc. (Schiller, 2000)"
12435,Hollow Corporation,"A business entity that has outsourced most of its internal support operations such as payroll, purchasing, human resources, IT, etc. (Business, 2002)"
12436,Homogenization,"The removal of characteristics differences between separate markets and cultures. (Business, 2002)"
12437,Honorarium,A token of appreciation in recognition of acts or professional services.
13475,hopper car,"A freight car used for handling dry bulks, with an openable top and one or more openings on the bottom through which the cargo is dumped."
12438,Horizontal Integration,"The merging of functions or organizations that operate on a similar level. Involves the union of companies producing the same kinds of goods or operating at the same stage of the supply chain. A strategic plan where most business functions are outsourced except a few core activities. (Business the Ultimate Resource, Bloomsbury Publishing, 2002)"
12439,Horizontal Training,Broad-based training to develop employee diversification and focus on special skills. Training that provides experiences with those who can share the corporate knowledge base needed to continue the evolution of the profession. Also known as cross training.
12440,Hourly Rate,"The amount charged for an hour of labor; includes wages, all indirect costs, and profit."
12441,Hourly Rate CANADIAN,The hourly rate of pay for the classification as established in the standing offer.
13396,House B/L,"B/L issued by a freight forwarder or consolidator covering a single shipment containing the names, addresses and specific description of the goods shipped."
13520,HPMS Highway Performance Monitoring System,"The system used by the Federal Highway Administration (FHWA) to provide information on the condition of the nation’s highway system, its use, performance and needs."
13715,HR (Human Resources),"that part of the business concerned with hiring, payroll, health, and pension plan management, etc."
13521,HSR High Speed Rail,A railway system which can transport people or goods at speeds in excess of 125 miles per hour;
13716,HTML (Hyper Text Markup Language),Standard format for describing Web pages. See http://www.w3.org/HTML/. See also XML.
12442,Human Capital,"The knowledge and skills possessed by the workforce. The health, strength, education, training, and skills which people bring to their jobs. (Schiller, 2000)"
12443,Hybrid Contracts,Contracts containing both services and product and are usually governed by the “predominant purpose” doctrine in order to determine whether the contract is one for goods or services.
12444,Hygiene Factors,"Aspects of Herzberg’s theory of motivation that focus on the work setting and not the content of the work; these aspects include adequate wages, comfortable and safe working conditions, fair company policies and job security. Also see Herzberg, Frederick. (Business, 2002)"
12445,Hyperinflation,"Inflation rate in excess of 200 percent and lasting for at least one year. (Schiller, 2000)"
12446,Hypothecate,"A finance, banking and accounting reference to the use of property as collateral for a loan. (Schiller, 2000)"
12447,Hypothesis Testing,"A statistical process of testing sample data from a statistical study to determine whether it is consistent with what is known about the sample population. (Business, 2002)"
13720,"i.i.d. (Independent, Identically, Distributed)","random variables, which have the same distribution and are independent in the sense that knowledge of one variable’s value provides no information about the value of another."
13717,IATA (International Air Transport Association),An association/cartel of most of the world’s passenger airlines for coordinating such things as fares on international flights. See http://www.iata.org. Icelandair was an early nonmember.
13718,ICC (Interstate Commerce Commission),A U.S. federal transportation regulatory agency that was legislated out of existence as part of transportation deregulation. See STB.
13522,ICE Intergovernmental Coordination Element,Required element of a local government comprehensive plan addressing coordination between adjacent local governments
12448,ICMA,See International City/County Management Association.
12450,ID/IQ Contracts,See Indefinite Delivery and Indefinite Quantity Contracts.
12452,Identical Bid,A bid that is exactly the same in all respects with another bid submitted at the same time and for the same requirements. Bids that are the same price but submitted by two or more bidders. In some cases terms and conditions may be the same. Identical bids may raise an antitrust concern when there is reason to suspect collusion between the bidders. Also see Collusion.
12449,IDIAD,Industrial Development: Incentive Administration Division
12451,IDIP,Infrastructure Delivery  Improvement Program
12453,IFPSM,See International Federation of Purchasing and Supply Management.
13719,IFR (Increasing Failure Rate),"A failure rate curve such that the probability of failing in the next instant, given that the machine has not yet failed, is increasing with time. Thus, preventive maintenance tends to be a good thing to do. Incandescent light bulbs, for example, tend to be IFR. Once they have accumulated 1000 hours, the probability of failure increases. See also DFR, MTBF."
12454,Immaterial Defects,A tangential flaw having no material body or form that may be corrected without prejudice to other bidders. Example: Submission of two copies of a catalog when three copies were requested.
12455,Imperfect Competition,A condition that exists when the marketplace is dominated by only one or possibly a few sellers. This is referred to as an Oligopoly. Also see Oligopoly.
12456,Implied Authority,"Authority that is not defined expressly, but is only determined by inferences and reasonable deductions arising out of the conduct of the principal toward the agent and the agent’s actions. Also see Express Authority and Inherent Authority."
12457,Implied Warranty of Merchantability,"A promise, arising by operation of law, that something that is sold will be merchantable and fit for the purpose for which it is sold. Implied warranties come in two general types: merchantability and fitness.Imports: Goods and services purchased from international sources that flow into a country. (Schiller, 2000)"
12458,Imprest Fund,A petty cash fund. A cash reserve for expenditures made in accordance with established policies and controls.
12459,Improper Influence,Any influences that induce or tend to induce a government employee or officer to give consideration to or act regarding a government contract on any basis other than the merits of the matter. (FAR 3.401)
13523,IMS Intermodal Management System,"Systematic process to improve the coordination in planning and implementation of air, water and land-based transportation facilities and services; required for transportation facilities connected to the National Highway System (NHS)"
12485,In-House Bidding,"The practice of allowing public agencies to compete against private providers of services. When a decision is made to contract out a service, the public service provider submits an offer/proposal to perform the services just as a private provider would. (Harney, 1992)"
12488,In-Process Inspection,Inspection performed at the seller’s site usually during the manufacturing or repair process to ensure work to date complies with specifications and contractual agreements; has the potential to identify defects which could not be seen during final inspection.
12495,In-State Preference,A bid preference given to vendors/bidders doing business in the state.
13721,Inbound,A shipment into a DC. Tends to be on larger vehicles.
13722,Incentive compatible,"A feature of a business agreement such that when the individual partner maximizes his own profits, he will also maximize the total profits of all partners to the agreement. Such an agreement typically involves some form of revenue sharing. See also: co-op advertising, transfer price."
12460,Incentive Contract,"Any contract that includes a means to reward the contractor for reaching certain predetermined goals to reduce cost, reach a level of performance above the level contracted for or produce results that are beneficial and exceed contract requirements. (Harney, 1992)"
12461,Income Redistribution,"An economic term that refers to a government policy to redirect income to a targeted sector of a country’s population, for example, by lowering the rate of tax paid by low income earners. (Schiller, 2002)"
12462,Incompatible Items,Canadian Certain materiel or substances which cannot be stored or shipped together or in close proximity to one another because they are likely to react to each other owing to their chemical composition.
12463,Incurred Costs,Actual costs rather than Estimated Costs.
12464,Indefinite Delivery (ID) Contract,A type of contract in which the time of delivery is unspecified in the original contract but established by the procurement officer during contract performance.
12465,Indefinite delivery with a definite quantity,See Delivery/Indefinite.
12466,Indefinite Quantity (IQ) Contract,"A type of contract that provides for the delivery of indefinite quantities, within stated limits, of supplies or services to be furnished during a fixed period, with deliveries or performance to be scheduled by placing orders with the contractor."
12467,Independent Contractor,A worker hired by a business or public entity to accomplish a given result who has the right to control or direct his or her own work as to the details and means by which the desired results are achieved.
12468,Independent Cost Estimate (ICE),"Generally refers to the Project Manager and/or Consultant’s cost estimate for the pending project which reflects anticipated project costs for budgetary funding purposes, etc."
12469,Indexation,"The linking of a rate to a standard index of prices, interest rates, share prices, or similar items. This is what occurs on contracts where the pricing is tied to an index. (Miller, 2006)"
12470,Indirect Channel,"The selling and distribution of products to customers through intermediaries such as wholesalers, distributors, agents, dealers and retailers. (Business, 2002)"
12471,Indirect Costs,"Costs incurred that are not directly related to service delivery such as insurance and employee benefits. Costs that do not relate directly to performance such as overhead costs incurred in the normal course of business. (Harney, 1992)"
12472,Indirect Labor,"Personnel not directly engaged in the manufacturing of products or the provision of services. Includes white-collar workers and office and support staff. (Business, 2002)"
12473,Industrial Engineering,"An applied science discipline concerned with the prediction, planning, evaluation, and improvement of company effectiveness. The purpose of industrial engineering is to maximize efficiency, quality, and production through the best use of personnel, materials, facilities, and equipment. (Business, the Ultimate Resource, 2002)"
12474,Industrial Espionage,"The practice of spying on a business competitor in order to obtain their trade or commercial secrets. (Business, the Ultimate Resource, 2002)"
12475,Industrial Goods,"Goods produced for industry, which include processed or raw materials, goods used to produce other goods, machinery, components and equipment. (Schiller, 2000)"
12476,Industrial Revenue Bond,"A bond that a private company uses to finance construction. (Business, the Ultimate Resource,2002)"
13415,Industry–related,A point at which freight moving from one territory to another is interchanged between transportation lines.
12477,Ineligible Bidder/Offeror,"An individual or business entity who does not meet the stated qualifications for responding to a bid/offer or has been disqualified, suspended or debarred. (Harney, 1992)"
12478,Inflation,"An increase in the average level of prices of goods and services usually measured incrementally over a given time period. Also see Deflation. (Schiller, 2000)"
12479,Inflation Index,Canadian A statistical table which reflects trends of inflation or deflation for classes of materiel items; can be used to forecast replacement costs.
12480,Inflation Rate,"The annul percentage rate of increase in the average price level. (Schiller, 2000)"
12481,Informal Bid/Proposal,"A competitive bid, price quotation or proposal for supplies or services that is conveyed by a letter, fax, e-mail or other manner that does not require a formal sealed bid or proposal, public opening or other formalities. Generally relegated to requirements that may be considered low value or fall under a stipulated price/cost threshold."
12482,Informalities/Irregularities,"A submission of a bid or offer which contains minor defects or variations from the exact requirements of the solicitation that do not affect price or other mandatory requirements. Generally a matter of form rather than substance. Following legal review may sometimes be corrected within a certain time period. Also see Irregularities and Informalities. (Harney, 1992)"
13723,INFORMS (INstitute For Operations Research and Management Sciences) http,//www.informs.org. IP (Integer programming): a generalization of linear programming that allows some variables to be restricted to integer values. It is very useful for planning models with go/no-go decision variables.
12483,Inherent Authority,"Authority based on a government’s sovereignty, to enter into contracts, although not explicitly authorized. Also see Implied Authority and Express Authority."
12484,Inherently Governmental Functions,A nebulous term that has been defined as those governmental functions or services which are so intimately related to the public interest as to mandate performance by government employees. These functions include those activities that require either the exercise of discretion in applying governmental authority or the making of value judgments in making decisions for the government.
12486,Initial Public Offering (IPO),"The first issuance to the general public of stock in a corporation. (Business, 2002)"
12487,Initial Training,A method of training typically provided to new employees to expose them to the body of knowledge which includes agency policies and procedures that will be required to comprehend and perform the duties of their position.
12489,Inside Information,"Information that is of advantage to investors that gives them unfair advantage over other investors and the general public. (Business, 2002)"
12490,Insolvency,"The inability to pay debts when they become due. Insolvency will apply even if total assets exceed total liabilities, if those assets cannot be readily converted into cash to meet debts as they mature. (Business, 2002)"
12491,Insourcing (in-house),Moving an outsourced business operation in-house. Also see Outsourcing and Contracting Out.
12492,Inspection Level,"The quantity level at which samples are to be inspected, as well as the size of the sample."
12493,Inspection Report,"The result of an organized examination. A document made as a result of an analysis, informing the purchasing authority of a product’s compliance with advertised specifications."
12494,Installment Sale,A contractual exchange made with the agreement that the purchased goods will be paid for in fractional amounts over a specified period of time.
12496,Institute of Supply Management (ISM),"Founded in 1915, ISM’s mission is to lead the supply management profession through its standards of excellence, research, promotional activities, and education. ISM’s membership base includes more than 45,000 supply management professionals with a network of domestic and international affiliated associations. ISM is a not-for-profit association that provides opportunities for the promotion of the profession and the expansion of professional skills and knowledge. Formerly National Association of Purchasing Management (NAPM)."
12497,Insurance,"A contract between an insurance company and a person or group which provides for a monetary payment in case of a covered loss, accident, death or other insurable exposure. A form of risk mitigation."
13725,Inter-modal,see multi-modal.
12498,Interested Party,See Legal Standing.
13397,Intermodal B/L,"B/L covering cargo moving via multimodal means. Also known as Combined Transport B/L, or Multimodal B/L."
13456,"Intermodal means using 2 or more, modes of transportation","rail, truck or ship. The stock can move over sea by ship, over land by rail and then, at the main rail switch, the container is removed and put on truck chassis. The stock is then carried by truck to our Distribution Centers."
12499,International Organization for Standardization (ISO),"Headquartered in Geneva Switzerland, it is an international body composed of members representing standards organizations. The objective of the organization is to promote the development of standards, testing and certification in order to encourage the international trade of goods and services. As of 2002, ISO reports that its standards have resulted in certification of over 400,000 organizations around the world. ISO has concentrated on quality improvement and has issued the ISO 9000 series of quality system standards. ISO 14000 standards certify an organization’s environment performance. For more information: www.iso.ch."
12500,Inventory (Holding Cost),See Holding Cost (Inventory).
12501,Inventory (Vendor Managed),"A form of outsourcing whereby a contract is initiated with a private business to manage and control the inventory of the public entity. The contractor is responsible for all inventory functions which may include re-ordering. Also called Vendor Managed Inventory. (Miller, 2006)"
13348,Invoice management is an internal business function linked to procurement and is responsible for managing and processing invoice documents from vendors and suppliers. The invoice management process usually involves the following steps,"receiving the invoice, extracting invoice information, validating and verifying the invoice information, approving payments and finally archiving the invoice for future reference."
13724,IP (internet protocol),"a widely used standard format for moving data over a network based in part upon breaking a message into packets of standard size, with the first few bytes providing the destination address."
13726,"IRI (Information Resources, Inc.)","A Chicago based supplier of industry sales data for consumer products (e.g., supermarkets). These data are obtained from sources such as cash register scanners. Another supplier of such data is A.C. Nielsen."
13727,ISBN (International Standard Book Number),"A ten digit product code used for book products. The first digit represents the country, the next several digits the publisher, the next several digits the product, and the final digit is a check digit = (1*d1 + 2*d2+…+9*d9) mod 11. A check digit of 10 is represented by X. The check digit will catch any single digit error or any single transposition. See also UPC."
13728,ISO (International Standards Organization),An international organization to coordinate the setting of standards to facilitate international commerce. See http://www.iso.ch/welcome.html.
12502,"ISO 9000, ISO 14000","Families of standards and guidelines relating to quality management systems and processes. ISO 9000 is primarily concerned with quality; ISO 14000 is primarily concerned with environmental management. Developed by the International Organization for Standardization. (ISM, 2000)"
13524,ISTEA Intermodal Surface Transportation Efficiency Act of 1991,"USA law which restructured transportation planning and funding by requiring consideration of multimodal solutions, emphasis on the movement of people and goods as opposed to traditional
highway investments, flexibility in the use of transportation funds, a greater role of MPOs, and a greater emphasis on public participation."
13379,It is a system used by ships and Vessel Traffic Service (VTS) principally for the identification and the locating of vessels. AIS provides a means for ships to electronically exchange ship data including,"identification, position, course, and speed, with other nearby ships and VTS stations."
13525,ITE Institute of Transportation Engineers,"An international society of professionals in transportation and traffic engineering; publishes Trip Generation (a manual of trip generation rates by land use type). ITS Intelligent Transportation System: Use of computer and communications technology to facilitate the flow of information between travelers and system operators to improve mobility and transportation productivity, enhance safety, maximize the use of existing transportation facilities, conserve energy resources and reduce adverse environmental effects; includes concepts such as “freeway management systems,” “automated
fare collection” and “transit information kiosks.”"
13526,IVHS Intelligent Vehicle/Highway Systems,"Technologies that focus on monitoring, guiding or operating motorized vehicles, or providing information to travelers about road and traffic conditions; examples include computerized navigational systems in cars, collision warning systems and freeway ramp metering. JPA Joint Participation Agreement: Legal instrument describing intergovernmental tasks to be accomplished and/or funds to be paid between government agencies. K Design Hour Factor: Used to convert daily traffic counts to hourly traffic counts, and annual average traffic counts to peak season traffic counts; most road are designed for peak hour, peak season traffic counts."
12503,Jawboning,"The use of verbal encouragement or discouragement by political and economic leaders to achieve a targeted outcome or a particular result. It is an attempt to change public sentiment and move the economy in a certain direction without implementing formal economic policies. (Schiller, 2000)"
13729,JIT (Just In Time),"A form of inventory management in which product is transported in small batches, so that very little inventory is carried because components are delivered just as they are needed. See base stock."
13730,JIT-II,"A style of business coordination, initiated at Bose, whereby a firm’s suppliers and carriers have a full time representative at the firm to coordinate the supply process."
12504,Joint Ownership,"Ownership by more than one party, each with equal rights in the item owned. Frequently applied to the ownership of property or other assets. (Business, 2002)"
13731,joint-product,"one of two or more products (e.g., skim milk and cream) produced by a single production process. See also by-product."
12505,Joint-Use (Agreements),"Agreements between various government agencies that may involve the joint-use of public property such as buildings and equipment. For example, a public school district may share the use of a high school swimming pool with a county recreation and parks agency."
12506,Judgmental Forecasting Method,"A prediction tool that incorporates intuitive judgments, opinions and probability estimates. These forecasts are very subjective and are considered qualitative issues with no absolute resolutions. Generally this situation occurs when either the organization infrequently procures the product or service or if the product or service is relatively new or in a dynamic environment. An example is the rapid increase in demand for hybrid automobiles."
12507,Junk Bonds,"A special type of high-interest-rate bonds that carry higher inherent risks. (Business, 2002)"
12508,"Juran, Joseph","Published the Quality Control Handbook in 1951. Developed the quality trilogy, which consisted of quality planning, quality control, and quality improvement. (Business, 2002)"
12509,KD,See Knocked Down.
12510,Kickback,The payment of something of value to an individual with the goal of persuading or influencing his or her decision or performance in a certain situation.  May be in the form of cash or favors and is usually unethical.
12511,Labor Force,"All persons over the age of 16 who are either working for pay or actively seeking paid employment. (Schiller, 2000)"
12513,Labor Surplus Area,An area designated by the Secretary of Labor as having concentrated unemployment or underemployment in comparison with other areas. Used as one of the criteria for designating economically disadvantaged vendors/suppliers.
13476,labor union,"An organization of workers formed to serve members’ collective interests with regard to wages and working conditions. The maritime unions within ports can include locals of the larger union, such as the General Longshore Workers; Clerks and Checkers; Sack-sewers, Sweepers, Water boys and Coopers; Dock Loaders and Unloaders of Freight Cars and Barges; Dray Clerks, Weighers and Samplers; plus the Seafarer’s International Union; the National Maritime Union; the Marine Engineers’ Beneficial Association and the Teamsters. Some laborers don’t belong to a union."
12512,Labor-Hour Contract,A variation of the time-and-materials contract differing only in that materials are not supplied by the contractor. Provides for the acquisition of services on the basis of direct labor hours at specified fixed hourly rates; is generally used when it is not possible to estimate the extent or duration of required work.
12514,Laissez Faire,"A French phrase meaning “let it be”. An economic doctrine that opposes government involvement in business and commerce. The philosophy of “leave the economy alone” of non-intervention by government in the market mechanism. (Schiller, 2000)"
13732,Lanchester equations,"a pair of differential equations that describe the losses incurred by two competitors or combat forces as a function of their sizes. In discrete time, if the size of the two forces in period t are At and Dt and K, r, and s are parameters, then: At+1 = At - KAtrDts, and Dt+1 = Dt - KDtrAts. Typical cases are a) r = s = 1, and b) r =0, s = 1. Parameter K corresponds approximately to a probability of success. Either case illustrates the importance of concentrating one’s efforts. The essence of these equations was given by F.W. Lanchester in 1916, and by M. Osipov in 1915."
12515,Landed Item Cost,"The total external item-related costs incurred by the purchaser in obtaining an item from the vendor; i.e. sum of the individual directly-related costs such as the expenses (if any), taxes, custom duty fees, etc. This is especially helpful to the agency in determining its total cost to procure that specific item. It does not include any internal agency costs such as salary and overhead expenses, etc."
13733,Lane,"shipping along a specific origin-destination pair. Typically the origin-destinations are city to city, but they might also be state to state, city to state, etc."
13572,"Large mass of sand or earth, formed by the surge of the sea. They are mostly found at the entrances of great rivers or havens, and often render navigation extremely dangerous, but confer tranquility once inside. See also","touch and go, grounding. Alfred Lord Tennyson's poem ""Crossing the bar"" is an allegory for death."
13734,LASH (Lighter Aboard SHip),A multi-modal form of shipping in which small barges are carried on ocean going ships. A standard size of such barges is 44 feet by 26 feet with a capacity of 385 metric tons. A LASH ship may carry about 80 LASH barges.
12516,Last In-First Out (LIFO),"A warehousing inventory term used to indicate that the latest acquired materials are assumed to be physically used first and the remaining materials acquired earlier in date time are assumed to be still on hand in inventory. The LIFO methodology does not rotate inventory therefore it tends to result in aged and outdated materials remaining in inventory; An accounting technique where the highest price is selected from a range of prices that have been paid for the item over a period of time, thus lowering the average cost per unit remaining in inventory while simultaneously increasing the cost of goods sold. The LIFO accounting technique tends to be more popular during inflationary periods, especially in private sector organizations, because of tax considerations. Also see First in-First Out (FIFO)."
12517,Late Bid/Proposal,"A bid, proposal, withdrawal, or modification received, at the designated place for receipt, after the established due date and time. Procurement policies should be established in order to provide guidance regarding how late bids/proposals are handled administratively. In most public entities, late bids/proposals are not opened and may be returned to the bidder/proposer advising that the bid was received late (after the due date and time) and cannot be accepted."
12518,Latent Defect,"A defect, deficiency or imperfection that is not detected or discovered using generally accepted inspection methods. A defect that surfaces after final acceptance. It is not concealed damage. Also see Defect. (NASPO, 2001)"
12519,Law of Agency,"The law of agency states that an agent is someone who acts on behalf of a principal. A product of common law that focuses not only on the creation of agent relationships but also the liability for losses suffered by others who deal with agents. There are two ways to create an agency relationship - by agreement between principal and agent or by law. Also see Agent, Buyer and Principal."
12520,Law of Demand,"The quantity of a good demanded in a given time period increases as its price falls. (Schiller, 2000)"
12521,Law of Supply,"The quantity of a good supplied in a given time period increases as its price increases. (Schiller, 2000)"
13416,Laydays/Cancelling (date),Range of dates within the hire contract must start.
12522,LBO,See Leveraged Buyout.
12523,Leadership in Energy and Environmental Design (LEED) Certification,"A certification issued by the U.S. Green Building Council (USGBC). It is a voluntary, consensus-based rating system, which delivers a sound and certifiable basis for identifying buildings that represent leadership in the use of sustainable building practices and design. Referred to as LEED Certification. (www.usgb.org)"
12524,Leading Indicators,"An economic term also referred to as cyclical indicators, these are groups of statistics that point to the future direction of the economy and the business cycle. May be helpful when performing price or supply forecasts. (ISM, 2000) Also see Lagging Indicator."
12525,Lean Thinking,"An organizational culture that is characterized by a comprehensive effort to identify and remove waste and thus improve efficiency in all areas including time, materials, people, money, facilities, quality, schedules, policies, customers, transportation and logistics."
12526,LEAP (Learning and Education to Advance Procurement),"Educational services offered by NIGP that offer opportunities for purchasing interns, practitioners and scholars to elevate professional recognition. The curriculum provides foundation courses leading to professional certification and advanced courses leading to an Executive Certificate in Public Procurement."
12527,LEED Certification,See Leadership in Energy and Environmental Design (LEED) Certification.
12528,Legal Barriers,"Refers to the effect that existing laws, statutes, or ordinances may have on governmental decision making or the lack thereof. (Business, 2002)"
12529,Legal Notice,"A public notice required by law, ordinance or executive order. Generally placed in a newspaper of general circulation or may be posted on a web-site, magazine or other media, depending on the specific legal requirements."
12530,Legal Standing,"In common law, and under many statutes, standing is the ability of a party to demonstrate to the court sufficient connection to and harm from the law for action challenged to support that party’s participation in the case. Also reference Interested Party."
12531,Legality of Purpose,"To be valid and enforceable, a contract must be consistent with federal, state or local law and cannot violate legal statutes of public policy. (ISM, 2000)"
12532,Legally Flawed,A document or situation that contains terms or conditions that are contrary to law which may make an award impossible.
12533,Legislative Law,"A source of public procurement law that may include written constitutions, statutes, ordinances, and charters."
12534,Less-Than-Carload (LTC),"A quantity of freight less than the amount necessary to constitute a full carload. A transportation/freight term that refers to a freight rate that is usually higher than for a full carload. (ISM, 2000)"
12535,Less-Than-Truckload (LTL),A quantity of freight less than the amount necessary to constitute a full truckload.
12536,Letter Contract,"Typically, a quickly crafted document, where exigency requires an immediate binding agreement so work can begin, but time does not permit the development of a definitive contract. An interim contractual agreement."
12537,Letter of Intent (LOI),"A letter customarily employed as a preliminary understanding of parties that intend to enter into a contract. (Black’s Law Dictionary, 904, 1990)"
12538,Leveraged Buyout (LBO),"A purchase in which a group of investors borrow money from banks and other institutions to acquire a company, using the assets of the purchased company to guarantee repayment of the loan. (Business, 2002)"
12539,License,"A legal instrument granting permission to do a particular thing, to exercise a certain privilege, to carry on a particular business, or to pursue a certain occupation. When granted by an appropriate government body, licenses are permits allowing a person, firm, or corporation to pursue some occupation or business, subject to regulation. (Black’s Law Dictionary, 919-20, 1990)"
12540,Life Cycle Cost (LCC),"The total cost of ownership over the life span of the asset. A procurement technique that takes into account operating, maintenance, the time value of money, disposal and other associated costs of ownership as well as the residual value of the item."
12541,Life Expectancy,The number of years during which the asset is expected to remain in active use.
13735,LIFO (Last In First Out),"Inventory policy in which the last item added to inventory is the first one used. It is of interest for tax purposes in that in a time of rising raw material prices, taxable profits are postponed. See also FIFO."
13736,LIFR (Line Item Fill Rate),"The fraction of line items that are filled. For example, if a line item in an order requests ten units, then the line item is defined as filled only if all ten units are shipped. If all line items request just one unit, then the line item fill rate is the same as the item fill rate. See also order fill rate and item fill rate."
13477,Lift On-Lift Off (LO/LO),Cargo handling technique involving transfer of commodities to and from the ship using shoreside cranes or ship's gear.
12542,Limitation of Cost,A provision that limits the total costs for which a contractor can be reimbursed under the terms of a cost reimbursement contract.
12543,Limited Liability Company (LLC),"A form of business ownership that provides limited liability and taxation like a partnership but places fewer restrictions on shareholders. (Ferrell, 2002)"
12544,Limited Warranty,A written warranty which fails to meet one or more of the minimum standards for a full warranty.
12545,Line and Staff,"An organizational structure having a traditional line relationship between superiors and subordinates and also specialized managers, called staff managers, who are available to assist line managers. (Ferrell, 2002)"
12546,Line Function,"One of the three identified functions of a procurement department. This function includes its own authorized work to issue bids, requests for proposals, and contracts with vendors in order to obtain the necessary materials and services in support of agency operations; the procurement department is the primary point of contact when doing business with the agency under the principles of the law of agency; functions as a specific department within the agency that has its own budget and organizational hierarchy and appears as an individual department on the agency’s organizational chart with other departments such as personnel, finance, police, fire, etc. Also see Staff Function and Service Function."
12547,Line Item Budget,"Fixed budgets with monies appropriated for a particular period, usually one year, which can be tied to a specific project or item. This money is specifically allocated to that project or item and cannot be spent on other uses. They are easy to understand and are designed to maximize control and ensure financial accountability."
12549,Line Object,Canadian A departmental classification of expenditure at the source. It is either coincident with the economic object or represents a subdivision of it.
12548,Line of Credit,"An arrangement by which a bank or lending institution agrees to lend a specified amount of money to an organization upon authorized request. Assures that cash will be available to meet day-to-day business expenses. (Ferrell, 2002)"
13738,Linear loss function,0
13737,Linear programming,a mathematical procedure for maximizing a linear function subject to linear inequality constraints. George Dantzig gave a general statement of the problem and invented the Simplex method for solving linear programs.
12550,Liquidity,"The ability of an asset to be converted into cash. (Schiller, 2000)"
12551,Liquidity Ratios,"Ratios that measure the speed with which a company can turn its assets into cash to meet short-term debt. (Schiller, 2000)"
12552,LISTSERV,"An automatic mailing list server targeting a specified group. When email is addressed to a LISTSERV mailing list, it automatically broadcasts to everyone on the list. (Jansen, 2002)"
12553,Litigation,One party to a contract bringing suit against the other party in a court of law. Also see alternative dispute resolution.
13739,Little’s Flow Equation,states that (average inventory level) = (average throughput rate )* (average time in system).
12554,Living Wage,"A term used by advocates to refer to the minimum hourly wage necessary for a person to achieve some specific standard of living. In the context of developed countries such as the United Kingdom or Switzerland, this standard generally means that a person working forty hours a week, with no additional income, should be able to afford a specified quality or quantity of housing, food, utilities, transport, health care, and recreation. This concept differs from the minimum wage in that the latter is set by law and may fail to meet the requirements of a living wage. (Wikipedia 1.17.07)"
12555,LLC,See Limited Liability Company.
13740,Load planning,"The process of deciding which items get loaded where in a truck, airplane, container, or ship. For a LTL truck, you want to load items in the reverse order of which they will be removed (assuming unloading from the rear). For ships and airplanes, you want the center of gravity of the load to be close to the center of lift or support. You want the heaviest item to be closest to the center of support, so as to reduce the stress. For a truck, you want the load evenly distributed over the axles, so as to not violate axle weight limits."
12556,Local Preference,"See Bid Preference, Buy Local and Preference."
12557,Local Public Procurement Unit,"Any county, city, town, school district, special authority, or any other subdivision of the state, or public agency of any such subdivision, or educational, health, or other institution spending public funds for the procurement of services, supplies, or construction."
12558,Local Purchase Authority,Canadian Delegated authority to initiate and administer a purchase instrument.
12560,Lock-out,"A management’s version of a strike, wherein a work site is closed so that employees cannot go to work. Any form of work stoppage that will impede a contractor’s ability to perform the contracted work. (Business, 2002)"
12559,Lockbox,"A postal address, usually a commercial bank, at which a company receives payments in order to speed collections from customers. (Ferrell, 2002)"
12561,LOE,See Level of Effort Contract.
13741,Logit model,"A statistical technique frequently used in deciding whether to grant or deny credit to a prospective customer. Given various features of customer i, xi1, xi2, .. xin, the logit model determines weights w0, w1,… wn, to compute a score s(i) = w0 + w1* xi1 + … +wn*xin. Prospects with a high score are granted credit; prospects with a low score are denied credit. Probability of being bad (0) is based on the logistics distribution and is given by: Prob{ i is bad | s(i)} = 1/(1 + e-s(i)). See also Probit model."
13398,Long Form B/L,B/L form with all Terms & Conditions written on it.Most B/L’s are short form which incorporate the long form clauses by reference.
12562,Long Term Contract,A decision to contract with a specified vendor over an extended period of time.
12563,Long-Term Liabilities,"Debts that will be repaid over a number of years, such as long-term loans and bond issues. (Business, 2002)"
13478,longshoremen,"Dock workers who load and unload ships, or perform administrative tasks associated with the loading or unloading of cargo. They may or may not be members of labor unions. Longshore gangs are hired by stevedoring firms to work the ships. Longshoremen are also called stevedores."
13527,LOS Level of Service,A qualitative assessment of a road’s operating condition; generally described using a scale of A (little congestion) to E/F (severe congestion).
12564,Loss,"A business situation in which the total cost of production exceeds total revenue; negative profit. (Schiller, 2000)"
13742,Lot-splitting,"A manufacturing convention of splitting a final order size into smaller lots at some point in the production process. For example, suppose a customer orders 100 angle rings and producing angle rings requires two steps (rolling and welding). We lot split if after rolling the first ten rings, we ship this sub-lot of ten on ahead to begin the welding operation. The advantage is that for our little example, the lot splitting may allow the order to get through the factory in almost half the time. The disadvantage is that administrative costs may increase if we do not have a good way of keeping track of the status of all the sublots of a final lot. JIT is based in large part on lot-splitting."
12565,Lowball,"To begin a sales negotiation or sales transaction by quoting low prices and then attempting to raise the prices once the buyer shows interest. Also see Buying In. (Miller, 2006)"
12566,Lowest Responsive and Responsible Bidder,"The bidder who fully complied with all of the bid requirements and whose past performance, reputation and financial capability is deemed acceptable and has offered the most advantageous pricing or cost benefit, based on the criteria stipulated in the bid documents."
13528,LRP Long Range Plan,"A 20-year forecast plan required of state planning agencies and MPOs; must consider a wide range of social, environmental, energy and economic factors in determining overall regional goals and consider how transportation can best meet these goals."
13529,LRT Light Rail Transit,"An electric rail system which has single cars or short trains, and
passengers board at track or car floor level;"
12567,LTC,See Less-than-Carload.
13743,LTL (Less Than Truckload),"A shipment that shares space on the vehicle with shipments destined for other recipients. A vehicle that makes multiple stops, dropping off or picking up only a portion of its load at each stop."
12568,LVP,Large Volume Parenteral
12569,Macroeconomics,"The study of aggregate economic behavior. The study of the economy in a larger context- to view it as a whole. Also see Microeconomics. (Schiller, 2000)"
13744,MAD (Minimum Absolute Deviation),"A measure of statistical error defined as the average absolute deviation between the forecast and the actual, or perhaps alternatively between the mean and the actual. Contrast this with standard deviation, which measures the average squared difference. If our costs (e.g., shortage or inventory) are simply proportional to our overage or underage, then MAD may be a more useful measure of error. One of the early motivations for using the MAD in forecasting systems was that the MAD takes about half as much work to compute as the standard deviations. For random variables with a Normal distribution, the standard deviation is approximately equal to 1.25*MAD."
12570,Mailbox Rule,"A common-law rule providing that an acceptance of an offer becomes effective and creates a binding contract when it is transmitted rather than when it is received. (Nash, Schooner, O’Brien, 1998)"
12571,Maintenance Bond,"A surety guarantee which protects the purchaser against defects or inferior materials or workmanship for a specified period of time following the expiration of the initial warranty or guarantee period. An extended warranty guaranteed by a surety. (Business, 2002)"
12572,"Maintenance, Repair, Operating (MRO)","A supply management term that refers to various commodities that are generally of low value, purchased frequently and available from multiple sources. These items are often assigned to a buying team who specializes in these commodity areas. Typical examples include oil, rags, grease, tools, and hardware fasteners."
12573,Managed Competition,See Public-Private Competition.
12574,Management,"A process designed to achieve an organization’s objectives by using its resources effectively and efficiently in a changing environment. The management process consists of five functions: planning, organizing, directing, controlling and staffing. (Ferrell, 2002)"
12575,Management Audit,An audit conducted to determine the degree of management efficiency and effectiveness.
12576,Management Buy-Out,"The purchase of an existing business by an individual manager or management group from within the business. (Business, 2002)"
12577,Management Reports,A technique used to measure progress or to control procurement activities from collected data. These reports enable both procurement officials and managers to assess progress and readjust activities to accomplish the goals and objectives of the organization.
12578,Manufacturer,"A person or business entity that creates, makes, processes, or fabricates a product or something of value, which changes a raw material or commodity from one form to another or creates a new product or commodity. (Business, 2002)"
12579,Manufacturer Code,Canadian A numeric code assigned by respective government agencies to organizations which are sources of supply for items produced. The code numbers are also assigned to government manufacturing equipment or to certain special non-manufacturing organizations.
12580,Manufacturer’s Price List,A price list published in some form by the manufacturer and available to and recognized by the trade. The term does not include a price list prepared especially for a given bid.
13745,MAPE (Mean Absolute Percentage Error),The mean absolute forecast error divided by the average demand times 100. It is always non-negative and may be greater than 100.
12581,Marginal Propensity to Consume (MPC),"The fraction of each additional dollar of disposable income spent on consumption; the change in consumption divided by the change in disposable income. (Schiller, 2000)"
12582,Marginal Propensity to Save (MPS),"The fraction of each additional dollar of disposable income not spent on consumption. (Schiller, 2000)"
13581,Maritime punishment,to punish by dragging under the keel of a ship.
12583,Market Analysis,"The process of analyzing prices and trends in the competitive marketplace to compare product availability and offered prices with market alternatives and establish the reasonableness of offered prices. Also see Demand Analysis, Procurement Profile, Spend Analysis and Supply Positioning. (Business, 2002)"
13344,"MARKET ANALYSIS - When developing a procurement strategy, most procurement processes reconcile analysis of demand for the category with the attributes of the supply market to develop an appropriate strategy. Market analysis is the systematic review of the characteristics, capacity and capability of the supply market in order to understand the extent to which the market meets the needs of the buying organization. For example, the definition of market requires decisions about two key dimensions","the geographical scope of the market, (is it a local, regional, national or global market?), and the technical scope of the market. Technical scope addresses the range of solutions that meet substantially the same need. Once the market is defined, tools of analysis may be used to profile the 13 market, such as life cycle, trends, technology road map, the relative bargaining power of buyers and sellers, the threat of new entrants etc."
12584,Market Economy,"An economy that relies on markets for basic decisions about WHAT to produce, HOW to produce it, and FOR WHOM to produce. Contrast to socialism or communism where political decisions determine market direction. (Schiller, 2000)"
12585,Market Grades,"Used when procuring commodities that are traded regularly on the commodity exchange such as lumber, steel, food products, fuel, etc. Grading determines the quality level of the commodities. Trade associations, commodity exchanges and government agencies are sources of market grade information."
12587,Market Segmentation,"A strategy whereby a business divides the total market into groups of people who have relatively similar product needs. (Ferrell, 2002)"
12588,Market Supply,"The total quantities of a good that sellers are willing and able to sell at alternative prices in a given time period. (Schiller, 2000)"
12589,Market Testing,"A service contracting technique which refers to the use of public-private competitions to compare or benchmark in-house service delivery approaches and costs against the private sector. (Ferrell, 2002)"
12590,Market Value,"Canadian The price which a product, service or property might be expected to bring if offered for sale in a fair market, i.e. a market that is not prone to fluctuations."
12586,Market-oriented pricing,"Price setting that occurs when prices are defined according to the range of the quality of the product or service provided by the supplier.  Example: the good, better, best models of products with extra features such as are found in automobiles and electronics. Market Research: Collecting and analyzing information about capabilities within the market to satisfy agency needs. The results of market research are used to arrive at the most suitable approach to acquiring, distributing and supporting supplies and services."
12591,Marketable Securities,"Temporary investment of “extra” cash by organizations for up to one year in U.S. Treasury bills, certificates of deposit, commercial paper, or Eurodollar loans. (Ferrell, 2002)"
12592,Marketing,"A group of activities designed to expedite transactions by creating, distributing, pricing, and promoting goods, services and ideas. (Ferrell, 2002)"
12593,Marketing Channel,"A group of organizations that moves products from their producer to customers; also called channel distribution. (Ferrell, 2002)"
12594,Marketing Mix,"The four marketing activities—Product, Price, Promotion and Distribution—that the business can control to achieve specific goals within a dynamic marketing environment. (Ferrell, 2002)"
12595,Maslow’s Hierarchy (of Need),"A theory developed by Abraham Maslow, that arranges the five basic needs of people: Physiological, Security, Social, Esteem and Self-Actualization-—into the order in which people strive to satisfy them. Once a need is satisfied, it is no longer a motivator. (Ferrell, 2002)"
12596,Material Credit,A credit issued by the warehouse upon the return of requisitioned supplies found to be in excess of requirements.
12597,Material Defects,Defects that are a matter of substance that affect price or quality and do not conform to the solicitation requirements.
12598,Material Life Cycle,"The phases through which material assets pass including, assess and plan material requirements; acquisition; operation, use and maintenance; disposal."
12599,Material/Materiel Forecasting,Estimating future needs to avoid stock outs or oversupply.
12600,Material/Materiel Requirements Planning (MRP) System,"A technique used to determine the quantity of dependent demand materials used in a planning period. May be used to schedule and control production, inventory levels, and deliveries from outside suppliers."
12601,Matériel,"Term commonly used by warehouse environments and the military to refer to equipment, apparatus and supplies used by an organization or institution.  (Merriam Webster)"
12602,Matériel Management,"A comprehensive integration of the various supply management functions within a particular organization. May include functions such as purchasing, storage, inventory control, material/materiel forecasting, receiving, transportation, inspection and quality control. Also see Supply Chain Management. (ISM, 2000)"
12603,Materiel Management Institute,A Canadian non-profit organization offering professional development in the field of public sector materiel and supply management. (www.mmi-igm.ca)
13746,MaxiCode,"A two-dimensional bar code used by UPS and other firms in the transportation industry. The code has a distinctive bullseye in the center. Other popular 2-D codes are PDF 417 and Data Matrix. For more details, see www.aimglobal.org."
12604,Maximum Stock Level,The level which represents the maximum amount of stock of an item that may be held.
12605,May,Denotes the permissive in a contract clause or specification. Also see Shall.
12606,MBE,"Minority Business Enterprises. Also see Economically Disadvantaged Individuals, Small Disadvantaged Business, Historically Underutilized Business (HUB), and Women-Owned Business (WBE)."
12607,"McGregor, Douglas",A social scientist who authored “The Human Side of Enterprise” published in 1960 which examines management theories on behavior of individuals at work. He formulated two models which he called Theory X and Theory Y. Also see Theory X and Theory Y.
13430,Measure time onboard ship. One bell sounds for each half hour. One bell means 12,"30, two bells mean 1:00, three bells mean 1:30, and so on until 4:00 (eight bells). At 4:30 the cycle begins again with one bell."
12608,Mechanic’s Lien,A lien in favor of those who have performed work or furnished materials for the construction of a building; is attached to the land as well as the building in order to secure payment.
12609,Mediated Arbitration,"An ADR process frequently referred to as “med-arb”. It begins as mediation until an impasse is reached. When an impasse is reached, the neutral party is authorized by the parties to issue a binding opinion on the cause of the impasse or the remaining issues in dispute."
12610,Mediation,"A voluntary, flexible technique for resolving disputes. The contracting parties present their positions to a mediator who then works with them in negotiating a settlement. Generally each party appoints a principal with the authority to settle the dispute. (Nash, Schooner, O’Brien, 1998)"
13399,Memo B/L,Unfreighted B/L with no charges listed.
12611,Memorandum of Understanding (MOU),A quasi-contract generally entered into between government agencies and private sector contractors who may be providing services to the government. It may also be entered into between inter/intra government agencies and details the essence of the agreement between the parties but lacks the enforceability of a contract.
12612,Merchantable,Of commercially acceptable quality: the quality and condition of the item to be sold to fulfill the requirements of the purchaser.
12613,Merchantable Quality,A requirement of the Sale of Goods Act that goods must be fit for at least one ordinary purpose; adequate for ordinary use.
12614,Merger Clause,"The purpose of a merger and integration clause is to prevent the parties to a contract from later claiming that the contract does not reflect their entire understanding. A party entering into a contract which includes this type of language should make sure that all promises and agreements are actually included in the written contract, as otherwise it may be impossible to enforce those unwritten promises. (www.expertlaw.com/library/business/contract_clauses.html)"
12615,MERX,"Canadian A Canadian online service that advertises government contracting opportunities to potential bidders. (Summit Magazine, On-Line)"
13747,Metcalfe’s Law,"The observation that the usefulness of some products increases with the square of the number of users of the product, because of a networking effect. Such a product is useful mainly because other people also have the product. Examples are telephones, the internet, and data format standards. Named after Robert N. Metcalfe, an early designer of the internet, Ethernet, and founder of 3Com Corporation. His most original work was done at Xerox PARC."
12616,Method Statement (or Method & Resources Statement),"See ""Contractor’s Proposals"""
12617,Metric,The term given to the measurement of performance. An analytical application of measurements that allows comparison of performance standards.
13748,METRIC (Multi-Echelon Technique for Recoverable Item Control),"A model for determining stock levels at a single DC serving multiple outlets. Both the DC and the outlets follow a base stock policy. It was developed initially for setting spare parts inventory levels for the U.S. military and NATO. See Sherbrooke, C.C.(1992), Optimal Inventory Modeling of Systems: Multi-Echelon Techniques, John Wiley & Sons."
12618,Metric Conversion Act of 1975,"An act designating the metric system as the preferred system of weights and measures for United States trade and commerce requiring all agencies to use the metric system in their acquisitions, unless it is impracticable to do so or is likely to cause significant inefficiencies or loss of market to United States firms. (FAR 11.002)"
12619,Metric System,"A decimal system of weights and measures, based on the meter as the unit of length, the gram as the unit of mass or weight, and the liter as unit of volume."
13749,MHz (Mega Hertz),Million cycles per second.
12620,Microeconomics,"The study of individual behavior in the economy, of the components of the larger economy such as consumers or individual households. Also see Macroeconomics. (Schiller, 2000)"
12621,Milestone Code,Canadian A generic code which indicates where the goods and/or services are in the materiel life cycle process.
12622,Milestones,"Designated steps of the planned acquisition which usually signify a completion of a requirement or delivery of materials. Payments may be targeted to the completion of milestones. Also see deliverable. (Harney, 1992)"
13400,Military B/L,"B/L issued by the U.S. military; also known as GBL, or Form DD1252."
13585,"Military equipages of all descriptions for the naval services. The bombs, blankets, beans and bulletins of the Navy and Marine Corps. Taken from Nelson’s British navy as the U.S. services became professional. Related","Materiel – the military equipages of the Army and Air Force, taken from Napoleon’s French army as the U.S. services became professional."
13750,Milling-in-transit,"A form of quantity discount sometimes offered by railroads. If a food processor ships wheat from Kansas to St. Louis, where the wheat is converted into flour, and then ships the flour to New York on the same railroad, the railroad might give a reduced rate as if it were a single shipment from Kansas to New York."
12626,Mini-trial,"An alternate dispute resolution technique, that is flexible, voluntary and nonjudicial. Principals (top management) hear a short presentation of the factual and legal positions of the parties in dispute and engage in nonbinding negotiations to resolve a claim. The procedure permits either party to withdraw at any time without prejudicing the litigation process."
12623,Minimum Cost Differential,See Hurdle Rate.
12625,Minimum Stock Level,"The planned lowest level of stock, below which stock is normally flagged for management attention and orders expedited."
12624,Minimum-Maximum Inventory Levels,"A simplistic inventory system in which a minimum quantity and maximum quantity are set for an item and when the quantity drops below the minimum you order up to the maximum. This will guard against stock outs as well as prevent the buildup of stock, either of which can be costly to the organization."
12627,Minority-Owned Business Enterprise (MBE),"A business which is owned or controlled by a member of a recognized minority group, as defined by the public entity. Also see Economically Disadvantaged Individuals, Small Disadvantaged Business, Women-Owned Business (WBE) and Historically Underutilized Business (HUB)."
13530,MIS Major Investment Study,A tool to aid decision-making with respect to an identified transportation need; evaluates cost and effectiveness of alternatives; required by ISTEA when a need for a major metropolitan transportation investment (MMTI) is identified and federal funds are potentially involved.
12628,Misrepresentations,"In the context of conditions that may lead to a voidable contract, misrepresentation is when one of the parties to the contract made a wrong statement about some material element of the contract and, in reliance on this statement, the other party entered into the contract."
12629,Mistake (in Bids),"Minor errors made in the form of bidding; for example, failure to insert a decimal point. Clerical mistakes, apparent on the face of the bid, may be corrected. Once a mistake is suspected, the purchasing official is required to request verification of the bid."
12630,Mistake of Fact,"A misunderstanding of the facts or flawed perception of the real state of affairs, which may be remedied by the Court."
12631,Mistake of Law,"An error, not in the actual facts but in their legal significance, relevance or consequence, for which there is no relief from the Courts."
12632,Misuse,Improper or incorrect use of something of value that was intended for another purpose.
12633,Mixed Economy,"An economy that uses both market signals and government directives to allocate goods and resources. (Schiller, 2000)"
13751,Mixing center,A DC whose main purpose is to recombine inbound shipments into outbound shipments containing the proper mix of products.
13531,MMP Mobility Management Process,Florida’s congestion management system (CMS).
13532,MMTI Major Metropolitan Transportation Investment,"A highway or transit improvement of substantial cost that is expected to have a significant effect on capacity, traffic flow, level of service or mode of service at the transportation corridor or subarea scale."
12634,Mobilization,"The initial effort to perform a construction contract by hiring necessary personnel and moving the required equipment and facilities on to the site of the work. Contracting agencies frequently include a separate bid line item for this effort on certain construction projects in order to permit the contractor to be paid promptly for this effort. Also see Demobilization. (Nash, Schooner, O’Brien, 1998)"
12635,Mock-Up,"The model of a device or item of equipment, either full sized or built to scale, used for analysis, display, testing or to study the details or features of design."
12636,Model Number,"An identification number assigned to describe a style or class of item, such as a particular design, composition or function, by the manufacturer or distributor of that item."
12637,Model Procurement Code,See ABA Model Procurement Code for State and Local Governments.
13345,"MODEL PROCUREMENT CODE (MPC) - A publication approved by the American Bar Association which sets forth procurement statutory principles and policy guidelines for managing and controlling the procurement of supplies, services and construction for public purposes; administrative and judicial remedies for the resolution of controversies relating to public contracts; and a set of ethical standards governing public and private participants in the procurement process. MONOPOLY - In procurement, a monopoly occurs when only one supplier supplies a particular category. Monopolies can occur due to barriers to entry such as patents, or through mergers or government license. Monopolists have some or all of the following characteristics","they may maximize profit, set the price of the category in the marketplace and restrict the supply of the product or service. Monopolies are a form of market structure, and procurement strategies need to address the monopolist’s behavior and the fundamental lack of competition. Market regulators may resist potential mergers and acquisitions that may create market dominance, and in some circumstances the planned merger may not be allowed."
12638,Monetary Policy,"The use of money and credit controls to influence macroeconomic outcomes. The Federal Reserve is the chief monetary policy setter in the United States. (Business, 2002)"
12639,Monetary System,"The set of government regulations concerning a country’s monetary reserves and its holdings of notes and coins. (Business, 2002)"
12640,Money,"Anything generally accepted as a medium of exchange. See Functions of Money. (Schiller, 2000)"
12641,Monitoring,"A contract administration tool, whereby certain procedures are developed to assure the public entity that contracted services are being delivered in accordance to the terms and specifications of the contract. See Quality Assurance."
12642,Morale,"An employee’s attitude toward their job, employer, and colleagues. (Ferrell, 2002)"
12643,Most Desirable Outcome (MDO) Best possible outcome from a negotiationMotivation,"An inner drive that directs a person’s behavior toward goals and the accomplishment of those goals. (Ferrell, 2002)"
13479,motor ship (MS) or motor vessel (MV),A ship propelled by internal-combustion engines.
12644,MOU,See Memorandum of Understanding.
13752,Moveable aisle storage,"A storage system in which the storage modules are on tracks, so that adjacent modules, banks, or racks can be moved together with no gap, eliminating the aisle. A system with n banks could, at maximum density, be set up to use only one aisle, rather than n-1. Thus, if aisles are as wide as banks, one could get up to n-2 additional banks by switching to a moveable aisle system, thereby almost doubling the storage density. The disadvantages are the additional cost and the fact that one cannot pick simultaneously from all banks. Thus, it tends to be useful mainly for low demand rate items, such as in libraries."
13533,MPA Metropolitan Planning Area,The geographic area within which the metropolitan transportation planning process is carried out.
12645,MPAT,Management Performance Assessment Tool
13534,MPO Metropolitan Planning Organization,"The forum for cooperative transportation decision-making; required for urbanized areas with populations over 50,000."
13535,MPOAC Metropolitan Planning Organization Advisory Council,"An advisory council (consisting of
one member from each MPO) that serves as the principal forum for collective policy discussion in urban areas; created by law to assist the MPOs in carrying out the urbanized area transportation planning process."
12646,MRP11,- Manufacturing Resource Planning
13536,MTI Major Transportation Investment,See MMTI.
13537,MTP Metropolitan Transportation Plan,A transportation plan with a twenty year planning horizon; developed by each MPO; must be updated at least triennially in non-attainment areas and every five years in attainment areas; should be cost feasible.
13753,multi-echelon,"multi-level, as in manufacturer, distributor, retailer."
13754,Multi-modal,"Using more than one mode of transportation, most commonly picked up from the shipper in a trailer truck, the trailer is then carried piggy-back on a train and then again the final step, the trailer is pulled behind a tractor."
12649,Multi-Step Bidding,"A method of source selection involving two competitive steps, combining the elements of both competitive sealed bids and competitive sealed proposals. The first step may require the submission of technical and price proposals with only the technical proposals being evaluated and scored. The second step involves the opening of price proposals of those firms who have achieved the highest technical scores."
12650,Multi-Year Contract,A procurement contract that extends for longer than one year.
12647,Multinational Corporation,"A corporation that operates on a world-wide or global scale, without significant ties to any one nation or region. (Business, 2002)"
12648,Multiple Award,Contracts awarded to more than one supplier for comparable supplies and services. Awards are made for the same generic types of items at various prices. Usually the result of aggregated line item bids of similar product categories.
12651,MWBE,"Minority and Women’s Business Enterprises. Also see Economically Disadvantaged Individuals, Small Disadvantaged Business, Historically Underutilized Business (HUB), Minority-Owned and Women-Owned Business Enterprises (MBE and WBE)."
13538,NAAQS National Ambient Air Quality Standards,"Government standards that set maximum levels of
allowable concentrations of various air pollutants."
12652,NAEP,See National Association of Educational Procurement. Previously known as NAEB.
13755,NAFTA (North American Free Trade Agreement),"An agreement among Canada, the U.S., and Mexico, taking effect 1 January 1994, to gradually eliminate all tariffs among the three countries over a 15 year period. It is expected that truck carriers from any one of the nations will be able to transport goods between any origin-destination in the three countries. It also sets standards for each country on related issues such as pollution, and tariffs with nonmember countries. See: http://www.nafta-sec-alena.org."
12653,NAPM (National Association of Purchasing Management),See Institute for Supply Management (ISM).
13756,Nash equilibrium,"a situation in which no player (e.g., supply chain partner) can improve his utility unilaterally. It need not be Pareto optimum. See Stackelberg equilibrium."
12654,NASPO,See National Association of State Procurement Officials.
12655,National Association of Educational Procurement (NAEP),"Formerly known as the National Association of Educational Buyers (NAEB), its stated mission is to facilitate the development, exchange and practice of effective and ethical procurement principles and techniques within higher education and associated communities, through continuing education, networking, public information and advocacy."
12656,National Association of State Procurement Officials (NASPO),"A non-profit association dedicated to strengthening the procurement community through education, research, and communication. It is made up of the directors of the central purchasing offices in each of the 50 states, the District of Columbia and the territories of the United States. NASPO is an organization through which the member purchasing officials provide leadership in professional public purchasing, improve the quality of purchasing and procurement, exchange information and cooperate to attain greater efficiency and economy. (www.naspo.com, 12.29.06)"
12657,National Contract Management Association (NCMA),An organization composed of individuals who are engaged in public and commercial contracting through government agencies and companies or are in related fields of endeavor.
12658,National Debt,"The accumulated debt of the Federal Government. (Schiller, 2000)"
12659,National Income,"The amount of aggregate income earned by suppliers of resources employed to produce GNP; net national product plus government subsidies minus indirect business taxes. (Schiller, 2000)"
12660,National Institute of Governmental Purchasing (NIGP),"A national, membership-based, non-profit organization providing support to professionals in the public sector purchasing profession. NIGP provides its members with education, professional networking, research, and technical assistance. Their mission is to develop, support and promote the public procurement profession through premier educational and research programs, professional support, and advocacy initiatives that benefit members and constituents."
12661,National Institute of Governmental Purchasing Commodity/Service Code,"A numbering system developed by NIGP to identify goods and services purchased by public purchasing entities; serves as the cornerstone of an automated purchasing function, helps vendors identify the goods and services to bid, and enables different jurisdictions to share purchasing information."
12662,National Institute of Municipal Law Officers (NIMLO) Model Code,A document prepared by the National Institute of Municipal Law Officers which includes standards against which a jurisdiction can compare its procurement laws.
12663,National Institute of Standards and Technology (NIST),"A non-regulatory federal agency (formerly known as the Bureau of Standards) within the U.S. Commerce Department’s Technology Administration. NIST’s mission is to promote U.S. innovation and industrial competitiveness by advancing measurement science, standards, and technology in ways that enhance economic security and improve our quality of life.(www.nist.gov, 12.29.06)"
12664,National Item Identification Number,Digits 7 to 13 of a NATO stock number that are non-significant but sequentially assigned by each National Codification Bureau to a unique item of supply.
12665,National Motor Freight Classification (NMFC) Guide,"A list of all items, in theory, that could possibly be transported by a common carrier. The list of items then has a class associated with each item. The class is determined by storability, density, handling characteristics and value of the item being shipped. Class (along with distance and weight) is used by the common carrier of the goods to determine the rate of the shipment. Also see Class Rate."
12666,National Purchasing Institute (NPI),"A non-profit organization designed to establish cooperative relationships among its members and to develop efficient purchasing methods and practices in the areas of governmental, educational, and institutional procurement. The mission of NPI is to facilitate the educational and professional development of its members. NPI is an affiliate of the Institute of Supply Management, (ISM). (www.npiconnection.org/home/index.htm, July 2007)"
12667,NATO,See North Atlantic Treaty Organization.
12668,NATO Codification System,"A uniform system used as a common method to classify, identify and designate all items of supply by means of a stock number."
12669,NATO Standard Item,"An item selected by an officially constituted NATO standardization group, which would, when manufactured in any NATO country, always meet the same performance, application, and quality standards."
12670,NATO Stock Number,"A 13 digit number used to identify items of supply consisting of the NATO Supply Classification, the NATO Nation Code Number, National Item Identification Number, and the NATO Item Identification Number."
12671,NATO Supply Classification,"Digits 1 through 4 in the NATO Stock Number, includes the group and the class within the group, the whole being known as the supply class."
12672,NCA,National Credit Act
12673,NCMA,See National Contract Management Association.
12674,Near Money,"Assets that can be quickly turned into cash but that cannot be used directly as a medium of exchange like paper money or checks. (Business, 2002)"
12675,NEDP,National Exporter Development Programme
12676,Negotiated Fee,Canadian The monetary fee negotiated by Supply and Services Canada with customer departments for cost recovery revenue on services provided.
13757,Nesting,"in two-dimensional cutting stock problems, the process of deciding how to fit required finished good shapes into (typically rectangular) sheets of raw material, so as to make most efficient use of the raw material. It occurs in textiles when cutting things like pant legs and pockets from raw fabric; in woodworking, and in the manufacture of products from sheet metal."
12677,Net Cash,"Payment for goods sold, to be made within a rather short period with no deduction allowed from the invoice price."
12678,Net Income,"The total profit (or loss) after all expenses including taxes have been deducted from revenue; also called net earnings. (Schiller, 2000)"
12679,Net Investment,"Gross investment less depreciation. (Schiller, 2000)"
12680,Net Lease,"A lease that requires the lessee to pay for things that the owner usually pays for. (Business, 2002)"
12681,Net Present Value (NPV),"The total present value (PV) of a time series of cash flows. It is a standard method for using the time value of money to appraise long-term projects. Used for capital budgeting, and widely throughout economics, it measures the excess or shortfall of cash flows, in present value terms, once financing charges are met. In short, it is today’s value of future cost and benefits."
12682,Net Price,"Price after all discounts, rebates, etc. have been allowed."
12683,Net Proceeds,Canadian The amount received for the disposal of a material asset after subtracting the costs associated with completing the disposal action.
12684,Net Stock Position,Canadian The current on-hand balance of inventory.
12685,Net Worth,"The amount stated on a company’s balance sheet when liabilities are subtracted from assets. This amount provides a rough appraisal of the amount of money a company has retained in its business and thus gives an indication of the financial capability of the company. It is used in making the determination of whether the company is a responsible contractor. (Nash, Schooner, O’Brien, 1998)"
13758,Network effect,See Metcalfe’s Law.
12686,Neutral Advisor,An individual who functions specifically to aid parties in resolving controversies through Alternative Dispute Resolution procedures.
12687,New York Mercantile Exchange (NYMEX),"A stock exchange resident in New York City, that is self-regulated but must comply with the regulations of the U.S. Securities and Exchange Commission. (Ferrell, 2002)"
13759,Newsvendor Problem,"Historically also known as the newsboy problem, it is the simplest inventory planning problem under uncertainty. Nevertheless, the essence of the solution to this problem is widely used in such areas as yield management in the air lines, and inventory setting by catalog merchants. The setting is a one period problem in which one must choose how much inventory to stock of a single product in the face of uncertain demand. If c = purchase cost/unit, v = revenue per unit sold, h = holding charge/unit left over, and p = explicit penalty/unit of unsatisfied demand, then the newsvendor ratio is R = ( p + v – c)/[(p + v – c) + (h + c)]. The stock level, S, should be chosen, so that the probability of not stocking is R."
13760,nexus,"Essentially, a firm is said to have nexus in a state if the firm has an office or physical presence in the state. States that have a sales tax require that a firm that has nexus in the state, collect sales tax (and remit to the state) on all sales to customers in the state. See also: use tax."
12688,NGP,New Growth Path
13761,NHTSA (National Highway Traffic Safety Administration),A division of the DOT in the USA. One of its duties is to administer fuel economy (CAFE) standards.
12689,Niche Market,"A very specific market segment within a larger market. It may involve very specialized goods or services with very few if any competitors. The niche market may be characterized by exclusiveness or a particular differentiating feature that makes it unusual or unique. (Business, 2002)"
12690,NIGP,"See National Institute of Governmental Purchasing, Inc."
12691,NIGP Commodity/Service Code,See National Institute of Governmental Purchasing Commodity/Service Code.
12692,NIMLO Model Code,See National Institute of Municipal Law Officers Model Code.
13762,NIST (National Institute of Standards and Technology),"An agency, http://www.nist.gov, of the U.S. Department of Commerce. It administers four major programs: 1) Measurement and Standards, 2) Advanced Technology, 3) Manufacturing Extension Partnership, and 4) Baldrige National Quality Award."
12693,NMFC,See National Motor Freight Classification.
12694,No Bid,A response to an IFB (Invitation for Bid) stating that the respondent does not wish to submit a bid; functions to prevent suspensions from the bidders list for failure to show active interest or submit bids.
12695,Nolo Contendere,"A Latin phrase meaning “I will not contest it.” As a plea in criminal proceeding, it has an effect similar to pleading guilty; however, the defendant neither admits nor denies the charges, and the plea cannot be used against the defendant in a civil action based on the same acts. (Black’s Law Dictionary, 1048, 1990)"
12696,Nominal Group Technique,"A group decision-making technique that focuses on generating alternatives and selecting among them by asking group members to independently write down ideas, present them in turn, clarify them for the group, and rank them by voting privately. A brainstorming technique used by cross-functional purchasing teams. (Business, the Ultimate Resource, 2002)"
13421,Non cumulative,A revolving letter of credit that prohibits the amount not used during the specific period from being available afterwards.
12700,Non Excusable Delay,"A foreseeable delay caused by either party to the contract which often occurs as a result of financial difficulties, lack of equipment and facilities, lack of materials or lack of knowledge."
12697,Non-Branded Goods,"Goods that are not linked to a particular brand name, manufacturer, or producer, and may be perceived to be of low quality. (Business, 2002)"
12698,Non-Competitive Negotiation,The process of arriving at an agreement through discussion and compromise when only one source is available to meet the requirement.
12699,Non-Durables,"Consumer goods only expected to last less than three years. (Schiller, 2000)"
12701,Non-Expendable (Items or Supplies),Supplies that are not consumed during use or that do not loose their identity during use.
12704,Non-Responsible (Bid),"A response to a bid or offer from a contractor, business entity or individual that does not have the ability or capability to fully perform the requirements of the bid or offer. A business entity or individual who does not possess the integrity and reliability to assure contractual performance."
12705,Non-Stocked Item,"Canadian An item which is not held in a supply system inventory for issue to customers when ordered, but which may be obtained on demand."
13402,Non–Negotiable B/L,See Straight B/L. Sometimes means a file copy of a B/L.
13763,Nonconstant sum game,"A situation involving two players (or firms) in which they can increase their total profits if they cooperate. This is in contrast to a zero or constant sum game. In either case, there is still the sometimes vexing problem of how to split the profits."
12702,Nonperforming Asset,"An accounting term that refers to an asset that is not producing income. (Business, 2002)"
12703,Nonrecurring Costs,"Costs that are incurred by a contractor/vendor at the beginning of the contract and are not expected to recur on future work. Certain nonrecurring costs may be recoverable upon cancellation of a multi-year contract provided they have been addressed in the contract documents. Examples of nonrecurring costs include special tooling, plant relocation and workforce training. (Nash, Schooner, O’Brien, 1998)"
12706,Norm,"Informal, unstated rules that govern and regulate group behavior. Also see Ethics. (Ferrell, 2002)"
12707,Normal Inspection,Type of examination used when there is no statistically significant evidence that the quality of the product being submitted is better or poorer than the specified quality level.
12708,Normative Economics,"Considers “what ought to be”—value judgments, or goals of public policy. (Schiller, 2000)"
12709,North American Free Trade Agreement (NAFTA),"Passed by Congress in 1993, it is an agreement between Canada, Mexico and the United States, designed to create a Free Trade Area (FTA) consistent with World Trade Organization’s (WTO) rules, whereby all tariffs will be eliminated within the FTA over a transition period."
12710,North Atlantic Treaty Organization (NATO),"An International organization made up of 26 countries that each retains their full sovereignty. NATO provides a forum in which the United States, Canada and European countries can consult together on security issues of common concern and take joint action in addressing them. (www.nato.itn, July 2007)"
12711,Notary Public,"A public officer authorized to attest and certify, by signature and official seal, certain types of documents, to give them credit and authenticity so they may be used as evidence and qualified for recording and to take affidavits and deposition."
12712,Notice of Letting,The public advertising of a sealed bid solicitation to advise the suppliers of a potential business opportunity to do business with the agency.
13764,NP-hard,"A class of problems is NP-hard if there is no known method for solving a problem from this class such that solution time increases at worst as a polynomial in the problem size. Typically, solution time may grow exponentially with problem size."
13539,NPTS Nationwide Personal Transportation Study,"A transportation study, periodically undertaken by the Bureau of Census, which looks at travel patterns and frequency, transit
use, and other travel characteristics at a national level."
12713,NSBC,National Small Business Council
12714,NTI,National Tooling Initiative
13540,NTS National Transportation System,"Refers to those elements/facilities from aviation, highways (including the NHS), railroads, ports and waterways, pipelines and public transportation which play an important role in meeting national transportation needs; will be used to provide a policy framework to evaluate impacts and effectiveness of federal laws and regulations, to plan federal infrastructure investments, and to evaluate service levels; currently being developed by the U.S. Department of Transportation (DOT). O-D Survey Origin-Destination Survey: A study which identifies where a selected sample of persons or cars came from (origin) and where they are going (destination); used to help understand travel
patterns and trip purposes."
13765,NVOCC (Non-Vessel-Owning Common Carrier),"In ocean transportation, an NVOCC is an intermediary who arranges shipping for small or inland shippers. The NVOCC buys transportation from carriers at bulk rates and then resells it to small shippers. The NVOCC gets a standard Bill of Lading from the carrier. The NVOCC gives a “House Bill of Lading” to the shipper. At the destination, the NVOCC reclaims the bulk shipment with the regular Bill of Lading. After deconsolidation, the shipper or his customer claims his portion of the shipment with the House Bill of Lading."
12715,NYMEX,See New York Mercantile Exchange.
13541,O-D Survey Origin-Destination Survey,A study which identifies where a selected sample of persons or cars came from (origin) and where they are going (destination); used to help understand travel patterns and trip purposes. PD&E Project Development and Environment Study: DOT’s name for a corridor study to establish conceptual design for a roadway and to determine its compliance with federal and state environmental laws and regulations.
12716,Object Classification,"Canadian Financial classification used on expenditure, revenue and other transactions which classify the type of goods and services acquired (for expenditures), transfer payments, source of receipts (for revenues), or the method of acquiring/disposing of a financial claim or obligation."
12717,OBS,See Open Bidding Service Canadian.
12718,Obsolete Supplies/Equipment,"Items that are out of date, no longer in use or are effectively unusable; examples:  8 track audio tapes, 5-1/4 floppy computer disks.  Obsolete supplies/equipment become outdated because of new technology, new regulations or new procedures instituted by the agency.  For example: In accordance with the new ANSI guidelines, the agency decides to change the color of their highway worker’s safety vests from orange to lime green for greater worker visibility.   Therefore, the orange safety vests are now considered “obsolete” in favor of the lime green safety vests.  Also see Surplus."
12719,Occupational Safety and Health Administration (OSHA),"A division within the U.S. Department of Labor that was created by the OSHA Act of 1970. OSHA’s mission is to assure the safety and health of America’s workers by setting and enforcing standards; providing training, outreach, and improvement in workplace safety and health. (www.osha.gov)"
12720,Ocean Bill of Lading,A bill of lading used by ocean carriers for marine transportation of goods.
13766,OEM (Original Equipment Manufacturer),A manufacturer is an OEM if its product is used a component in the product of some other manufacturer.
12723,Off-the-Shelf,"Common use items that are readily available in the marketplace and do not have to be specially ordered. Generally they are not affected by supply and demand issues and are price stable. May also refer to systems or services readily available to commercial users that are not produced in accordance with rigid specifications. Typical examples include basic electrical and basic plumbing items. (Schiller, 2000)"
11596,Office,Source CIPS-NIGP 2013
12721,Office of Management and Budget (OMB),"A government agency, in the Executive Office of the President of the United States, that serves as the President’s principal arm for exercising the managerial functions of the Presidency. OMB strives to improve government organization, information, and management systems and devises programs for career executive talent throughout the government. OMB assists the President in preparing the annual budget and in overseeing its execution. (Nash, Schooner, O’Brien, 1998)"
12722,Official Responsibility,"Direct administrative or operating authority, whether intermediate or final, either exercised alone or with others, either personally or through subordinates, to approve, disapprove, or otherwise direct governmental action."
12724,OJEU,"The Official Journal of the European Union (the publication was formally called Official Journal of the European Communities, hence OJEC). Contracts which fall within the EU threshold values & are not exempt categories must be advertised for tender by placing a notice in the OJEU.)"
13767,OLAP (OnLine Analytical Processing),"A general term for database queries were some analytical calculations are performed in addition to the data retrieval. For example, computing total sales by time period, or by geographic region, or by product class might be considered a simple form of OLAP."
12725,Oligarchy,A market situation in which a few companies control or dominate the market for a product or service.
13768,OLTP (On Line Transaction Processing),"The processing of simple queries or lookups against a typically large database. The On-line part means there is an emphasis on short response time, such as when a customer is looking up the status of an order."
12726,OMB Circular A-102,"“Grants and Cooperative Agreements with state and local governments”, establishes consistency and uniformity among federal agencies in the management of all federal cooperative agreements and grants with state and local governments. The 1988 version revised the 1981 version and rescinded Attachments A through P of the Circular. Also see Uniform Administrative Requirements for Grants in Aid to States and Local Governments."
12727,OMB Circular A-110,"“Uniform Administrative Requirements for Grants and Agreements with Institutions of Higher Education, Hospitals, and other Non-Profit Organizations.” Issued by the Office of Management and Budget (OMB); governs the administration of purchases made by institutions of higher education, hospitals, and other non-profit organizations with federal funds."
12728,One Hundred Percent (100%) Inspection,"Inspection of every unit of product, each of which is accepted or rejected individually for the characteristics inspected."
12729,Online Transaction Processing,"Web based transaction processing systems operating together as opposed to a strict client-server model where the server could handle the transaction processing. Examples are on-line banking, bill payments and web based ERP systems. (Jansen, 2002)"
12730,Open Account Purchase,"A purchase by a buyer who has established credit with the vendor, payment for which is to be made at some future date, in accordance with terms agreed to when the account was established."
12731,Open Bidding Service (OBS),Canadian An on-line electronic bulletin board and bid document request system that gives suppliers flexible and open access to government procurement opportunities.
12734,Open Market Operations,"Federal Reserve purchases and sales of government bonds for the purpose of altering bank reserves. (Schiller, 2000)"
12735,Open Market Purchase,"A purchase, usually of a limited monetary amount, from any available source."
12732,Open-End Contract,"A contract which sets forth the general provisions of supplies and services that may be delivered or performed within a given period of time, but in which quantity and/or duration is not specified. The quantity and delivery are specified with the placement of orders. Also see Blanket Order, Price Agreement and Requirements Contract."
12733,Open-End Pricing,The amount paid will be based on price in effect at the time of delivery. Also see Price at Time of Delivery and Price Prevailing at Date of Shipment.
12736,Operating Budgets,All of the revenues and expenditures to cover the current fiscal period of the government.
12737,Operating Lease,"A service lease, usually short-term, including both financing and servicing of the item leased; payments made under the lease are generally not sufficient to recover the full cost of the equipment. Also see Financial Lease."
12738,Operational Audit,"A structured review of the systems and procedures of an organization in order to evaluate whether they are being carried out efficiently and effectively. The audit involves establishing performance objectives, agreeing to the standards and criteria for assessment, and evaluating actual performance against targeted performance. (Business, 2002)"
12739,Operational Research,"The application of scientific methods to the solution of managerial and administrative problems, involving complex systems or processes. (Business, 2002)"
12740,Optical Character Recognition (OCR) (Optical Scanning),"Computer systems designed to translate images of text (usually captured by a scanner) into machine-editable text - to translate pictures of characters into a standard encoding scheme representing them. First used by the U.S. Postal Service in 1965 to sort mail. Also used in the Warehousing and Inventory Control arena of public procurement. (Jansen, 2002)"
12741,Optimized Production Technology,"A production planning and control system, based on finite loading procedures, that concentrates on reducing bottlenecks in a production system in order to improve efficiency. Its key task is to increase total system throughput by realizing existing capacity in other parts of the system. (Business, 2002)"
12742,Option to Extend,"In accordance with contract terms, an option that allows a continuance of the contract for an additional period of time. Also see option to renew."
12743,Option to Renew,"A contract provision that allows a party to reinstate the contract for an additional term, beyond that stated in the original contract, in accordance with contract terms. Also see option to extend."
13404,Optional Discharge B/L,B/L covering cargo with more than one discharge point option possibility.
12744,Oral Presentations,"In most solicitations, there will be a requirement for oral presentations from the top-ranked offerors. Oral presentations are conducted to allow the offerors to bring to the attention of the Evaluation Committee any aspects of their offer that may contribute to the selection of their response. It is an opportunity for the offerors to sell the merits of their sub-mission, often using slide shows and illustrative presentations."
12745,Order Bill of Lading,A negotiable bill of lading between carrier and consignor by which legal possession of the shipment may be ordered by endorsement from person to person. It enables a shipper to collect for a shipment before it reaches its destination. Sometimes used by shippers to consign shipments to themselves so that delivery is made only upon the shipper’s order.
13769,Order fill rate,"the fraction of orders for which every line is filled. This measure is important, for example, if all SKU’s in the order are needed by the customer to complete the repair of a piece of machinery."
12746,Order Level,The level of stock of any item at which an order is initiated for more supplies of that item.
12747,Order Record,A central record of orders issued.
12748,Ordered Suspension,An action in which an agency orders work to be suspended in accordance with a contract suspension of work clause.  The contractor may be compensated only if the delay is unreasonable. Contractors are not entitled to compensation if the Suspension of Work is the contractor’s fault. Suspension of work due to faulty performance is an example.  Also see Suspension of Work Clause.
12749,Ordering Costs,The costs associated with issuing a purchase order or placing an order.
12750,Ordering Office,Canadian A client or customer location from which goods or services are ordered.
12751,Ordinances,"Generally refers to laws that county and municipal legislative bodies, such as boards of supervisors and city councils, pass applicable to those jurisdictions. May include requirements specific to the procurement of supplies and services. Also see By-Law. (Harney, 1992)"
12752,Organization,"An arrangement of people and resources working in a planned manner toward specified strategic goals. May include any structured body such as a business, company, or firm in the public or private sector, or not-for-profit association. (Business, 2002)"
12753,Organization Chart (Org chart),"A graphic illustration of an organization’s structure, showing hierarchical authority and relationships between departments and functions. (Business, 2002)"
12754,Organizational (Corporate) Culture,"The companies shared values, beliefs, traditions, philosophies, rules and heroes. (Business, 2002)"
12755,Organizing,"The structuring of resources and activities to accomplish objectives in an efficient and effective manner. One of the primary management functions. (Ferrell, 2002)"
13406,Original B/L,"The part of the B/L set that has value, especially when negotiable; rest of set are only informational file copies. Abbreviated as OBL."
13370,ORIGINAL EQUIPMENT MANUFACTURER,An organisation that markets a product composed of components and subsystems manufactured by other companies under its own name and brand.
12756,Originator,"Canadian One who initiates a procurement, issue, or disposal transaction."
13770,OSHA (Occupational Safety & Health Administration),An agency under the U.S. Department of Labor that sets and enforces standards for workplace safety. See http://www.osha.gov.
13460,"Otherwise known as a unitized load, a unit load is any arrangement of materials that are moved by material handling equipment, such as a lift truck, as a single unit (example",palletized loads).
13771,OTI (Ocean Transportation Intermediary),See NVOCC.
13772,Outbound,Shipment out of a DC. Tends to be on smaller vehicles.
12757,Outcome,A measure of the results that occur because a service is provided. Used in performance contracting to measure contractor compliance.
12758,Outputs,"The goods, services, and ideas that result from the conversion of inputs."
12759,Outsourcing of Non-Core Activities,"Evaluating purchasing and supply activities in order to place non-core activities with outside contractors or suppliers. A form of “second-level” cost savings. (Crimi, Kauffman, Inside Supply Management Magazine, March 2003)"
13773,Overbooking,"The process of selling more capacity than one has available, in the expectation that some of the customers to whom capacity has been committed, will cancel or not show up. Overbooking is widely used in airline and hotel reservations. No-show rates as high as 20% are not unusual, so if overbooking were not used, capacity could be significantly underused. The basic marginal analysis that is done in deciding upon the level of overbooking is that one should sell an additional unit of capacity if the expected net revenue is positive. That is, one should sell a reservation to customer X, if (immediate revenue from X) > Prob{X in fact shows up} * Prob{capacity will be oversold}* (penalty for not being able to serve the customer X)."
12760,Overhead Cost,"The indirect recurring costs of running a business. (Business, 2002)"
13778,p.d.f.,probability density function. A mathematical function or curve such that the probability that a random variable falls between two values x and y is equal to the area under the curve between x and y.
12761,PACAS,Policy Co-ordination and Services
13458,Packaging material differently than how it arrived. Example,making a pallet of 60 cartons into 3 pallets of 20 cartons.
12762,Packing List (Slip),A document that itemizes in detail the contents of a particular package or shipment. It is provided to the carrier by the shipper and accompanies the shipment.
13774,Palletize,"process of placing goods on a pallet and fastening them in some fashion (e.g., with shrink wrap), so that the assembly is stable during shipment."
13775,Palm’s Theorem,"If a base stock inventory policy is used, and demands per unit time have a Poisson distribution with mean D, and lead times are i.i.d. with mean L, then the distribution of items on order at any randomly chosen instant is Poisson with mean D*L."
12763,PAP,See Performance Assessment Plan.
12764,Paper Trail,"All of the documentation of a procurement which is required for future reference and for audit purposes. (Business, 2002)"
12765,Par Value,"The face value of a bond; the amount to be repaid when the bond is due. (Ferrell, 2002)"
13776,Pareto Analysis,"A sorting of objects according to their volume, size, rate, etc. A typical result is that a small fraction of the objects (e.g., 15%) constitute a majority (e.g., 85%) of the total volume. See also, ABC analysis."
12766,Pareto Award,An award issued by the National Institute of Governmental Purchasing Inc. (NIGP) to recognize outstanding achievement by public purchasing entities based on a rigorous self-assessment and SWOT analysis. It is the pinnacle award of excellence in public procurement.
12767,Pareto Charts,"A subset of the 80/20 Pareto Law. The charts are used to distinguish between the critical and trivial problems. A commonly used quality control tool. (Business, 2002)"
13777,Pareto Optimum,"an allocation of something (e.g., total profit in a supply chain) such that there is no other allocation in which each player does at least as well, and at least one player does strictly better."
12768,"Pareto, Vilfredo (Pareto Principle)","Italian economist and sociologist born in 1848. He created the 80/20 theory of income distribution which suggested that 80% of the wealth is created by only 20% of the income producers in an economy. This theory was adapted to a modernistic interpretation of the critical few and the trivial many. It has been further adapted to many supply management situations such as, “ 80% of the purchasing volume is created by 20% of the purchase orders issued”. In the supply management area this is known as the 80-20 Rule or the Pareto Principal in its application to inventory control methodology. (Business, 2006)"
12769,Parol Evidence Rule,"To ascertain, in an orderly fashion, the specific terms of an agreement between two parties. The ability of either party to produce evidence of orally agreed upon additional terms to a written contract is governed by the Parol Evidence Rule. In the absence of fraud, duress, mutual mistake, or something of the kind, the Parol Evidence Rule will preclude a party from presenting prior written or oral agreements to prove that the words of a contract have a meaning contrary to their clear meaning. (Nash, Schooner, O’Brien, 1998)"
12770,Part Category A,Canadian Accessory and miscellaneous parts and pieces which are attached to a master or host piece of equipment.
13436,Partial Containerships,Multipurpose containerships where one or more but not all compartments are fitted with permanent container cells. Remaining compartments are used for other types of cargo.
12771,Partial Payment,Payments that permit the contractor to invoice at intervals to coincide with the delivery and acceptance of incremental supplies and/or services. Also see Advance Payments and Progress Payments.
12772,Partial Shipment/Delivery,"A delivery made against a purchase order or contract which is less than the quantity ordered. May be indicative of a back-order situation, or a temporary material shortage. Also see Backorder. (Miller, 2006)"
12773,Participant Code,Canadian A two character international standard organization code which represents the name of the participant as to whether it is a federal or provincial government.
12774,Parts-Per-Million (PPM),"A measure of quantity that may be used as a quality reference, whereby defective parts must not exceed a specified number of parts per million parts supplied; a ratio of number of failures to number of parts supplied. (ISM, 2000)"
12775,Password,"A series of characters that enable a user to access a private file, website, computer or software application. (Business, 2002)"
12776,Patent,"A set of exclusive rights granted by a government to an inventor or applicant for a fixed period of time usually 20 years in the U.S. It gives the grantee the right to exclude others from making, using, selling, offering for sale, or importing the patented invention. There are a number of international treaties governing patent law. The most global is the WTO TRIP’s Agreement, to which almost all countries are a party. The United States, European Union and Japan are parties to all of the existing treaties governing patents. The authority for patent statutes in different countries varies. In the U.S., the Patent and Trademark Office gets its authority from Article One, Section 8 of the U.S. Constitution. (Miller, 2006)"
12781,Pay-Per-Click (PPC),"An online advertising payment model in which payment is based only on the number of click-throughs that are generated. The model is also adaptable to eProcurement methods. (Jansen, 2002)"
12777,Payback Period,The time required to recover an investment through net cash flow.
12778,Payment Authority,"Canadian The authority granted to an individual to requisition payments and authorize the charge to appropriations, after reviewing the legality of payments and the exercise of all appropriate financial controls."
12779,Payment Bond,"A financial or contractual instrument, issued by a surety that guarantees that subcontractors will be paid for labor and materials expended on the contract. Acceptable forms of payment bonds may include: cashier’s check, certified check, or irrevocable letter of credit issued by a financial institution; a surety or blanket bond; United States Treasury bond; or certificate of deposit. Also known as Labor and Materials Bond."
12780,Payment Method,"Canadian An identifier of the means of payment whether it be advanced, normal or progress payments to vendors as applicable to the contract."
12782,pCard,See Procurement Card.
12783,PDF,See Portable Document Format.
13779,PDF 417 code,"A 2 dimensional, laser scannable code used to store up to 1100 characters of information. The code is used for supply chain purposes in the automobile industry and by the U.S. department of defense. Some states use it to store information on driver license cards. Other 2-D codes are Data Matrix code and MaxiCode. For more details, see www.aimglobal.org."
12787,PE Ratio,See Price/Earnings Ratio.
13780,Peak load pricing,"The practice of setting a higher price for demand that occurs when a production facility is running at capacity. In the electrical industry, a customer may have to pay an additional charge based on the peak amount of electricity used during a day or month. The purposes of peak load pricing are: a) to help pay for the capacity that the supplier must add to handle the peak load, and b) to motivate the users to smooth their demand or move their demand to non-peak periods."
12784,Pecuniary,Of or pertaining to money.
12785,Peer/360 Evaluations,"With the increased focus on teamwork, employee development, and customer service, the emphasis has shifted to employee feedback from the full circle of sources such as superior, subordinates, peers, internal customers, external customers. This multiple-input approach to performance feedback is sometimes called “360 degree assessment” to connote the full circle of feedback resources. The process provides a full circle view of input."
12786,Penalty Charge,"A clause in a contract specifying the sum of money to be paid if the contractor defaults on the terms of the contract, particularly with respect to time. Also see Damages and Liquidated Damages."
12788,Percentage Preference,A policy of adding a fixed percentage to the bid price of a non-preferred business unit.
12789,Perfect (Pure) Competition,A market in which no buyer or seller has market power. The market contains a large number of buyers and sellers of approximately equal importance.
12790,Performance,"The technical, operational, and quality characteristics of the end item."
12791,Performance Based Budgeting,"Budgeting that attempts to link resource allocation decisions to performance criteria that include both output and outcome measures.  Also referred to as Results oriented budgeting, these forms of budgeting add performance measures that look at outcomes of activities rather than at individual process steps. In order to be effective, these budget methods must be linked to the overall strategic plan of the organization, and each decision unit must support a particular goal and objective (similar to decision units in Zero Based Budgeting).   Also see Results Oriented Budgeting."
12792,Performance Based Contract,"A results-oriented contracting method that focuses on the outputs, quality, or outcomes that may tie at least a portion of a contractor’s payment,  contract extensions, or contract renewals to the achievement of specific, measurable performance standards and requirements.   These contracts may include monetary and non-monetary incentives as well as specific remedies."
12793,Performance Budget,A budget that links the consumption of resources (inputs) to outputs/outcomes of services for each unit of an organization. This type of budget is commonly used by the government to show the link between the funds provided by the public and the outcome of these services. Decisions made on these types of budgets focus more on outputs or outcomes of services than on decisions made based on inputs.
12794,Performance Rating,Canadian The assignment of a rating to a supplier based on effective performance.
12795,Performance Record,"Documentation of a vendor’s past history regarding reliability, on-time delivery, quality issues, and other data that allows the buyer to evaluate overall performance."
12796,Performance Requirement,Canadian Requirements that define what the product or service is to do.
12797,Performance Specifications,A description of a product or service that provides a general functional recital of performance characteristics required to achieve an end result or outcome desired. It does not require the bidder/offeror to comply with specific design requirements. Also see Design Specifications.
12798,Performance Work Statement (PWS),Similar to a statement of work and is used in performance based request for proposals. It describes the requirements in terms of outcomes rather than prescriptive specifications.
12801,Period of Assignment,Canadian The starting and finishing dates for the services being called up. Also see Call Up.
12799,Periodic Inventory Control System,A time-based inventory control system involving scheduled reviews of the stock level of each inventory item.
12800,Periodic Ordering,Orders placed at intervals for quantities needed to bring stocks up to the desired levels.
12802,Perishable Goods,"Material subject to spoilage or deterioration within a relatively short time if proper conditions, such as temperature, are not maintained."
12803,Perpetual Inventory Control System,"An on-going record of all stock items, showing stock levels, withdrawals, replenishment, placement of purchase orders, receipt, issues, balances, quantities available and stock adjustments."
12804,Personal Liability,"A contracting risk whereby an individual (an agent) may be held personally liable if they have committed an unlawful, negligent or criminal act in the performance of their duties. (Ferrell, 2002)"
13781,PERT (Program Evaluation and Review Technique),A project management technique similar to CPM but with additional features to represent random activity times. First used to manage Polaris Fleet Ballistic Missile program.
12805,Petites et Moyennes Entreprises,Canadian. A French phrase meaning small and medium-sized businesses. (www.summitconnects.com)
13782,PGP (Pretty Good Privacy),"A widely used, “open” public key encryption system. See:"
13784,Phillips curve,"The relationship, conjectured and observed by A. W. Phillips, that there tends to be a tradeoff between unemployment and inflation. That is, low unemployment tends to be associated with inflation."
13785,Pick-to-light,"A warehouse that uses a pick-to-light system has a small electronic display, typically including a light, next to each storage slot. A central computer will display which items are to be picked (via the light) and how many (on the display). There is typically a button that the picker can push to turn off the light to indicate to the computer that the proper number have been picked."
13786,Piggy back,Multi-modal transportation in which product is loaded onto a highway trailer; a tractor hauls the trailer to a rail yard. The trailer is loaded onto a special flatcar. The flat car is hauled in a train to near the product destination and the process is reversed. Good for high volume product where speed is not so important.
12807,Piggyback (Piggyback Cooperatives),"A form of intergovernmental cooperative purchasing in which an entity will be extended the pricing and terms of a contract entered into by a larger entity. Generally a larger entity will competitively award a contract that will include language allowing for other entities to utilize the contract which may be to their advantage in terms of pricing, thereby gaining economies of scale that they normally would not receive if they competed on their own. Example: A smaller government agency has the ability to use its state issued contract to obtain goods and services which is also known as Riding a Contract."
12806,PIMS,Project Information and Management System
12808,Planned Obsolescence,"A manufacturing or assembly policy whereby products are deliberately designed to have a limited or premature life cycle which will require customers to purchase replacements. (Business, 2002)"
12809,Planned Order Release (POR),"A planned authorization for a supplier to ship material against an existing contract. An essential element of a material requirements planning (MRP) system. (ISM, 2002)"
13787,Planogram,"A plan for locating products on retail shelves, grocery stores in particular. It is based on such ideas as: high demand items should be placed at eye-level. Items for children are placed at a lower level. Similar products should be together. Complementary products (e.g., pancake mix and pancake syrup) should be together. Higher demand and higher profit products should get more shelf space, etc."
12810,Plant-Matter Based or Bio Based Product,"A product derived from renewable resources, including fiber crops, such as kenaf; chemical extracts from oilseeds, nuts, fruits and vegetables such as corn and soybeans; agricultural residues, such as wheat straw and corn stover; and wood wastes generated from processing and manufacturing operation. These products stand in contrast to those made from fossil fuels and other less renewable resources such as virgin timber. An important component of Green Purchasing. (Miller, 2006)"
12811,PM,See Preventive Maintenance.
13788,PO (Purchase Order),A request by a buyer to a seller to ship a certain number of each of a list of SKU’s. Each SKU on the PO is typically called a line item.
12813,Point of Shipment (POS),"One of many designated F.O.B. terms which means that title passes from seller to buyer at seller’s loading dock. Same as F.O.B. Factory, F.O.B. Point of Origin."
12814,Point Rating,"An evaluation procedure in which a list of criteria, to which values have been assigned, is used to ascertain the individual merits of proposals that have met the mandatory factors specified in a Request for Proposal (RFP)."
12812,Point-Click-Buy-Ship,"A reference to eProcurement and eBusiness protocol that allows buyers to access an Internet shopping site, make an authorized purchase from a pre-determined contract supplier and charge the purchase to a credit card. Frequently used for just-in-time, next day procurements. Also see Click-and-Ship. (Miller, 2006)"
13789,Poisson distribution,"a distribution, which tends to be a good approximation of retail demand in a specified time interval (e.g., the number of calls into a call center in a specific hour). If the mean demand is D, then the probability of k demands, for k = 0,1,2,… is: (e-DDk)/k!. The standard deviation is the square root of D. As D becomes large, the Poisson distribution converges to the normal distribution. The approximation is good for, say, D > 15. The binomial distribution with parameters n and p, converges to the Poisson as n gets large and n*p converges to D."
12815,Policy of Insurance,The formal document delivered by the insurance company to the insured which evidences the rights and duties between the parties.
12816,Political Subdivision,"A political entity within a state, which has been delegated certain functions of local government. May include counties, cities, towns, villages, hamlets, boroughs, or parishes."
13480,port-of-call,"Port at which cruise ship makes a stop along its itinerary. Calls may range from five to 24 hours. Sometimes referred to as ""transit port"" and ""destination port."" (See also: home port)"
12817,Portable Document Format (PDF),"A file format developed by Adobe Systems for representing documents in a manner that is independent of the original application software, hardware and operating system used to create the document. A PDF file can describe documents containing any combination of text, graphics, and images in a device independent and resolution independent format. (Jansen, 2002)"
13790,POS (Point Of Sale data),data typically accumulated by retail scanners. Users of these data have up to the minute information on how much of what product was sold when and at which outlet.
12818,Post-Award Activities,"Activities that ensue after the contract has been awarded which ensures that the buyer receives what was ordered on time and at the price and quality specified. These activities may include supplier development, technical assistance, trouble shooting, and the management of the contract and the resulting relationship."
12819,Post-Award Start-Up Conference,"A meeting held with the contractor awarded the contract prior to the beginning of contract performance. It ensures that the contractor fully understands the expectations, performs accordingly and can provide the foundation for an effective contract effort. Objectives of the post-award are to: ensure the contractor understands the technical requirements of the contract; to clarify the rights and responsibilities of both parties; and to determine the need for follow-up meetings."
12820,Postconsumer Material,"A material or finished product that has served its intended use and has been diverted or recovered from waste destined for disposal, having completed its life as a consumer item. Postconsumer materials are part of the broader category of recovered materials. (www.epa.gov/cpg/glossary)"
12821,PPA,Public Procurement Authority
13791,PPI (Producer Price Index),"A collection of over 10,000 indices of selling prices received by domestic producers of goods and services. Long term contracts may sometimes have a price escalation clause based on a particular PPI. It is compiled by the U.S. Bureau of Labor statistics, http://stats.bls.gov and usually published at the end of the second full week of the month. Both seasonally adjusted and unadjusted versions are available. See also, CPI."
12822,PPM,See Parts per Million.
12823,Practicable,"Possible, a situation where it is deemed that a given factual result can occur."
12826,Pre consumer Material,"Materials generated in manufacturing and converting processes, such as manufacturing scrap and trimmings/cuttings. (www.epa.gov/cpg/glossary)"
12824,Pre-Award Contract Review,"An audit or survey performed before a contract is awarded to determine the vendor’s or contractor’s technical, managerial and financial ability to perform under the proposed contract, as well as the establishment of and compliance with appropriate procurement system procedures."
12825,Pre-Bid/ Pre-Proposal Conference(Meeting),"A meeting held by the buyer with potential bidders/offerors, prior to the opening of the solicitation for the purpose of answering questions, clarifying any ambiguities and responding to general issues in order to establish a common basis for understanding all of the requirements of the solicitation. May result in the issuance of an addendum to all potential providers. In certain situations, a mandatory conference may be advisable. Also see Bidders Conference and Pre-solicitation Conference."
12832,Pre-Qualification (of bidder/offeror),"The screening of potential vendors/contractors in which such factors as financial capability, reputation, and management are considered in order to develop a list of qualified businesses who may then be allowed to submit bids/offers."
12833,Pre-solicitation Conference,"An informal, typically non-mandatory, meeting inviting comments and suggestions from a representative group of vendors on the draft of a proposed solicitation; This conference provides useful market analysis information to the Buyer; Usually used for solicitations involving high technology or complex services. Also see Bidders Conference, Pre-bid/Pre-Proposal conference, Request for Comments (RFC) and Request for Information (RFI)."
13792,Predictive dialing,"A technique used in outbound telephone call centers to increase the utilization of the operator personnel staffing the phones. The predictive dialing system keeps track of a) how long each current call has been in process, and predicts when the next agent will be free, and b) what is the probability that the next dialing attempt will get a “live” answer rather than a busy signal, or no answer. Taking all this into account, it automatically starts dialing the next number to be called such that just as an agent becomes free a “live” person being called will pickup the phone. The statistical theory is much like the overbooking process in airline reservations."
12827,Preference,"An advantage given to bidders/offerors in a competition for contract award which may be granted based on pre-established criteria such as ethnicity, residence, business location, origination of the product or service, business classification (e.g., small business) or other reasons. A governmental bias. Also see Buy Local, Disadvantaged Business Preference, and Local Preference."
12828,Preferred Sources,"To advance special social and economic goals, certain providers have “preferred source” status under the law. The acquisition of commodities and/or services from preferred sources is exempted from statutory competitive procurement requirements. All State agencies, political subdivisions and public benefit corporations (which includes most public authorities), are required to purchase approved products and services from preferred sources in accordance with the procedures and requirements described in the Preferred Source Guidelines."
12829,Preferred Stock,"A special type of stock whose owners, though not generally having a say in the running of the company, have a claim to profits before other stockholders do. (Ferrell, 2002)"
12830,Prepaid,A term denoting that transportation charges have been or are to be paid at the point of shipment.
12831,Prepay and Add,"A transportation term indicating that the seller pays the carrier and adds the freight charges onto the invoice for goods purchased. Also see Free on Board (F.O.B.) terms. (ISM, 2000)"
12834,Prevailing Wage Rate,"The rate of wages, including fringe benefits, paid to a majority of the workers in a geographic area for the same type of work on similar projects. (Nash, Schooner, O’Brien, 1998)"
12835,Preventive Maintenance (PM),"Planned activities undertaken to retain equipment or material in a serviceable condition; includes scheduled inspection, testing, servicing, classification as to serviceability, repairs, rebuilding and reclamation."
12836,Price Analysis,"The process of examining and evaluating a prospective price without performing cost analysis; that is, without evaluating the separate cost elements and profit of the offeror included in that price. The end result of price analysis is to ensure fair and reasonable pricing of a product or service. Price analysis may include a variety of techniques such as comparing proposed prices with prices of same or similar items obtained through market research. (Nash, Schooner, O’Brien, 1998)."
12837,Price At Time of Delivery,"A term used in sales contracts when market prices are so volatile that the vendor will not give a firm price or use an escalator clause, but will only agree to charge the same price to all customers for similar purchases on the day of shipment or delivery of goods. Also see Open-End Pricing and Price Prevailing at Date of Shipment."
12838,Price Ceiling,"Upper limit imposed on the price of a good. The highest price that a buyer is willing to pay. (Business, 2002)"
12839,Price Competition,"Selection of a contractor, from two or more vendors, based either solely on prices submitted, or on the final prices resulting from a negotiation with all contractors within a competitive range."
12840,Price Control,"The fixing or restricting of prices, especially by a government agency. (Business, 2002)"
12841,Price Differentiation,"A pricing strategy in which a company sells the same product at different prices in different markets. (Business, 2002)"
12843,Price Index,"A ratio expressing the relationship between the price of a commodity at a given point in time to its price during a specified base period. (ISM, 2002)"
12844,Price Leadership,"An oligopolistic pricing pattern that allows one firm to establish the market price for all firms in the industry. (Business, 2002)"
12845,Price prevailing at the Date of Shipment,Sales agreement that states the selling price may be modified by the vendor/seller between the order and the shipment dates. Also see Open End Pricing and Price at Time of Delivery.
12846,Price Protection,Sales agreement granting purchaser any reduction in price the vendor may establish prior to shipment of the goods; sometimes extended for a period beyond the date of shipment.
12847,Price Range,"The variety of prices at which competitive products or services are available in the market. (Business, 2002)"
12848,Price Rebate,"A reduction in price, usually given after the completion of the contract and based on the quantity or value of goods purchased."
12849,Price Reduction,"A decrease in the assigned value for a commodity or service exchanged relative to its worth determined in some previous time period. The act of reducing the agreed upon value of selling price where the incurred price paid is lower based upon what was previously paid; usually refers to a lower price paid by the buyer. Also see Cost Savings, Cost Reduction."
12850,Price Stability,"The absence of significant changes in the average price level - officially defined as a rate of inflation of less than 3%. (Schiller, 2000)"
12842,Price/Earnings (PE) Ratio,"The price of a stock share divided by earnings per share. (Business, 2002)"
12851,Pricing Data,"Factual information about prices for goods and services substantially similar to those being procured; can include offered or proposed selling prices, historical selling prices and current selling prices."
12852,Pricing Method,"Canadian The method by which the contract price is determined, such as fixed, lot, cost plus, or target."
12853,Prime Contract,"A contract entered into by a public entity with a business entity for the purpose of obtaining supplies, services or construction items of any kind."
12854,Prime Contractor,The business entity that has entered into a contract with a jurisdiction.
12855,Principle,"A basic truth, law or assumption; a rule or standard of behavior; a rule of conduct that derives from ethical values."
12856,Priority,The degree of precedence given to a particular item or task over other items or tasks.
13793,Prisoner’s dilemma,"A situation in which two players (e.g., retailers) both make substantial profit if they “cooperate” (e.g., spend moderate amounts on advertising and keep the price high). This is an unstable equilibrium, however, if there is a strong temptation to “cheat” (e.g., obtain more profit for oneself by unilaterally dropping the price and advertising heavily). The situation when both players “cheat” is a stable equilibrium (i.e., neither player is willing to change his decision by himself, however, each player makes less profit than he would if both players cooperated). The term comes from the setting where two accomplices in crime are held prisoner. Each is offered to be set free if he supplies incriminating evidence against the other. Both will receive a light punishment if neither supplies evidence. If one refuses to cooperate but the other supplies evidence, then the uncooperative one receives a severe sentence. This is an example of a nonconstant sum game."
12857,Private Goods,"A commodity that benefits the individual. An example is a pen I own is a private good; a bridge built with governmental funds and usable by all is a public good. (Guess, 2002)"
12858,Private Label,A product or range of products offered by a retailer under their own name or under a brand that they own. They compete with branded goods.
12859,Private Sector,That part of an economy in which goods and services are produced by individuals and companies as opposed to the government and the non-profit sector. The ultimate aim of the private sector is to secure a profit as opposed to government and the non-profit sector which aims to achieve other objectives.
12860,Privatization,The divestiture of both management and assets of a public function to the private sector in order to change the status of a function formerly performed by the public entity to one that is privately controlled and owned including the transfer of real and personal property.
12861,Privilege Clause,"Canadian A clause traditionally used in Canadian tenders which says “the lowest or any tender will not necessarily be accepted”. A “privilege clause” provides the tendering authority with broad discretion in relation to the acceptance or rejection of tenders. It usually reserves to the owner the discretion to accept or reject the lowest, or any, tender. It does not displace the overarching duty of procedural good faith that the Courts have found is an implied term of the bid contract (contract A)."
12882,Pro-Forma,"A document issued before all relevant details are known, usually followed by a final version. (Business, 2002)"
12883,Pro-Forma Invoice,An invoice received before the purchase informing the buyer of the terms of sale. Often applicable to foreign purchases as the buyer’s proof of a future purchase to support the buyer’s request to governmental authorities for import permits and foreign exchange.
13794,Probit model,"A statistical technique frequently used in deciding whether to grant or deny credit to a prospective customer. Identical to the Logit model except that the Normal distribution, rather than the Logistics distribution is used to estimate the probability the prospect is bad."
12862,Probity,"Canadian Integrity and uprightness. Uncompromising adherence to the laws, regulations and policy imperatives concerning government contracting. An ethical course of action. (Summit Magazine, On-Line)"
12863,PROC (Product-Resource-Operating-Contingent),Canadian See Product-Resource-Operating-Contingent.
12864,Process Knowledge,"A knowledge sharing trend in organizations that proactively fosters collaboration, sharing of knowledge and organizes around customer-centric processes by encouraging workers to form collaborative teams responsible for the completion of an entire process from end to end.  This system organizes work flow to support cross-functional business processes that emphasize the importance of sharing product-related and process-related knowledge across functional boundaries."
12865,Procurement Card (pCard),"A payment method whereby internal customers (requisitioners) are empowered to deal directly with suppliers for purchases using a credit card issued by a bank or major credit card provider. Generally a pre-established credit limit is established for each card issued. The cards enable eProcurement and facilitate on-line ordering, frequently from pre-approved suppliers under blanket contracts. (Miller, 2006)"
12866,Procurement Code Exceptions,"Public sector procurement codes (legislation) provide for the direct purchase of specific products or services without following the competitive requirements.  Example: Authorized or mandated preferred source (prisoners, blind, and disabled), emergency procurements as well as others provided by local laws and regulations."
12867,Procurement Lead Time,"The total lead time required to obtain a purchased item. Includes purchasing lead time, vendor lead time, transportation time, receiving and inspection."
12868,Procurement Methods,"Methods by which goods, services, or material may be acquired by public purchasers. The methods may include blanket orders, emergency purchases, standing offers, purchase orders, transfers, competitive bidding, competitive negotiation, intergovernmental cooperative agreements, small purchase contracts, purchases via a credit card, etc."
12869,Procurement Officer,Any person duly authorized to enter into and administer a contract and make written determinations and findings thereto. Also includes an authorized representative of the procurement officer acting within the limits of his or her authority.
12870,Procurement Outsourcing,"The contracting out of the procurement function to a third-party or private contractor. (Miller, 2006)"
12871,Procurement Profile,"The result produced after conducting a series of various analyses on the procurement expenditures of an organization, the range of commodities and services acquired through purchasing (Spend Analysis), the markets that provide them (Market Analysis), the level of influence of the suppliers and the entity in the marketplace, and the risks inherent in the market that could affect the entity’s operations (Supply Positioning). Also see Spend Analysis, Market Analysis and Supply Positioning."
12872,Procurement Records,Accounts maintained by a procurement organization sufficient to detail the significant history of a procurement and which may be needed for future audit purposes. Typically defined in a retention schedule description.
12873,Procurement System Review,"An audit of the procedures of the procurement system of the governmental entity. For federal agencies, OMB Circular A-102 provides guidance."
12874,Producers,"People who use resources to make goods and services. (Ferrell, 2002)"
12875,Producers Price Index (PPI),"A measurement tool compiled by the U.S. Bureau of Labor Statistics reflecting the average change in prices charged by producers during a given time period, compared to those charged in a base year. The PPI measures inflation at earlier stages of the production and marketing process than does the Consumer Price Index. (ISM, 2000)"
12876,Product Identification,"Canadian An identifier which is unique for a given product. It may be any combination of the following: A NATO stock number, a supplier’s part number, a supplier’s catalog number and GSIN code."
12877,Product Launch,"The introduction of a new product into a market. The beginning stages of the product life cycle. (Ferrell, 2002)"
12878,Product Quality Level (PQL),A ranking of the degree of reproduction fidelity required in the final
12879,Product-Resource-Operating-Contingent (PROC),"Canadian Identifies four types of costs (product, resource, operating and contingent) used to identify all costs associated with a requirement over its useful life to determine the best value."
12880,Production,"The making of goods available for use; total output especially of a commodity or industry. (Schiller, 2000)"
12881,Profit Sharing,"A form of compensation whereby a percentage of company profits is distributed to the employees based on a variety of factors such as longevity, company status, etc. (Business, 2002)"
12884,Program Budgeting,Program budgets relate expenditures and revenues to public goals.
13371,PROGRAM EVALUATION AND REVIEW TECHNIQUE (PERT) DIAGRAM,"A more sophisticated form of planning than a Gantt Chart, a PERT Diagram is used for projects with many interactive steps showing the relationship among various steps in a project."
12887,Program Identification Code,Canadian A two-digit code identifying the program to which a contract may apply.
12885,Program Number,An identifying number assigned to a term contract by GPO.
12886,Program Operator,A printing specialist who administers a term contract.
12888,Progress Payments,A timed sequence of payments made during the performance of a contract; periodic payments made over the life of a contract; allow the contractor to submit invoices for payment as progress is made in performing the contract. Progress payments shift risk to the public agency since payment for progress made does not guarantee that the work will be completed. Also see Advance Payment and Partial Payment.
12889,Progress Report,A report prepared by a contractor during the performance of a contract. A useful means of assessing the routine progress of the contractor in selected areas of the contract.
12890,Progressive Award,"The award of a definite quantity contract under the same solicitation to two or more vendors or contractors to furnish the same or similar supplies or services, where more than one vendor is needed to meet the contract requirements for quantity, delivery, or service."
12891,Progressive Tax System,"A tax system in which taxes get higher for wealthier residents; it’s the opposite of a regressive tax system. Sometimes referred to as a “graduated” tax system. (Business, 2002)"
12892,Prohibited Articles,"Articles which will not be handled, as listed in transportation carrier’s tariffs."
12894,Project Approval Effective,"Canadian Approval based on reliable and up-to-date cost estimates which provides authority to proceed with a project or complete it in those instances where there is already a preliminary approval, and spend all project funds, based on a specific budget in constant and current (budget-year) dollars."
12893,Project Approval-Class Estimate,"Canadian Four types, A,B,C,D, defined as follows:"
12895,Project Approval-Preliminary,"Canadian Approval based on Class C Estimates which provides authority to initiate a project as the preferred option for fulfilling a justified need, and spends only those funds necessary to cover such activities as concept and preliminary design and to develop at least a Class B Estimate."
12896,Project Duration,Canadian Duration of time from project announcement to completion.
12897,Promissory Estoppel,"A legal doctrine binding a person to a promise when another party has relied on the promise to its detriment and the person making the promise could have reasonably foreseen the reliance. (Nash, Schooner, O’Brien, 1998)"
12898,Prompt Payment Act,"This law provides requirements to government procurement offices that ensure that federal contractors supplying goods and services are paid on time and within agreed upon payment terms. Many states and local governments have enacted similar laws. (ISM, 2000)"
12899,Prompt Payment Discount,"An incentive for early payment on a “Net Days” basis. For example, if company policy is to pay contractors on a “Net 90” basis, the company will pay within 30 days in return for a percentage discount, such as 2% of the total amount due. Also see Cash Discount, Discount and Payment Terms. (Juricidical Dictionary, 2007)"
12900,Proposal,A proposal is a document submitted by a vendor in response to some type of bid solicitation to be used as the basis for negotiations or for entering into a contract.
12901,Proprietary (Article),An item produced and marketed by a person or company having the exclusive right to manufacturer and sell it. May result from a trade secret or patent.
12903,Proprietary (Information),"Owned by a private individual or corporation under a patent, copyright, trademark or other exclusive right. Usually protected from release to the general public. Not subject to public disclosure. Also see Trade Secret and Confidential Information. (Business, 2002)"
12902,Proprietary Funds,Funds used to account for a government’s business-type activities. There are two types of proprietary funds – enterprise funds and internal service funds. Both enterprise and internal service funds recover the full cost of providing services (including capital costs) through fees and charges on those who use their services. Also see Enterprise Fund and Internal Service Fund. (cityofnorthlasvegas.com/Departments/Finance/PDFs/Budgets/2004_2005/4-OtherFunds/113-126-ProprietaryFunds.pdf)
12904,Protectionism,"The economic policy of promoting favored domestic industries through the use of high tariffs and other regulations to discourage imports. Historical variants of this policy have included mercantilism, a trade policy aimed at maximizing currency reserves by running large trade surpluses; and import substitution, a trade policy in which targeted imports are replaced by local manufactures in order to stimulate local production. (Explanation-guide.info/meaning)"
12905,Protest to GAO,A complaint (protest) by the contractor to the General Accounting
12908,Prototype,"An initial version or working model of a new product or invention. Usually constructed and tested in order to evaluate the feasibility of a design and to identify problems that need to be corrected. Purchasing may request a prototype to evaluate prior to purchase. (Miller, 2006)"
12909,Provisioning and Supply,"Canadian The process of determining requirements, initiating procurement and providing a stock of supplies for future needs."
13542,PTMS Public Transportation Facilities and Equipment Management System,A systematic process (required under ISTEA) utilized by state agencies and MPOs to collect and analyze information on the condition and cost of transit assets on a continual basis; data is to be used to help people choose cost effective strategies for providing and keeping transit facilities and equipment in good condition; process must be developed in Transportation Management Areas (TMAs); the use of CMS in non-TMAs is left to the discretion of state and local officals.
12910,Public Agency,A public entity subject to or created by a governmental jurisdiction.
12911,Public Bid Opening,The process of opening and reading bids at the time and place specified in the solicitation and in the presence of anyone who wishes to attend.
12912,Public Finance Law,"Legislative laws governing the financial activities of government or public sector organizations. (Business, 2002 - modified)"
13795,Public key encryption,"A two key encryption system whereby the sender uses his private key to encrypt his message (e.g., a PO). His public key, known by all his business partners, is needed to decipher the message. Thus, a recipient of a message is able to verify the source of a message. It also allows the sender to prevent a message from being read by anyone but the intended recipient by encrypting it with the recipient’s public key. The recipient can then decipher the message with his private key. This provides one way of implementing one form of an extranet."
12913,Public Management,"The process of planning, organizing, staffing and executing the use of people, time and fiscal resources for the purpose of providing goods, services and protection valued by the citizens of the entity in response to the laws and regulations of the governing body."
12914,Public Notice,"An announcement made by a public agency concerning a solicitation or other information of general public interest. Usually placed in a newspaper of general circulation, a web-site, circular, magazine or other vehicle of general publication. Must comply with legal requirements of the jurisdiction."
12915,Public Policy,"The fundamental policy on which laws rest, especially policy not yet enunciated in specific rules. (www.factmonster.com)"
12917,Public Procurement Process Model,An integrated public procurement planning model that consists of four stages: Planning-Formalization-Implementation-Evaluation.
12918,Public Procurement Unit (PPU),"Local public procurement unit; External procurement activity (any buying organization not located in the state, which, if located in this state, would qualify as a public procurement unit); state public procurement unit; Federal Government; and any not-for-profit entity comprised of more than one of the above. (ABA Model Procurement Code)"
12919,Public Property,"Canadian All property, other than money, belonging to the Crown."
12920,Public Purchasing,"The processes utilized by public entities for the procurement of construction, supplies, materials and services at the most favorable overall total cost through the utilization of accepted practices that encourage competition, including best value and quality considerations, thus ensuring that the public good is best served."
12921,Public Sector,"That section of the economy that is financed and controlled by a central government, local authorities, and publicly funded corporations. (Business, 2002)"
12916,Public-Private Competition,In-house governmental departments and private companies who compete to provide government services; occurs when a government agency targets a service for possible outsourcing and allows the in-house operation currently providing the service to compete against the private sector and submit a proposal to provide the government service. May be referred to as Managed Competition.
12922,Pull Strategy,"The use of promotion to create consumer demand for a product so that consumers exert pressure on marketing channel members to make the product available. (Ferrell, 2002)"
12923,Punitive Damages,"Damages that are awarded in a civil action, in addition to compensatory damages, to punish a defendant for gross or willful misconduct. Generally are not recoverable in breach of contract actions. (Garner, 2004)"
12924,Purchase Description,The words used in a solicitation document to describe the requirements to be purchased; includes specifications that are attached to or made part of the solicitation.
12925,Purchase Document,Canadian A written or electronic document which sets out all terms and conditions of a purchase transaction with a supplier.
12926,Purchase Log,"A register of all requisitions received and all purchase orders issued, containing information such as requisition number, purchase order number, bid number, the vendor, commodity code or description of the material or service, and the value of the order. Generally contained in a legacy data base."
12928,Purchase Order Change Notice,A form documenting a change made to a purchase order.
12929,Purchase Price,Canadian The price quoted by a supplier for a materiel item; may include delivery and installation costs.
12930,Purchase Requisition (PR),A document created by a requestor authorizing the commencement of a purchasing transaction. Typically will include a description of the need and other information that is relative to the transaction. May be submitted in hard copy or via eProcurement software.
12931,Purchase Requisition Status,Canadian A status report on a purchase requisition. Also called milestone status.
13346,"PURCHASING - Purchasing describes all those transactional processes concerned with acquiring goods and services, including payment of invoices. It is a narrower term than procurement, describing reactive, tactical processes. Typically purchasing processes are triggered by the development of a request to purchase by a user. The purchasing process differs from sourcing or procurement in three key aspects","the scope of the process, the degree of influence exerted on the process, and the nature of the choices made. In terms of scope, the purchasing process typically begins after a user has selected the solution, or defined the need, and ends on the receipt of the good or service and payment of the supplier’s account. In terms of influence, the purchasing process is primarily concerned with selecting the supplier and agreeing the terms, though the acquisition may be made against an existing agreement. In terms of the nature of decisions made, purchasing decisions tend to be focused on individual transactions, and not aligned to the organization’s overall goals, or to choices with longer-term strategies. PUBLIC PURCHASING - The process of obtaining goods and services for public purpose following procedures implemented to protect public funds from being expended extravagantly or capriciously."
12932,Purchasing Agency,Any governmental body which is authorized to enter into contracts.
12933,Purchasing Audit,"A comprehensive, systematic, independent, and periodic examination of an organization’s purchasing environment, objectives, strategies, and activities with a view toward identifying strengths and weaknesses, including a plan of action to improve purchasing performance. (ISM, 2000)"
12934,Purchasing Ethics,See Ethics.
12935,Purchasing Management Association of Canada (PMAC),"Canadian An educational and technical organization of purchasing and materiel management personnel and buying organizations, both public and private sector. (Summit Magazine, On-Line)"
12936,Purchasing Manager,Public purchasing employee with responsibility and authority to act for the public agency in certain areas.
12937,Purchasing Manual,"A document that describes rules, regulations, policies and procedures to be followed by the purchasing organization and the agencies/departments it serves."
12927,Purchasing Memorandum (PM),"A Purchasing Memorandum is the notification document used by PSG to announce an adjustment, modification, extension or cancellation of a contract."
12938,Purchasing Methods,"Canadian Canadian public procurement methods to procure goods and services include: Invitation to Tender (ITT), Request for Proposal (RFP), Request for Quotation (RFQ), Request for Standing Offer (RFSO) and Telephone Buy (T-buy). (www.summitconnects.com)"
12939,Purchasing Officer,"An official in charge of the procurement operation, from the determination of needs to follow-up, ensures timely delivery."
12940,Purchasing Organization,"Employees responsible for purchasing needed supplies, services, and construction; the purchasing department."
12941,Purchasing Policy,A course of action adopted by the public agency that provides guidance relative to procurement actions.
13372,"PURCHASING PORTFOLIO, APPROACH (IDENTICAL TO KRALJIC PORTFOLIO)","Portfolio consisting of four quadrants (i.e. leverage products, strategic products, routine products and bottleneck products) based upon two criteria: financial impact and supply risk. Serves to develop four differentiated supplier strategies."
12942,Purchasing Power Parity (PPP),"A method for calculating the correct value of a currency, which may differ from its current market value. PPP is helpful when comparing living standards in different countries, as it indicates the appropriate exchange rate to use when expressing incomes and prices in different countries in a common currency. As public purchasing moves to global procurement, it is essential to understand the basics of international currency standards. (Bishop, 2004)"
12943,Purchasing Procedure,A mode of conducting purchasing activities.
13373,"PURCHASING STRUCTURE, DECENTRALIZED","A major characteristic is that all business-unit managers are responsible for their own financial results. Hence, the management of the business unit is fully responsible for all its purchasing activities."
13570,Purportedly an acronym. A type of sonar used by the Allies for detecting submarines during the First and Second World War. abbreviation,"Allied Submarine Devices Investigation Committee (World War I). The term has been generically applied to equipment for ""under-water supersonic echo-ranging equipment"" of submarines and other vessels."
12944,Push Strategy,"An attempt by manufacturers, wholesalers and other distribution channels to motivate intermediaries to push the product down to their customers. (Business, 2002)"
12945,PWS,See Performance Work Statement.
13797,"Q,r","An inventory policy under which, when the inventory level drops to r, an amount Q is ordered from the supplier. It is an extension of the EOQ inventory policy."
13543,QA Quality Assurance Program,"An internal DOT quality control program which relies on their employees to identify and resolve problems related to quality concerns. 

RCI Roadway Congestion Index: A tool used to identify congestion on freeways and principal arterials; compares daily vehicle miles of travel per lane-mile to calculated daily vehicle miles of travel per lane-mile for identified congested conditions; an index value of 1.0 or greater indicates undesirable congestion."
13796,QFD (Quality Function Deployment),A table oriented procedure for converting customer requirements for a product into the features or functions that should be included in the product design.
12946,QOH,See Quantity on Hand.
12947,QPL,See Qualified Products List.
12948,Qualified Bidder,"A bidder determined by the purchasing organization to meet the minimum standards of business competence, reputation, financial ability, and product quality for placement on the bidders list. Also see Responsible Bidder."
12949,Qualified Products List (QPL),"A list of items (products) that have been examined and tested and have satisfied all applicable qualification requirements. These lists are used on procurements to restrict bidders/offerors to those products on the lists. May also be referred to as an Approved Brands List (ABL) or an Approved Products List (APL). (Nash, Schooner, O’Brien, 1998)"
12950,Qualified Products List (QPL) Specifications,"QPL Specifications are based on a list of products identified by manufacturers’ names and model numbers, which are the only items which will be acceptable. These are used when quality is such a critical factor and testing so lengthy or expensive that the agency wants to stay with proven products. The list is prepared by testing products, either in the lab or in daily use. Items may be added to the list by the supplier demonstrating their quality by meeting specifications that have been defined by the using entity."
12951,Qualitative Measurement,"Pertaining to or concerning quality aspects; tends to be more subjective in nature; decides suitability or effectiveness. Example: The navy blue color of this week’s shipment of motors is slightly lighter in color, however, it will not affect its performance and therefore this shipment is still acceptable from a qualitative point of view."
12952,Quality Assurance Code,Canadian The code specifying DND (Canadian Department of National Defence) quality assurance requirements.
12953,Quality Assurance Teams (Quality Circles),"Small groups of workers brought together from throughout the organization to solve specific quality issues in order to improve a process, procedure, or production method. (Burt, Dobler, Starling, 2003)"
12954,Quality Standard,"A framework for achieving a recognized level of quality within an organization. Achievement of a quality standard demonstrates that an organization has met the requirements laid out by a certifying body. Quality standards recognized on an international basis include ISO 9000 and ISO 14000. (Business, 2002)"
12955,Quantitative Measurements,A measurement capable of being expressed as a quantity or a number of things. Example: The terms and conditions of this contract require the awardees to deliver three complete compressor units per day.
12956,Quantitative Research,"The gathering and analysis of data that can be expressed in numerical form. Involves data that is measurable and can include statistical results, financial or demographic data. (Business, 2002)"
12957,Quantity Demanded,"The amount of a product consumers will purchase at a specific price. An economic impact on pricing that is relational to supply and demand. (Schiller, 2000)"
12958,Quantity on Hand (QOH),Material owned by the agency that is immediately and physically available for use by the agency that has not otherwise been specifically allocated or reserved for others.
12959,Quantity Supplied,"The amount of a product that producers will produce and sell at a specific price. Consumer demand influences producer production and pricing. (Schiller, 2002)"
12960,Quasi-Contract,See Implied Contract.
12961,Quasi-Judicial,"A quasi-judicial body is an individual or organization which has powers resembling those of a court of law or judge and is able to remedy a situation or impose legal penalties on a person or organization. Such bodies usually have powers of adjudication in such matters as: breach of discipline; conduct rules; trust in the matters of money or otherwise. Their powers are usually limited to a particular area of expertise, such as financial markets, employment, public standards, immigration, or regulation. (Wikipedia, 1.22.07)"
12962,Quasi-Public Corporation,"Corporations owned and operated by federal, state, or local governments. A revenue authority or water authority are examples. (Business, 2002)"
12963,Quick Ratio (Acid Test),"A stringent measure of liquidity that eliminates inventory. A good tool to utilize when assessing the financial health of a business. (Business, 2002)"
12964,Quid Pro Quo,"A Latin phrase meaning, what for what or something for something. An equal exchange or substitution. Used to describe a negotiation technique where two or more parties agree to give something in order to receive something in return. (Harney, 1992)"
13798,R2 (R squared),"A measure, between 0 and 1, of how well a forecast or regression line fits a set of data. An R2 of 1 means a perfect fit. Numerically, it is 1 – (sum of squared errors about the forecast line)/(sum of squared errors about the mean)."
13799,Rain-check,"A form of backlog in which the seller, in the event of a stock-out, gives a ticket to a customer wishing to purchase the product, guaranteeing that the seller will order more of the product and sell it to the customer at the original price."
13800,Ramsey prices,"A form of cost allocation that may be of interest when there is a high fixed cost of producing, but a low marginal cost per unit produced. If you want users to make optimal use of goods, you want to charge them the marginal cost. If this were done, however, then the producer would show a loss. If a producer can charge different prices to different markets or departments, and we have the demand curve for each market, as well as the production cost function, then Ramsey prices are the solution to the problem:"
12965,Random sampling,"A technique that results in a representative subset of the population where each element has the same chance of being selected as every other element in the population; such as to select items from the inspection lot so each item in the lot has an equal chance of being included in the sample. A form of quality assurance often used in modern polling, market research and manufacturing."
12966,Rate,"As applied to the transportation or movement of goods and material, the cost of, or charge that applies to the service rendered by the carrier."
12967,Rate of Exchange,See Exchange Rate.
12968,Ratio Analysis,"Calculations that measure an organization’s financial health. Often mentioned in financial information provided by a public company to determine if they are a responsible bidder/offeror. (Business, 2002)"
12969,RCA,See Root Cause Analysis.
12997,Re-Order Point,"The level of stock or inventory, above the safety stock level, at which orders are placed to obtain more goods."
12970,REA,See Request for Equitable Adjustment.
12971,Reactive Maintenance,"Maintenance for equipment and facilities provided only in response to a breakdown which results in a loss of production. It may create emergency requests to the purchasing organization. (Business, 2002)"
12973,Reason for Call-Up,Canadian A brief explanation of reasons for calling-up temporary help services.
12972,Reasonable Cost,A cost that by its nature or amount does not exceed what would normally be incurred by an ordinarily prudent person in the conduct of competitive business. Often used in the context of “fair and reasonable” cost/price.
12974,Rebilling,"In freight handling, issuing a new waybill at a junction point to which shipment has been billed by a connecting line."
12975,Receivables Turnover,"Sales divided by accounts receivable. May be used to determine the financial health of a company and to determine if they are a responsible bidder/offeror. (Business, 2002)"
13407,Received for Shipment B/L,Validated at time cargo is received by ocean carrier to commence movement but before being validated as “Onboard”.
12976,Receiving Inspection,Comparing material and services received to the specifications.
12977,Receiving Voucher,Canadian A document used to record the receipt of material.
12978,Recession,"A decline in total output for two or more consecutive quarters. An economic downturn that may impact price, terms and conditions of purchasing transactions and usually reflective of a buyers market. (Bishop, 2004)"
12979,Recommended By,Canadian An authorized officer’s signature (within the department).
13408,Reconciled B/L,B/L set which has completed a prescribed number of edits between the shipper’s instructions and the actual shipment received. This produces a very accurate B/L.
12980,Recycled Material Content,"The portion of a product made with recycled materials consisting of pre-consumer materials (waste), post-consumer materials (waste), or both."
12981,Recycled Materials,"Materials, goods, or products that contain recyclable items that are used in manufacturing a new product."
12982,Redistribution,"The transfer of control, utilization, or location of material between organizations or activities."
12983,Reduced Inspection,"Inspection under a sampling plan using the same quality levels for normal inspection, but requiring a smaller sample."
12984,Reference,"A component of due diligence to determine the capability of performing contractual requirements whereby previous businesses are contacted concerning the potential contractors skills, qualifications and capabilities."
12985,Reference Groups,"Groups with whom buyers identify and whose values or attitudes they adopt. May be applicable to purchasing cooperatives. (Business, 2002)"
13574,Referring to the four main points of the compass,"north, south, east and west. See also bearing."
13455,"Refers to a wide range of activities supported by software with multiple modules (accounting, purchasing, inventory, manufacturing, etc.). Manufacturers and other businesses utilize ERP systems to manage various aspects of their businesses, including","product planning, parts purchasing, inventory management, supplier management, customer service management, and order tracking. A relational database system may be a necessary component for the effective use of an ERP system. Implementation of an ERP system can involve considerable business process analysis, user training, and a significant financial investment."
12986,Refused Shipment,A delivery of freight or goods and materials that the consignee refuses to accept. Any delivery from a carrier that is not accepted.
12987,Regressive Tax System,"One in which effective tax rates fall as income rises. The burden tends to be overly high on the state’s less-affluent residents. A public policy issue that may impact governmental procurement decisions. Also see Sales Tax. (Schiller, 2000)"
12988,Regulation,"A statement by a governmental body to implement, interpret, or prescribe law or policy, or to describe organization, procedure, or practice, often promulgated in accordance with an administrative procedures act."
12989,Regulatory Body,"An independent organization, usually set up by government, that regulates the activities of companies in an industry."
12990,Rejection,Refusal of a delivered supply or service that does not meet contract specifications or requirements.
12991,Relationships (between Buyer and Seller),See Buyer-Seller Relationships.
12992,Relative Price,"The price of one good in comparison with the price of other goods. A key component of benchmarking. (Bishop, 2004)"
12993,Remanufactured Product,"Any product diverted from the supply of discarded materials by refurbishing and marketing said product without substantial change to its original form. (Burt Dobler, Starling, 2002)"
12994,Remedial Training,A technique utilized to improve or upgrade an individual’s knowledge and skills when job performance is not meeting predetermined expectations.
13801,Reneging,The action of a customer in a waiting queue to depart prematurely resulting in a lost sale. Contrast this with balking.
12995,Renegotiation,"Deliberation, discussion, or conference to change or amend the terms of an existing agreement."
12996,Rent,"A contract giving the right to use real estate or property for a specified time in return for monetary compensation. (Business, 2002)"
12998,Replacement Materiel,Canadian Materiel assets which are required to replace disposed items.
12999,Report of Partial Shipment,"Report showing the items received from a vendor when an order is incomplete, or has items backordered."
13000,Repositioning,"A marketing strategy that changes aspects of a product or brand in order to change market position and alter consumer perceptions. A strategy used to increase product sales in certain markets. (Business, 2002)"
13001,Repudiation,"Rejection, disclaimer, or renunciation. Refusal to perform a duty or obligation owed to the other party. (Garner, 2002)"
13002,Requirements Analysis,Value analysis applied to the writing of specifications to eliminate products or services that are not cost effective.
13003,Requirements Contract,"A contract used to order only the material or services actually required during a contract term. An indefinite quantity contract for frequently used commodities or products. Also see Blanket Order, Price Agreement and Open-end Contract."
13004,Requirements Determination,"A method used to determine what is needed, when it is needed and how much is needed.  Such methods may include reviewing past usage of an item, future need, program objectives, trends, performance of a demand analysis, market analysis, the use of software or other forecasting tools, with the objective of satisfying the need."
13005,Requisition Certified By,Canadian Signature of the financial officer who has authority to certify funds availability.
13007,Requisition Item Quantity,Canadian The quantity required based on the correct unit of issue.
13008,Requisition Number,Canadian An alphanumeric code applied to a requisition for control purposes.
13009,Requisition Originator,"Canadian A person who initiates a procurement, issue or disposal transaction."
13010,Requisition Serial Number,"Canadian A four-character serial number, which the department uses for requisitioning control purposes."
13006,Requisitioner,Anyone who initiates a purchase requisition or request for goods or services.
13011,Rescission of Contract,"The relieving of a party from all obligations under a contract. A remedy for mutual mistake when reformation is not possible, and for other defects in contract formation such a duress, fraud, misrepresentation and unconscionability. (Nash, Schooner, O’Brien, 1998)"
13012,Residency Preference,See Preference.
13013,Residual Value,"The proceeds, less removal and disposal costs, if any, realized upon disposition of a tangible capital asset (FAR 31.001)."
13014,Responsibility Centre,Canadian The organizational unit which has been delegated responsibility for the control and monitoring of a financial budget.
13015,Responsible Bidder/Offeror,"A contractor, business entity or individual who is fully capable to meet all of the requirements of the solicitation and subsequent contract. Must possess the full capability, including financial and technical, to perform as contractually required. Must be able to fully document the ability to provide good faith performance. Also see Qualified Bidder."
13016,Responsive Bidder/Offeror,"A contractor, business entity or individual who has submitted a bid or request for proposal that fully conforms in all material respects to the IFB/RFP and all of its requirements, including all form and substance."
13017,Restocking Charges,"On occasion, a public entity may inadvertently order more product or equipment than is required or, in error, order the wrong material. This is the charge incurred when returning the oversupply to the seller. It is good practice to include a restocking charge clause allowing the public entity to return the product for a negotiated restocking fee."
13018,Restraint of Trade,"The effect of an act, contract, conspiracy, or combination which eliminates or stifles competition, effects a monopoly, artificially maintains prices, or otherwise hampers or obstructs the course of trade and commerce as it would be carried on if left to the control of natural and economic forces."
13422,Restricted,A condition within the letter of credit which restricts its negotiation to a named bank.
13019,Restricted fund,"These are funds that are restricted for a specific purpose. The purpose can be specific or quite broad, eg., in the case of grants or donations from a charity; or a particular project with agreed terms outputs such as to meet the criteria of the award or grant. The source of restricted funds can be from government, foundations and trusts, grant-awarding bodies, philanthropic organisations, private donations, etc. The practical implication is that restricted funds are ring-fenced and cannot be used for any other purpose, which may also entail specific reporting and timescales, with which the organisation using the funds must comply. One of the more famous examples of misuse of restricted funds was when Maxwell spent Mirror Group pension funds on Mirror Group development"
13374,RESTRICTED PROCEDURE-PUBLIC PROCUREMENT,"This procedure acknowledges two distinct stages: the stage of selecting suppliers that are interested, and the stage in which the preselected suppliers are invited for tender. It is also referred to as the procedure with pre-selection."
13020,Results Oriented Budgeting,"Budgeting that attempts to link resource allocation decisions to performance criteria that include both output and outcome measures.  Also referred to as performance based budgeting, these forms of budgeting add performance measures that look at outcomes of activities rather than at individual process steps. In order to be effective, these budget methods must be linked to the overall strategic plan of the organization, and each decision unit must support a particular goal and objective (similar to decision units in ZBB).   Also see Performance based budgeting."
13021,Retained Earnings,"Earnings after expenses and taxes that are reinvested in the assets of the firm and belong to the owners in the form of equity. (Business, 2002)"
13022,Retained Profits,"The amount of profit remaining after tax and distribution to shareholders that is retained in a business and used as a reserve or to finance expansion and investment. (Business, 2002)"
13023,Retention,To withhold a certain percentage of the payment due to the contractor until the work is completed and accepted. The contractual terms (contained within the IFB/RFP) will stipulate the amount to be retained as well as the time period of the retention.
13024,Retention Schedule Records,"A jurisdiction’s established timetable for maintenance and destruction of purchasing records, based on administrative, historical, and legal requirements."
13025,Retraining,Techniques used to prepare the employee for revisions in current processes and procedures or to reinforce existing skills and abilities.
13026,Revenue Bond,"A bond that a government issues, to be repaid from the money made from the project financed with it. (Business, 2002)"
13027,Revenue Generating Contract,A contract whose primary purpose is to generate revenue or to create a business opportunity for the organization.  This type of contract may also serve a need such as operating an organization-owned golf course or tennis center.
13802,Revenue management,"a collection of techniques for increasing the revenue from the sale of a product. The most notable technique is to charge more to customers who are willing to pay more. For products that “expire” such as airline tickets for a particular flight or hotel reservations for a particular night, typical method is to sell a restricted number of units at a low price and the remaining units at a high price. Customers who are willing to pay more are typically the ones who realize only at the last minute, when all the cheap units are sold out, that they have a need for the product. For a product that does not expire, but has a well defined “birth”, price might be changed in reverse fashion. Start with a high price, which will be paid by customers who urgently need the product, and then gradually lower the price for less urgent customers. See also: yield management, value based pricing, discriminatory pricing."
13028,Reverse Trade Show,"An event that offers businesses, suppliers and contractors an opportunity to maximize connections with purchasing professionals who source goods and services. The governmental agencies are the exhibitors and the suppliers and contractors may visit and meet to determine needs and procedures when dealing with governmental entities."
13423,Revocable,"An instrument that can be modified or cancelled at any moment without notice to and agreement of the beneficiary, but customarily includes a clause in the credit to the effect that any draft negotiated by a bank prior to the receipt of a notice of revocation or amendment will be honored by the issuing bank. Rarely used since there is no protection for the seller."
13424,Revolving,An irrevocable letter issued for a specific amount; renews itself for the same amount over a given period.
13803,RF (Radio Frequency),"In warehouse operations a system that uses a portable, typically hand held, device that is in radio communication with a central computer. The portable device has a scanner, a multi-line display and some memory. For example, the computer can transmit pick instructions to the display. The scanner can transmit data back to the computer regarding the item picked. In the U.S., the transmission is typically at either 900 MHz or 2.4 GHz."
13029,RFC,See Request for Comments.
13804,RFID (Radio Frequency IDentification),"A type of label or badge that is read electronically rather than optically. The reader need not touch the label in order to read it. Typical storage content is 126 bits of information. Some RFID labels are re-writeable. That is, new information can be inserted. The cost/label is higher than that of a printed bar code label. Some tags contain their own battery power, whereas more commonly they are simply transponders. That is, they return a signal after being energized by a reader. In the U.S., the communication with the tag tends to be in the 915 MHz band. Outside the U.S., it is typically in the 13.56 MHz band."
13805,"RFM (Recency, Frequency, and Monetary value) model","A scoring system for customers that gives a high score to a customer who bought something recently, or who bought a large number of times over a sample period (e.g., the last two years), or whose average purchase amount was high. A simple assumption is that a customer with a high RFM score is a good candidate to receive further solicitations. See also, CRM."
13806,RFQ (Request For Quote),"A document that a prospective buyer sends to prospective suppliers asking them to submit a quote for how much they will charge the buyer for a specified good or service. The RFQ may specify several different quantities that might be purchased, and a due date by which the quotes or bids must arrive at the buyer. A supplier is expected to submit a price/unit for each quantity. See also: Reverse auction."
13030,RFQu,See Request for Qualifications.
13031,RFSO,Canadian See Request for Standing Offer.
13032,Riding a Contract,See Piggyback.
13807,Right-to-work law,Law in some states allowing a worker at a unionized plant to work permanently at the plant without belonging to the union.
13033,Rightsizing,"To re-structure an organization, with the aim of reducing costs, and improving efficiency and effectiveness."
13544,RIN Regulation Identification Number,Identification number given to each federal action listed in the Unified Agenda of Federal Regulations.
13034,Risk Matrix,See Risk Register.
13808,RO-RO (Roll On Roll Off),Ship on which cargo vehicles can be driven on or off.
13035,Robinson Patman Price Discrimination Act (U.S. Law),"Amended the Clayton Antitrust Act in 1936.  It is intended to eliminate discriminatory and predatory pricing practices.  Private individuals as well as government prosecutors may initiate lawsuits under this Act.  Also see Clayton Antitrust Act, Sherman Antitrust Act and Federal Trade Commission Act."
13036,Roll On/Roll Off (RO/RO),"A method of ocean cargo service using vessels with ramps which allow wheeled vehicles to be loaded and discharged without the use of cranes. (ISM, 2000)"
13437,Roll-on/Roll-off vessels,Ships specially designed to carry wheeled containers or trailers using interior ramps. Includes all forms of car and truck carriers.
13439,Roll–on/Roll–off vessels,Ships specially designed to carry wheeled containers or trailers using interior ramps.
13037,Root Cause Analysis (RCA),"A technique that enables the manager to determine what happened, why and methods of preventing the occurrence in the future by examining all factors that could contribute to a problem, including but not limited to factors such as environmental, human and procedural matters."
13545,ROW Right-of-way,Real property that is used for transportation purposes; (R/W) defines the extent of the corridor that can be used for the road and associated drainage.
13038,Royalty (Royalties),Compensation for the use of property.
13546,RPC Regional Planning Council,"A multipurpose organization composed of representatives of local governments and appointed representatives from the geographic area covered by the council, and designated as the primary organization to address problems and plan solutions that are of greater than local concern or scope;"
13039,Rubbish,Refuse that does not have any market value but must be disposed of. Also see Scrap and Waste.
13040,Rules of Interpretation,"Refers to a set of well-established principles in common law that courts use to interpret the meaning of contracts. (Garner, 2004)"
13057,S-Corporation,"A corporation taxed as though it were a partnership with restrictions on shareholders. (Business, 2002)"
13592,Sailing across the wind,"from about 60° to about 160° off the wind. Reaching consists of ""close reaching"" (about 60° to 80°), ""beam reaching"" (about 90°) and ""broad reaching"" (about 120° to 160°). See also beating and running."
13041,Sales,"The activity of selling a company’s products or services, the income generated by this, or the department that deals with selling. (Business, 2002)"
13042,Sales Representative,"A person acting on behalf of a vendor who visits purchasers to discuss requirements. One who sells products and services to buyers. (Business, 2002)"
13043,Sales Territory,"A defined area within which a designated salesperson is responsible for selling a product or service. (Business, 2002)"
13044,Salvage,"Property having some value in excess of its basic material content or scrap value, but is in such condition as to be no longer usable, and its repair or rehabilitation for use is clearly impractical."
13809,Same store sales,sales this year in stores that were open last year.
13045,Sample,One or more units selected from the material or process lot and represented as a specimen of quality.
13047,SANS,South African National Standard
13046,Sarbanes-Oxley Act,"Passed by Congress in 2002, also know as SarbOx or SOX, its intent is to curb financial abuses in large public companies. The act demands that public companies enhance their accounting oversight and adopt stringent internal controls. (Miller, 2006)"
13048,SAVE,See Society of American Value Engineers.
13049,Saving,"That part of disposable income not spent on current consumption; disposable income less consumption; any income that is not spent. (Bishop, 2002)"
13050,Say’s Law,"Supply creates it own demand. Economic theory developed by French economist Jean-Baptiste Say (1767-1832). (Bishop, 2002)"
13051,SBA,See Small Business Administration.
13052,SBD,Standard Bidding Document
13810,SCADA (Supervisory Control and Data Acquisition),"A system, and to some extent standards, for monitoring and controlling remote equipment, such as a manufacturing plant, a pipeline network, or an electric power distribution system. Remote meters can be read electronically, and then commands can be sent to various machines (e.g., switches) to tell the machines to do some action."
13811,Scanner,a device for reading a product label such as a bar code.
13053,Scarcity,"The fact that available resources are insufficient to satisfy all desired uses thereof. An economic indicator that drives prices higher. (Bishop, 2002)"
13054,Scenario Analysis,"An important technique in Risk Management, whereby various possible scenarios are developed based on best to worse outcomes. May be applied to procurement situations in order to achieve effective future planning. It is a tool used to anticipate the future and plan accordingly. (Miller, 2006)"
13055,Schedule of Events,Also referred to as a “timetable or timeline”. It identifies the projected milestones in the procurement process from the beginning of the procurement to its finalization.
13056,SCOPA,Standing Committee on Public Accounts
13058,SCPA,See Supply Chain Pollution Avoidance.
13059,SDIP,Service Delivery Improvement Plan
13060,Search Costs,"The cost associated with finding the right product or service to meet your needs. The economic cost of procuring an item may be more than just the price you pay. Technology changes, such as the internet, may sharply reduce search costs and thus lead to more efficient procurement decision making. (Bishop, 2004)"
13062,Seasonal Unemployment,"Unemployment due to seasonal changes in employment or labor supply. (Schiller, 2000)"
13061,Seasonally Adjusted,"The adjustment of pricing to reflect seasonal patterns. For example, pricing on consumer goods tends to be higher during certain holidays. Road salt and ice melt would be more expensive during the winter rather than the summer. (Schiller, 2000)"
13812,"SEC (Securities and Exchange Commission). A U.S. agency that has five Commissioners appointed by the President, with the advice and consent of the Senate. The official mission of the SEC is to protect investors and maintain the integrity and honesty of the securities markets. See http",//www.sec.gov. Shadow price: see dual price.
13063,Secondary Markets,"Stock exchanges and over-the-counter markets where investors can trade their securities with others. (Business, 2002)"
13064,Seconds,Usable products containing imperfections or slight defects that may be marked down below normal list price.
13065,Secured Bonds,"Bonds that are backed by specific collateral that must be forfeited in the event that the issuing firm defaults. (Schiller, 2000)"
13066,Secured Loans,"Loans backed by collateral that the bank can claim if the borrowers do not repay them. (Schiller, 2000)"
13067,Securities,"Financial contracts such as bonds that grant the owner a share in an asset. (Bishop, 2002)"
13862,See   http,//www.w3.org/XML/.
13068,Selective Distribution,"A form of market coverage whereby only a small number of all available outlets are used to expose products. (Business, 2002)"
13070,Self Evaluation,"A self assessment of the way a person views him/herself and their work performance and accomplishments. A supervisor prepares an evaluation of the subordinate independently and at the same time the subordinate is asked to do a self-evaluation using the same evaluation criteria. Once both evaluations are completed, the supervisor and subordinate meet to discuss their evaluations and to see where there are points of agreement, differences of opinion and where disconnects can be remedied."
13071,Self Insurance,"Assumption or retention of the risk of loss by a government or a contractor. To retain a risk of loss up to a certain dollar threshold. (Business, 2002)"
13069,Self-Directed Work Teams,"A group of employees responsible for the entire work process or segment that delivers the product to an internal or external customer. (Business, 2002)"
13072,Seller’s Lien,"A lien in favor of a vendor granting the vendor the right to withhold goods sold, surrendering them only upon receipt of payment."
13073,Seller’s Market,"An economic condition within a competitive market place that occurs when the demand of a product or service exceeds the supply. Generally results in higher prices for the buyer. (Bishop, 2004)"
13074,Sequential Sampling Plan,"A unit-by-unit approach to sampling in which the sample units are selected one at a time. After each unit is inspected, the decision is made to accept, reject, or continue inspection until the acceptance or rejection criteria are met."
13075,Serial Bonds,"A sequence of small bond issues of progressively longer maturities. (Business, 2002)"
13076,Service Function,"Procurement Department serves the agency’s departments by providing professional and knowledgeable purchasing services thereby relieving the departments of the need to perform those purchasing activities which are common to all. Example: Purchasing Department enters into a contract for office supplies for the entire agency’s requirements and thereby individual departments can focus on their core mission and responsibilities, i.e., Police Department can focus on policing issues instead of being distracted with purchasing related issues such as purchasing office supplies. Also see Line Function and Staff Function."
13077,Set-Aside,An acquisition or procurement exclusively or partially reserved for the participation of small or minority business concerns or a special class of contractors. Also see Contract Goals and Goals.
13078,Set-Off,An agreement between two parties to balance one debt against another or a loss against a gain. May be used in construction contracting to minimize the cost of change orders or other unanticipated costs.
13080,Set-Up Cost,The cost incurred to change machine tooling or to change the production line to produce a different item or product.
13079,Settlement Conference,Involves a pre-trial conference conducted by a settlement judge or referee and attended by representatives for the opposing parties in order to reach a mutually acceptable settlement of the matter in dispute.
13081,Shall,Denotes the imperative in contract clauses or specifications. Also see May.
13813,Shapley value,"A method of cost allocation that is useful when the total cost of providing some service to a group of players or firms is less if the players cooperate. Suppose customers A, B, and C, are each to receive a delivery from a single truck that makes one trip to serve the three. How should the cost of the trip be allocated? The Shapley value allocates cost to a given customer based upon the average marginal cost of adding that customer to the trip/coalition, where the average is taken over all possible permutations of how customers/players could be added to the trip/coalition. Suppose the cost of delivering to any combination of the three is as follows: {A}:$88, {B}: $91, {C}: $90, {A,B}: $150, {A,C}: $148, {B,C}: $151, {A,B,C}: $180. E.g., making a single trip to just A and C costs $148. Making one trip that serves all three costs $180. The six possible permutations and the marginal cost of each customer are:"
13082,Shareware,"Downloadable Internet software that is available for testing and sampling prior to purchase. It is generally copyrighted and distributed on “a free-will donation basis”. Use of the software after a trial period requires payment of a registration fee. Also see Freeware. (Jansen, 2002)"
13083,Sharp Practices,"The term typically is illustrated as evasion and indirect misrepresentation, just short of actual fraud. Unscrupulous practices that focus on short-term gains and ignore the long-term implications for a business relationship. An example, would be lying to a salesperson or grossly misleading them in a negotiation."
13084,Sherman Antitrust Act (U.S. Law),"Passed by Congress in 1890, it prohibits contracts and conspiracies in restraint of trade, conspiracies to monopolize trade, and attempts to monopolize. The act makes price fixing, bid rigging, territorial market allocation, and some types of tying arrangements and boycotts illegal. Also see Clayton Act, Price Fixing and Tying Arrangement. (Business, 2002)"
13085,Shipper’s Load and Count,"Where the contents of a conveyance were loaded and counted by the shipper, and not checked or verified by the transportation agency."
13086,Shipping List,A memorandum that includes all items shipped at one time on a given order.
13087,Short List,Names of candidates that have been narrowed considerably from a longer list of top-ranked offerors.
13588,"Short rope used to bind a cable to the ""messenger"" (a moving line propelled by the capstan) so that the cable is dragged along too (used where the cable is too large to be wrapped round the capstan itself). During the raising of an anchor the nippers were attached and detached from the (endless) messenger by the ship's boys. Hence the term for small boys","""nippers""."
13409,Short Term B/L,"Opposite of Long Form B/L, a B/L without the Terms & Conditions written on it. Also known as a Short Form B/L. The terms are incorporated by reference to the long form B/L."
13481,short ton,"A short ton equals 2,000. Lifting capacity and cargo measurements are designated in short tons."
13088,Show Cause Notice,"A preliminary written notice given to the contractor by the procurement official when termination for default appears to be appropriate. (Nash, Schooner, O’Brien, 1998)"
13815,SI units,"An internationally agreed upon system (Systeme International d’Unites) for measuring physical quantities. There are seven base units: meter(m) for length, kilogram(kg) for mass, second(s) for time, ampere(A) for electric current, kelvin(K) for temperature, mole(mol) for amount of substance, and candela(cd) for luminous intensity. There are 21 derived units, such as newton(N) for force(kg*m/s2), joule(J) for work(kg* m2/s2), and watt(W) for power(m2*kg/s3). Standard prefixes for successively larger/smaller units are: deka(10), hecto(102), kilo(103), mega(106), giga(109), tera(1012), peta(1015), exa(1018), deci(10-1), centi(10-2), milli(10-3), micro(10-6), nano(10-9), pico(10-12), femto(10-15), and atto(10-18). For more information, see http://physics.nist.gov/cuu/Units/units.html."
13089,SIC Code,See Standard Industrial Classification Code.
13090,Simplification Program,"A process used to screen the agency’s inventory in order to determine which items should be consolidated, updated or no longer maintained in inventory."
13091,Single Sampling Plan,The sampling procedure that uses a single sample size with associated acceptance and rejection criteria.
13547,SIP State Implementation Plan,Required documents which identify state actions and programs that will be utilized to help the state meet the national ambient air quality standards (NAAQS) and comply with federal and state air quality laws; the plan is prepared by the state and submitted to the U.S. Environmental Protection Agency (EPA) for approval.
13864,SISO,"Single Sourcing (Boateng, 2013): Single sourcing occurs when multiple suppliers are available, but procurement deliberately selects only one supplier due to constraints such as time delays, the need for standardisation, operational continuity, transitional migration, or risk containment. This approach helps prevent delays, reduce complexity, ensure system stability, support migration processes, and lower the risk of operational failure."
13092,SITA,State Information Technology Agency
13093,Site Inspection,Visit to the actual location where the contract is to be performed by potential bidders or offerors to become familiar with site conditions. May be held in conjunction with a pre-bid or pre-proposal conference.
13094,Skid,"A wood or metal platform fitted with two runners, or with legs, upon which material is placed or transported."
13095,Skills Gap,"Gap between skills required for emerging jobs and the skills of workers. A stress metric pushing employers to provide additional training opportunities for their employees. A possible factor in labor hour contracts where training is a component of the labor rate. (Business, 2002)"
13817,SKU (Stock Keeping Unit),"A distinguishable product. E.g., mushroom soup/10 oz., mushroom soup/20 oz., and tomato soup/20 oz., constitute three different SKU’s."
13097,Slap and Ship,"A supply management term used to describe the process of applying RFID tags in the distribution center prior to shipment. (ISM, 2000)"
13096,SLB,Small Local Business where there are less than 15 employees
13818,Slip streaming,"The practice of making unannounced product changes, especially in software. The typical setting is that a small bug or design flaw is discovered and then corrected while production continues. This introduces possible maintenance problems, in that if repairs are required, the repair person must be able to identify which version of the product is involved (e.g., by serial number). There may also be customer discontent if early customers feel that the differences between the different versions are noticeable. The advantage of slipstreaming is that new customers immediately benefit from the improvement."
13819,Slotting fee/allowance,"A fee charged by some retailers to suppliers who wish to have their product carried on the retailer’s shelves. This is typically used when the retailer feels that the probability of low demand for the product (typically a new one) might cause the product to be less profitable than other products the retailer carries. A powerful retailer might also use it as a means for trying to get a discount from a supplier who does not want to, at least officially, give selective discounts."
13548,SLP State Land Plan,The comprehensive statewide plan setting forth state land development policies to implement the state comprehensive plan; developed by the Department of Community Affairs (DCA).
13820,Slurry,"a suspension of a solid, such as pulverized coal, in a liquid such as water so that the solid may be shipped by pipeline."
13098,Small Business,"An independently owned firm, corporation, or establishment, having a small number of employees, low volume of sales, small amount of assets, and limited impact on the market."
13099,Small Business Act,"1999 act which establishes the Federal Government’s responsibility to aid, counsel, assist, and promote the interests of small businesses (as defined by the Small Business Administration), and to place with such businesses a fair proportion of Federal Government purchases and contracts for goods and services."
13100,Small Business Administration (SBA),"An independent agency of the Federal Government that offers managerial and financial assistance to small businesses. The SBA mission is to maintain and strengthen the nation’s economy by aiding, counseling, and assisting the interests of small businesses. (www.sbs.gov)"
13101,Small Disadvantaged Business,"A business offered preferential treatment: a small business that qualifies for preferential consideration for government contracts, usually because it is largely owned by a socially and economically disadvantaged person or group. Also see Economically Disadvantaged Individuals, Historically Underutilized Business (HUB), Minority-Owned Business (MBE) and WBE. (Encarta® World English Dictionary © & (P) 1998-2004 Microsoft Corporation. All rights reserved.)"
13102,Small Purchase,"Any procurement not exceeding a given upper monetary limit, as established by law, regulation, executive order, etc. Usually applies to purchases of small dollar amounts under a certain monetary threshold."
13103,Smart Card (Smartcard),"A plastic card embedded with a microchip that can store programmable data. Available in two types: memory cards and processor cards. Facilitates wireless and paperless transactions. It contains a tiny secure cryptoprocessor embedded within a credit card sized or smaller card. Invented and patented in France by Roland Moreno in the1970’s. (Jansen, 2002)"
13821,SMED (Single Minute Exchange of Die),"A philosophy and methodology developed by Shigeo Shingo for Toyota for the fast changeover of a machine from production of one product to the production of another. The phrase “single minute” is slightly misleading because Shingo really meant “single digit” (i.e., he interpreted any changeover of 9 minutes or less as a single minute exchange). Changeover times that once were several hours were reduced to minutes. The benefits of short changeovers are numerous. The most immediate benefits are that short production runs become more economic, and thus inventories are lower, and one can respond more rapidly to changing customer demands. The methods include: a) offlining: converting steps of the change-over offline, so that the production process can continue running while preparations for the changeover are made, b) quick connectors: rather than laboriously unscrewing and tightening bolts, quick fasteners such cams and “slip on and tighten” key-hole connectors are used."
13104,"Smith, Adam","Economist (1723-1790) who stressed the importance of the “invisible hand” of competition in a free market. He wrote that technical progress and capital investment were the main engines of economic growth. (Bishop, 2004)"
13549,SMS Highway Safety Management System,A systematic process utilized by state agencies and MPOs to provide information necessary for selecting and implementing effective highway safety strategies and projects designed to reduce the number and severity of traffic accidents; required for roads in the National Highway System (NHS) as a part of ISTEA;
13550,SMSA Standard Metropolitan Statistical Area,See MSA. SOV Single Occupancy Vehicle: A vehicle occupied by only one person (the driver).
13489,"SNR — Signal-- to-- Noise Ratio, also",S/N
13105,"Social Clauses Clauses that require the contracted organisation to demonstrate that they can deliver social benefitsand outcomes while carrying out other work that is the primary purpose of the contract. [e.g.environmental, training or employment outcomes].Social Costs","The full resource costs of an economic activity, including externalities. (Schiller, 2000)"
13106,Society of American Value Engineers (SAVE),"An International Society devoted to the advancement of value methodology. Value methodology benefits include decreasing costs, increasing profits and improving quality."
13107,Society of Logistics Engineer (SOLE),"A non-profit international professional society composed of individuals, organized to enhance the art and science of logistics technology, education and management."
13108,Socioeconomic Benefits,"CANADIAN Benefits expected to result from a project such as: Canadian content (percentage of total project funds to be spent directly and indirectly in Canada), person-years of employment, and monetary value of industrial offsets (e.g. technology transfers, non-project contracts, investment). May also refer to any environmental aspects of the project."
13109,Socioeconomic Programs,"Using governmental purchasing power to promote public policy. Examples include: encouraging living wage programs in public contracting, establishing small business and minority procurement goals and establishing environmental procurement initiatives. (Schiller, 2000)"
13110,SOE,State Owned Entity
13111,SOLE,See Society of Logistics Engineers.
13112,Sole Proprietorship,"A business owned and operated by one individual; the most common form of business organization in the United States. (Schiller, 2000)"
13113,Sole Source Procurement,A situation created due to the inability to obtain competition. May result because only one vendor or supplier possesses the unique ability or capability to meet the particular requirements of the solicitation. The purchasing authority may require a justification from the requesting agency explaining why this is the only source for the requirement.
13114,Sole Sourcing,"CANADIAN Under government policy, this non-competitive method is used, subject to obligations under the trade agreements, only when: the product or service is required immediately due to pressing emergency; there is only one qualified company, that has developed a patented or copyrighted product or service; or it is not in the public’s interest to hold a competition, for example, for requirements falling under the national security umbrella."
13115,Solicitation Protest,See Protest.
13116,SOR,See Statement of Requirement.
13822,Sortation system,"an important device in an automated distribution or baggage system. It typically consists of a long conveyor belt with a scanner at the front end. As packages enter the front end, a scanner reads a destination label on the package. The system then pushes the package off the conveyor at an off ramp appropriate for the package’s destination."
13823,Sorting,"A major function provided by a DC, specifically, collect all the items destined for a particular customer and group them together for shipment. SPC (Statistical Process Control): See Control chart."
13865,SOSO,"Sole Sourcing (Boateng, 2013): Sole sourcing occurs when only one supplier is capable of providing the required goods, services, or works. This typically arises due to proprietary technology, intellectual property rights, custom-built systems, unique configurations, exclusive capabilities or certifications, or compatibility requirements with existing systems where alternative options would pose unacceptable operational or technical risks."
13117,Source List,"A record of prequalified, prospective bidders for the purchase or sale of specific goods or services. Also see Bidders List."
13118,Source of Goods and Services,CANADIAN Principal location where goods or services are produced or where economic activity is generated.
13354,Source-to-settle is an integration of sourcing and purchasing processes. The different stages involved in a source-to-settle cycle include,"requisitioning, sourcing, RFx, auctions, generation of purchase orders, receipt and payment of invoices along with every process in between."
13119,Sourcing Strategies,"Alternative procurement plans that give guidance to assess, evaluate, and manage the supply base in ways that are consistent with overall agency objectives."
13120,Sovereign Immunity,"A legal doctrine that precludes a litigant from asserting an otherwise meritorious cause of action against a sovereign or a party with sovereign attributes unless the sovereign consents to suit. Sovereignty is the supreme, absolute, and uncontrollable power to make laws, regulate, collect taxes, wage war or make peace. (Nash, Schooner, O’Brien, 1998)"
13121,SP2,See Strategic Procurement Planning.
13122,Special Agent,An agent who has limited authority to perform only special tasks for its principal. Example: Salespeople may or may not have the authority to commit their company to anything other than catalog prices or routing deliveries.
13123,Special Procurement,"A type of procurement, as practicable under the circumstances and initiated by the head of the entity, for an unusual or unique situation. The contract is not awarded based on the application of requirements of competitive sealed bidding or competitive sealed proposals that could be contrary to the public interest or the needs of the entity."
13124,Special Revenue Funds,"Funds that provide services financed from various specifically designated revenue sources, such as recreation fees used to support a specific recreation activity."
13163,"Specific to technology, a computer memory that retains data for some period of time. Storage can be categorized in many ways such as","primary or secondary; read-only, random access and magnetic storage."
13125,Specification,"A precise description of the physical or functional characteristics of a product, good or construction item. A description of goods and/or services. A description of what the purchaser seeks to buy and what a bidder must be responsive to in order to be considered for award of a contract. Specifications generally fall under the following categories: design, performance, combination (design and performance), brand name or approved equal, qualified products list and samples. May also be known as a purchasing description."
13352,Spend taxonomy is the classification of an organization’s spend in a hierarchical order that usually ranges from 3 to 5 levels depending on the complexity of their spend. They are usually classified as,"Level 1 (Group), Level 2 (Family), Level 3 (Category), Level 4 (Commodity); where Level 1 is the highest level which is broken down in Families and Families in turn are further divided into various Categories, and Categories are divided into Commodities. The last level (Commodities) encompasses the unique set of suppliers with similar core competencies."
13126,Spending Authority,"CANADIAN The authority assigned to incur expenditures, including advance and progress payments, and to confirm satisfactory contract performance and price, as a prerequisite to the requisitioning of payment."
13127,Spiraling Agreement,"A negotiation technique that begins by reaching a minimum agreement even though it is not related to the objectives and build, bit by bit, on this first agreement."
13410,Split B/L,One of two or more B/L’s which have been split from a single B/L.
13459,Split month billing is a variation on monthly billing. The client is charged,"A “regular” rate for inbound storage in the first half of the month, and
A “reduced” rate (i.e., 50% discount) for inbound storage with a receipt date after the 15th of the month.
This billing option can address client resistance to monthly billing (having to pay for a whole month’s storage for inbound stock that arrives later in the month)."
13824,Split sourcing,"Serving a customer or need from two or more sources, usually because of limited capacity at one of the sources. Might also be used for reliability reasons in case one source is unreliable. Administrative costs tend to be higher with split sourcing. With single-sourcing, a customer can contact his supplier directly for replenishments. Under split sourcing there must be a higher coordinating authority to decide which orders are satisfied from which source."
13128,Spot Price,"The price quoted for a transaction that is to be made on the spot, that is, paid for now for delivery now. Also see forward contracts and futures markets, where payment and/or delivery will be made at some future date. (Bishop, 2004)"
13129,SRDM,Supplier Relationship Management and Development
13825,Stackelberg equilibrium,"if there are multiple Nash equilibria, one in which the utility of one of the players, the “most powerful” or leader, is maximized."
13130,Staff Function,"Procurement Department advises agency management and operating departments about general business market conditions, new ideas and products suggested by vendors, and assists by providing anticipated budgeting prices for materials and their availability. Also see Line Function and Service Function."
13131,Staffing Level,"The number and type of personnel employed by an organization for the performance of a given work load. May be expressed in terms of full time equivalent (FTE) which typically represents one full time employee working 40 hours per week. (Miller, 2006)"
13132,Stagflation,"An economic meltdown consisting of rampant inflation, high unemployment and general economic stagnation in a country. The simultaneous occurrence of substantial unemployment and inflation. May cause supply shortages that result in sellers being unable to provide commodities and services. (Schiller, 2000)"
13411,Stale B/L,"A late B/L; in banking, a B/L which has passed the time deadline of the Letter of Credit (L/C) and is void."
13133,Standard Contract,A pre-established document containing certain pre-determined terms and conditions. A template contract that may be used for the most basic contractual obligations.
13134,Standard Industrial Classification (SIC) Code,"A comprehensive code classifying all business by what is produced or sold and for whom it is produced, or to whom it is sold."
13135,Standard Object,"CANADIAN The highest level of the object classification used for parliamentary and executive purposes, which is reported to Parliament in the estimates and Public Accounts."
13137,Standard of Value,"One of the functions of money whereby the value of goods and services is expressed in money terms (prices). (Schiller, 2000)"
13136,Standard Specification,"A specification that is to be used for all or most purchases of an item; describes all required physical and functional characteristics of goods, services or construction."
13138,Standardization,"The adoption of a single product or group of products to be used by different organizations or all parts of one organization. (Nash, Schooner, O’Brien, 1998)"
13139,Standardization of Specifications,"The process of establishing a single specification for an item, or range of items."
13140,Standards (Standardization) Committee,"Generally an internal committee consisting of cross-functional representation including procurement, users, and other internal stakeholders impacted by the decisions of the committee. Examples of key functions and activities may include:"
13141,Standing,"The legal right to initiate a lawsuit and/or protest. To do so, a party must be sufficiently affected by the matter at hand and there must be a case or controversy that can be resolved by legal action. (Taken from the ‘Lectric Law Library,’ www.lectlaw.com)"
13142,Standing Offer,"CANADIAN An arrangement whereby a supplier offers to provide on demand goods and services described in the offer, at the price or on the pricing basis stated, and subject to all the terms and conditions set out therein. A standing offer is not a contract."
13143,Standing Order,Similar to a blanket order except it has specified quantities and specified delivery dates. Also see Blanket Order.
13144,Stare Decisis,"A basic legal principal whereby once a decision (a precedent) on a certain set of facts has been made, the courts will apply that decision in cases which subsequently come before it embodying the same set of facts. A precedent which is binding; must be followed. (Garner, 2004)"
13145,Startup,"A relatively new, usually small business, particularly one supported by venture capital and within those sectors closely linked to new technologies. (Business, 2002)"
13149,State-Use Law (Industries),"Laws established by state legislatures, Federal law or executive order which establish preference for purchases from correction/prison industries."
13359,Stated simply,"We already had this much inventory, we added this much to it (through purchasing), we still have this much inventory, the difference must represent the cost of what we actually sold."
13146,Statement of Account,"A detailed listing, usually prepared by the supplier/vendor, of transactions taking place over a stated period, usually concluding with the open or unpaid balance."
13147,Statement of Requirement (SOR),"Describes the procurement deliverables. Also known as a Statement of Work (SOW). (Harney, 1992)"
13148,Statement of Work,"The response from the supplier/contractor outlining very specifically how the supplier proposes to complete the work as outlined in the Scope of Work. It defines what will be done, how, by whom, and cost factors."
13150,Statute of Frauds,refers to the requirement that certain kinds of contracts be memorialized and signed in writing with sufficient content to evidence the contract. The following types of agreements are included: 1) sale of goods over $500 (not services); 2) a promise to pay a debt of another; 3) sale of land or interest in land; 4) agreements that have a duration greater than one year; 5) agreements in consideration of marriage.
13151,Statutes,"The written laws approved by legislatures, parliaments or house of assembly. Also known as legislation."
13152,Statutory Information,"CANADIAN Information specifically called for, collected, distributed, reported in accordance with legislation, e.g., a statement of the financial transactions of the fiscal year as part of the Public Accounts, as required by the Financial Administration Act."
13153,Statutory Law,"The written law established by enactments of government, expressing the will of the legislature. A statute is the written law as opposed to common law, which is unwritten law. Statutes are written at all levels of government.Stock: An item maintained on hand in a supply system to meet future needs. May be held in an inventory control system and issued on demand."
13826,STB (Surface Transportation Board),"U.S. federal agency that has replaced some of the regulatory functions of the former ICC. It is responsible for the economic regulation of interstate surface transportation, primarily railroads. See http://www.stb.dot.gov."
13482,stevedores,Labor management companies that provide equipment and hire workers to transfer cargo between ships and docks. Stevedore companies may also serve as terminal operators. The laborers hired by the stevedoring firms are called stevedores or longshoremen.
13156,Stock Level,"The desired quantity of stock to be carried in inventory for a given item. This quantity is adjusted periodically depending on economic issues such as cost, supply and demand. A minimum stock and maximum stock level is predetermined based on existing requirements."
13157,Stock Location Records,CANADIAN The records that indicate the locations of stocks in a storeroom or warehouse.
13158,Stock Number,A standard number that is assigned to identify like items. Examples of standardized stock numbering systems include the NIGP Commodity/Services Code or the NATO Stock Numbering System.
13159,Stock On Order,CANADIAN The quantity represented by the total of all outstanding replenishment orders.
13160,Stock Record,Information on the items in stock showing stock level position.
13161,Stock Usage/Turnover Rate,"The historic rate, at which a stocked item is used, based on the number of times the stock is issued to determine the annual (or periodic) turnover rate."
13154,Stock-Keeping Unit (SKU),"A common term for a unique numeric identifier, typically in a database. A specifically assigned product number for each variation of an item. The SKU number represents variations of the item by size, color, type or by any other specific designation in order to aid in computer ordering and inventory control. Example: The yellow raincoat is only offered in 4 sizes: small, medium, large and extra large which equates to 4 SKUs. If the raincoat came in those 4 sizes in both yellow and orange colors then there would be 8 SKUs for this raincoat. (ISM, 2000)"
13155,Stockless Purchasing,"A contracting method that incorporates just-in-time delivery concepts thus enabling the buyer to avoid carrying inventory to meet demand requirements. Suppliers own the inventory and deliver products directly to the customer with a pre-determined time frame, i.e. 24 hours, 3 working days, etc."
13162,Stop Work Order,Written notice to the contractor to immediately stop all work and work cannot resume until the stop work order is removed.
13164,Stores Accounting,The act of recording the details of stock movements and balances in value.
13165,Stores Management,To provide for the efficient storage and handling of goods to be redistributed to the using agencies.
13551,STP Surface Transportation Program,A new federal block grant-type program created by ISTEA; may be used by states and localities for any roads (including the National Highway System) that are not functionally classified as local or rural minor collectors; roads eligible under this program are collectively known as federal-aid roads.
13425,Straight,A letter of credit that contains a limited engagement clause which states that the issuing bank promises to pay the beneficiary upon presentation of the required documents at its counters or the counters of the named bank.
13412,Straight (Consignment) B/L,Indicates the shipper will deliver the goods to the consignee.It does not convey title (non–negotiable).Most often used when the goods have been pre–paid.
13166,Straight-Line Depreciation,"A form of depreciation in which the cost of a fixed asset is spread equally over each year of its anticipated lifetime. (Business, 2002)"
13167,Strategic Alliance (SA),"An agreement between two or more organizations to cooperate in a specific business activity, so that each benefits from the strengths of the other, and gains competitive advantage. (Business, 2002)"
13168,Strategic Plans,"Documents that establish the long-range objectives and overall strategy or course of action by which an organization fulfills its mission. Also see tactical planning. (Business, 2002)"
13169,Strategic Procurement Planning (SP2),"The transformation of the organization’s mission, goals, and objectives into measurable activities to be used to plan, budget and manage the procurement function within the organization. The ultimate goal is to effectuate positive change in organizational culture, systems, and operational processes."
13170,Strategies,Methods to achieve specific goals and are used to carry out objectives. All strategies must be sensitive to financial and other resource allocation decisions.
13171,Straw Man,"The first offer received in a competitive negotiation to get the negotiations moving forward. It is generally of little merit, but intended to move toward more purposeful negotiation."
13172,Straw Vote,"An RFP evaluation technique, whereby the evaluation team takes an informal vote of no consequence to gauge the feeling of the group toward a proposal or group of proposals. Used to informally determine the predisposition of the group."
13596,"Striking the ship's bell is the traditional method of marking time and regulating the crew's watches. Each bell (from one to eight) represents a 30-minute period since the beginning of a four-hour watch. For example, in the classical system, ""Three bells in the morning watch"" represents 90 minutes since the beginning of the morning watch, or 5","30am. ""Eight bells"" indicates the end of a watch."
13173,Structural Deficit,"Deficit that remains across the business cycle, because general tax levels are too low for the general level of government spending. (Wikipedia 2007)"
13174,Structural Unemployment,"Unemployment caused by a mismatch between the skills or location of job seekers and the requirements or location of available jobs. For example: Structural Unemployment occurred in West Virginia when the coal mines closed and the unemployed miners lacked the technology skill required by high tech companies. (Schiller, 2000)"
13175,Subcontract,A contract that assigns some of the obligations of a prior contract to another party.
13176,Subject-Matter Expert (SME),"An individual whose possesses exceptional skill and knowledge in a particular area of expertise. Generally the SME understands technical details and terminology, is current with changing trends and possesses historical knowledge. Procurement may invite SMEs to provide technical assistance or to serve on evaluation committees. (Business, 2002)"
13177,Subrogation,"The substitution of one person in the place of another with reference to a lawful claim, demand, or right, so that the one substituted succeeds to the rights of the other in relation to the debt or claim and its rights, remedies, and securities. (Black’s Law Dictionary, 1427, 1990)"
13178,Succession Planning,The process of identifying and developing internal personnel with the potential to fill key or critical organizational positions. Succession planning ensures the availability of experienced and capable employees that are prepared to assume these roles as they become available. (Source: Wikipedia)
13179,Sunshine Law,"A law that requires public disclosure of a government act. Laws that require state and local agencies to conduct their business in the sunshine. In 1992 Florida voters reaffirmed the right to open government by approving an amendment adoption Article 1, [section] 24(b) of the Florida Constitution which “grant[ed] constitutional status to the public’s right of access to all levels of government. Many other states have also adopted similar laws. Public officials have a duty to conduct meetings in the sunshine. They also have a duty to protect the trade secrets of the vendors with whom they do business. (http://findarticles.com/p/articles/mi go1671/is 200202/ai n6714457, 01.05.07)"
13180,Superfund,"See Comprehensive Environmental Response, Compensation and Liability Act (CERCLA)."
13181,Supplemental Agreement,"Any contract, addendum or modification accomplished by the mutual action of both parties."
13182,Supplier Analysis,"A review conducted of specific suppliers to assess their qualifications, availability, performance, past performance, and product quality. To look at specific traits and elements of that specific vendor as opposed to the aggregate. Also see Demand Analysis and Market Analysis."
13183,Supplier Lead Time,The time that normally elapses between the time an order is received by the vendor and shipment of the material. Also see Lead Time.
13184,Supplier Manual,"A guide to provide basic instructions necessary to conduct business with the agency. Developed by the agency, it clearly states the general code of ethics and business relationships and, may include but is not limited to, 1) the standards of conduct expected of agency staff and suppliers and 2) the limitations surrounding their relationship and extent of contacts that suppliers should have with all agency departments and agency staff. Also referred to as Vendor manual."
13185,Supplier Performance Report,"A report that evaluates a vendor’s performance based on certain criteria, such as, quality, delivery, timeliness, responsiveness, etc."
13186,Supplier questionnaire,"(see ""PQQ"")"
13187,Supplies,All tangible items purchased or consumed by an organization.
13188,Supply and Demand,"The quantity of goods available for sale at a given price, and the level of consumer need for those goods at a given price. The balance of supply and demand fluctuates as external economic factors such as the cost of materials and the level of competition in the marketplace influence the level of demand from consumers and the desire and ability of producers to supply the goods. (Business, 2002)"
13189,Supply and Provisioning,"CANADIAN The operation normally involved in furnishing, providing, affording, or distributing items of supply to a user to satisfy stated requirements."
13190,Supply Centre/Depot,"CANADIAN A specialized facility designed, equipped, and staffed to perform warehousing functions and conduct other supply and distribution activities, particularly those associated with the maintenance of stocks."
13191,Supply Chain Pollution Avoidance (SCPA),The broadest and most logical approach to protecting the environment. SCPA focuses on processes that prevent or minimize pollution from being created throughout the supply chain. An integrated management approach to pollution avoidance which provides a logical framework for environmental objectives. (www.epa.gov/cpg/glossary)
13192,Supply Networks,"Flexible virtual supply systems linked together by communication systems and alliances. They optimize the flow of materials, services, information and money. They focus on speed, are highly adaptive, innovative and tightly integrated. (Burt, Dobler, Starling, 2003)"
13193,Supply Positioning,"An analysis of the complexity of the supply marketplace and its impact on agency service delivery based on such factors as: dependency of agency service delivery upon particular goods and service; risk to agency service delivery arising from potential disruption, such as discontinuity of supply or significant increase in price; the makeup of the marketplace; lead times and the complexity of the technology involved; and the source of the original manufacture or service supply and any related opportunities. Also see Market Analysis, Procurement Profile and Spend Analysis."
13195,Supply Voucher,CANADIAN A document used to obtain materiel items from stock. Usually used to obtain consumable items.
13194,Supply-Side Policy,"The use of tax incentives, deregulation, and other mechanisms to increase the ability and willingness to produce goods and services. (Schiller, 2000)"
13196,Surety,"A pledge or guarantee by an insurance company, bank, individual or corporation on behalf of the bidder/offeror which protects against default or failure of the principal to satisfy the contractual obligations."
13197,Surveillance,Term often used in Performance-Based Contracting. Also see Contract Administration and Contract Management.
13198,Suspension,"Prohibiting a supplier from submitting bids and offers for a definite or indefinite period of time. A temporary determination to exclude a supplier from obtaining any contracts for a period of time, usually before initiating debarment. Reasons for this action may include poor performance, late deliveries, violations of previous contract terms, etc. Also see Debarment."
13199,Suspension of Work Clause,"A contract provision that allows an agency to suspend, interrupt, or delay work for the agency’s convenience. A contractor is not entitled to compensation if the delay is the contractor’s fault. A contractor may be compensated only if the resultant delay is considered unreasonable. Also see Ordered Suspension."
13200,"SWOT Analysis (Strengths, Weaknesses, Opportunities, Threats)",Utilized as a strategic planning tool to improve organizational effectiveness of the procurement organization. Developed by Alfred Humphrey for business analysis.
13201,System Infrastructure,"CANADIAN The fundamental enabling structure upon which a system operates, including the technology platform, software and other standards, shared services, management support and capabilities."
13202,Systems Analysis,"The process of analyzing existing systems for the purpose of evaluating possible improvements in methods and procedures. (Jansen, 2002)"
13203,Systems Contract,A contract that establishes a source of supply for a specified period for a large group or related family of materials; a method of procurement designed to improve reordering of materials used repeatedly. May include a catalog with a list and description of items that can be purchased. Also see Blanket Order.
13205,T & C,See Terms and Conditions.
13206,T & M,See time and materials contract.
13215,T-FTA,Tripartite Free Trade Agreement
13827,T1 line (Trunk level 1),"A data transmission capacity of 1,544,000 bits per second. This is a standard measure of telephone line capacity in North America. Historically, enough to carry 24 voice channels. Higher levels are: T2: 96 voice channels. T3: 672 voice channels. T4: 4032 voice channels."
13207,Tabulation of Bids/Responses,"The recording of responses to bids and proposals for the purposes of comparison, analysis and record keeping."
13552,TAC Technical Advisory Committee,"A standing committee of most metropolitan planning organizations (MPOs); function is to provide advice on plans or actions of the MPO from planners, engineers and other staff members (not general citizens.)"
13204,TACO,"Total Acquisition Cost of Ownership (Boateng, 2013): A financial and lifecycle costing methodology that evaluates the full economic cost and developmental impact value of acquiring and operating an asset or service throughout its entire useful life."
13208,"Taguchi, Genechi","Served as the director of the Japanese Academy of Quality and is a four-time recipient of the Deming Prize. Believed that poor design resulted in poor quality. See Six Sigma. (Business, 2002)"
13828,Tank car,"Rail car for carrying fluids. In contrast, see box, flat, and hopper car."
13438,Tankers,"Ships fitted with tanks to carry liquid bulk cargo such as crude petroleum and petroleum products, chemicals, Liquefied gasses (LNG and LPG), wine, molasses, and similar product tankers."
13209,Task Order Contract,See Delivery Order Contract.
13210,Tax Base,"The amount of income or property directly subject to nominal tax rates. (Schiller, 2000)"
13211,Tax Burden,"A measure of the taxes paid relative to another constant factor, such as total personal income. (Schiller, 2000)"
13553,TAZ Traffic Analysis Zone,"The smallest geographical area routinely used for computer travel
simulation."
13554,TCEA Transportation Concurrency Exception Area,A specific geographic area where transportation concurrency requirements do not apply; area must be designated in a local comprehensive plan
13555,TCM Transportation Control Measure,"Actions aimed at reducing air pollutant emissions from
traffic; includes trip reduction ordinances, parking management, traffic flow improvements, etc."
13556,TCMA Transportation Concurrency Management Area,"A compact geographical area in which an areawide level of service (LOS) standard is applied for the purpose of meeting the concurrency requirements of Chapter 163,"
13557,TD Transportation Disadvantaged,"People who are unable to transport themselves or to purchase transportation due to disability, income status or age."
13558,TDM Transportation Demand Management,"Strategies to reduce peak period congestion which focus on managing travel demand; includes shifting solo drives to carpools or transit,  taggered work hours, telecommuting and other similar concepts."
13559,TDP Transit Development Program,"A short term (5 years) plan that identifies the intended development of transit, including equipment purchase, system management and operation."
13560,TEA Transportation Enhancement Activity,"Specific activities which can be funded with Surface Transportation Program (STP) funds; activities include pedestrian/bicycle facilities, acquisition of scenic easements and scenic historic sites, scenic or historic highway programs, scenic beautification, historic preservation, rehabilitation/operation of historic transportation structures, railway corridor preservation, control/removal of outdoor advertising, archeological planning/research and mitigation of highway runoff water pollution."
13212,Team Leadership,Professor Robert Trent of Lehigh University has identified ten requirements for effective team leadership:
13213,Technical Specifications,Specifications that establish the material and operating requirements of products and services.
13214,Terms and Conditions (T’s and C’s),Standard boilerplate language that includes standard clauses and rules which apply to bids and offers formally solicited that may become incorporated into the final contract. Also see Boilerplate.
13829,TEU (Twenty foot Equivalent Unit),"A unit of measure for maritime freight containers. The majority of maritime containers are either 20 feet or 40 feet long, 8.5 feet high, and about 100 inches wide. A 40 ft container is 2 TEU."
13216,TFR,Transnet Freight Rail
13591,"The course of a sailing vessel in relation to the direction of the wind, divided into six points","in irons (pointed directly into the wind), close hauled (sailing as close into the direction of the wind as possible), close reach (between close reach and beam reach), beam reach (perpendicular to the wind), broad reach (wind behind the vessel at an angle), and running downwind or running before the wind (the wind is behind the vessel)."
13429,The largest size vessel that can traverse the Panama Canal.  Current maximum dimensions are,Length 294.1 meters (965 feet); width 32.3 meters (106 feet); draft 12.0 meters (39.5 feet) in tropical fresh water; height 57.91 meters (190 feet) above the water.
13457,The number of times inventory turns is calculated using the following method,"a) Sum the Inventory In and the Inventory Out, and then divide by 2 to arrive at the Throughput.
b) The number of Inventory Turns is equal to the Throughput divided by the Average Inventory."
13590,"The officer responsible for all money matters in RN ships including the paying and provisioning of the crew, all stores, tools and spare parts. See also",purser.
13576,The person in charge of all evolutions and maintenance on deck; sometimes split into two groups,"forward deck supervisor, aft deck supervisor."
13440,"The point at which sellers have fulfilled their obligations so the goods in a legal sense could be said to have been delivered to the buyer. They are shorthand expressions that set out the rights and obligations of each party when it comes to transporting the goods. Following, are the thirteen terms of sale in international trade as Terms of Sale reflected in the recent amendment to the International chamber of Commerce Terms of Trade (INCOTERMS), effective July 1990","exw, fca, fas, fob, cfr, cif, cpt, cip, daf, des, deq, ddu and ddp."
13428,"The replacement, since 1994, for “Net Register Tonnage.” Theoretically the cargo capacity of the ship.  Sometimes used to charge fees or taxes on a vessel.  The formula is(0.2+0.02 log10(Vc)) Vc (4d/3D)2, for passenger ships the following formula is added","1.25 (GT+10000)/10000 (N1+(N2/10)), where Vc is the volume of cargo holds, D is the distance between ship’s bottom and the uppermost deck, d is the draught, N1 is the number of cabin passengers, and N2 is the number of deck passengers.) “Ton” is figured as a 100 cubic foot ton.  An approximate conversion ratio is 1NT = 1.7GT and 1GT = 1.5DWT."
13351,The spend cube is a review of spend data presented as a multidimensional cube. The dimensions usually reviewed include,"sub-categories or variants purchased across the organization, stakeholders or departments buying the category and comparative spend with different suppliers."
13602,The usual steering device on larger vessels,"a wheel with a horizontal axis, connected by cables to the rudder."
13293,"Theory describing a style of business ownership and control. Vertically integrated companies are united through a hierarchy and share a common owner. Usually each member produces a different product, and the products combine to satisfy a common need. An important theory for procurement professionals who become involved in price/cost negotiation to understand. There are three major types of vertical integration",Backward Vertical Integration; Forward Vertical Integration; and Balanced Vertical Integration.
13217,Theory X,"A management theory of Douglas McGregor’s which takes a traditional view of management, whereby it is assumed that workers generally dislike work and must be forced by managers and supervisors to do their jobs. (Business, 2002)"
13218,Theory Y,"A management theory of Douglas McGregor’s which takes a humanistic view of management whereby it is assumed that workers like to work and that under proper conditions employees will seek out responsibility in an attempt to satisfy their social, esteem, and self-actualization needs. (Business, 2002)"
13219,Theory Z,"A management philosophy that stresses employee participation in all aspects of company decision making. (Business, 2002)"
13659,They can save money if they hire a single trip to make the delivery to all three. How should the costs be shared? Example,"the cost of delivering to any combination of the three is as follows: {A}:$88, {B}: $91, {C}: $90, {A,B}: $150, {A,C}: $148, {B,C}: $151, {A,B,C}: $180. For example, making a single trip to just B and C costs $148. Making one trip that serves all three costs $180. If CA, CB, and CC are the amounts the three players decide to assess each other, then the core of the game is defined by the constraints:"
13220,Third World,"-Countries of the world that have relatively low economies and low human development,  capitalistic and democratic indices"
13830,TIGER (Topologically Integrated Geographic Encoding and Referencing),"a set of files available from the U.S. Bureau of the Census (http://www.census.gov) that give the latitude and longitude of major physical objects in the U.S. These include a) line objects such as roads, railroads, rivers, and utility lines; b) boundaries of objects such as counties, school, and congressional districts; and c) landmarks such as churches, schools, parks, cemeteries, buildings and factories. Address ranges for most streets are also available."
13222,Time of Offer,"In a sealed bid procurement, the date and time that the sealed bids are publicly opened, read, and recorded."
13223,Time Series Forecasting,Methods that use historical data as the basis of estimating future outcomes. A prediction based on the assumption that the trend of variations in the value of a variable will continue to recur in the future; that tomorrow will more or less resemble yesterday and today. For example: an organization that replaces a third of its administrative automobile fleet each fiscal year can generally forecast both the anticipated prices and delivery schedules based upon previous years’ data and any new information concerning the automotive industry.
13224,Time Utility,"Utility that is created by making a product available when customers wish to purchase it. Time utility is an important consideration in most supply management decisions and it has a major impact on cost/price considerations. (Schiller, 2000)"
13221,Time-Critical-Shipments,"A predetermination between buyer and seller that the shipment will be routed non-stop, door-to-door delivery; shipment is not co-mingled with freight of other shippers. (ISM, 2000)"
13225,TINA,See Truth in Negotiations Act.
13561,TIP Transportation Improvement Program,A priority list of transportation projects developed by a metropolitan planning organization that is to be carried out within the three year period following its adoption; must include documentation of federal and state funding sources for each project and be consistent with adopted local comprehensive plans.
13831,TMS (Transportation Management System),"Software for helping manage the transportation, typically outbound from a distribution system. If, for example, outbound shipments are LTL, the TMS might provide the route. That is, the sequence of stops, and the order in which material is to be loaded onto a truck."
13562,TND Traditional Neighborhood Design,"A development concept which focuses on the neighborhood as the basic building block; incorporates mixed uses, hierarchy of streets, pedestrian orientation and architectural design."
13226,TNPA,Transnet National Ports Authority
13575,To include or contain,"As applied to a naval task force, the listing of all assigned units for a single transient purpose (mission). “The Task Force comprises Ship A, Ship B, and Ship C.” ‘Comprise’ means exhaustive inclusion – there aren't any other parts to the task force, and each ship has a permanent squadron existence, independent of the task force."
13603,To protect a section of rope from chafing by,"laying yarns (worming) to fill in the cuntlines, wrapping marline or other small stuff (serving) around it, and stitching a covering of canvas (parceling) over all."
13832,TOC (Theory of Constraints),"A managerial philosophy that stresses the importance of identifying the capacity bottlenecks of a production process and then either eliminating these bottlenecks and/or finding ways to better utilize these bottleneck facilities. Although it is not computational, in spirit it is somewhat similar to LP."
13563,TOD Transit-Oriented Development,A mixed use community or neighborhood designed to encourage transit use and pedestrian activity.
13833,TOFC (Trailer on flatcar),See piggy back.
13228,Token Bid,"A perfunctory offer submitted by a bidder with no serious intent of being the lowest bidder, usually submitted when the bidder wishes to maintain eligibility on the bidders list, or as a collusive device."
13229,Tolerance,"A specified allowance for variation in weight, size or other designated measurement; the range of allowable deviation within which an item or service is classified as acceptable."
13834,Tolling,Contract manufacturing. Hiring some other manufacturing firm to do part or all of the manufacturing of your product. The contract manufacturer never owns the product.
13227,TOR,Terms of Reference
13835,Tornado diagram,"A method for displaying the effects of various uncertain parameters on an output measure such as profit. If we are contemplating the development of a new product, uncertain parameters might be market size, production cost per unit, selling price, and development cost. For each parameter, you estimate three values: a most likely value, a lowest plausible value, and a highest plausible value. If there are n parameters, you then evaluate 2n + 1 cases, namely, the base case in which all parameters are set to their base value, and then for each parameter i, while holding all other parameters at their base value, evaluate total profit when parameter i is at its low"
13230,Total Cost (also known as total aggregated value),"The total cost of the overall requirement over the contract term.  Individual or annual costs are irrelevant where goods, services or works are of the same type or have similar characteristics.  The total cost of the contract must be used when deciding which process."
13231,Total Supply,"A concept of purchasing, the objective of which is to plan in advance and provide for the broadest scope of purchasing and purchasing- related activities as possible to minimize costs, increase managerial effectiveness, and improve operational efficiency. It is concerned not only with ordering, but also with requirements planning, logistics, and general procurement management."
13836,TQM (Total Quality Management),"A philosophy of management of quality that takes a comprehensive, high-level view of quality improvement."
13232,Trade Deficit,"The amount by which the value of imports exceeds the value of exports in a given time period. Also see Trade Surplus. (Schiller, 2000)"
13233,Trade Surplus,"The amount by which the value of exports exceeds the value of imports in a given time period. Also see Trade Deficit. (Schiller, 2000)"
13234,Trade Terms,"The broadest classification applicable to purchase transactions with reference to understandings between buyer and vendor, either as to the meanings of certain abbreviations, words, or phrases, or to customs applicable to transactions as established by agreement between the parties, or as established by general usage."
13837,Tradeoff curve,"A curve showing the tradeoff between two measures of goodness (e.g., low inventory vs."
13235,Trading Company,"A firm that buys goods in one country and sells them to buyers in another country. (Business, 2002)"
13838,Transactions based costing,See ABC (activity based costing).
13839,Transfer price,"an internal price used when one profit center of a firm provides goods or services to another profit center of the firm. The purpose of transfer prices is to motivate the individual profit centers to behave optimally with respect to the whole firm. See also: incentive compatible. Roughly speaking, when a production facility is running at capacity, the transfer price of its output should be the cost of buying the equivalent output in the outside market. When a production facility is running under capacity, its transfer price should be the marginal cost of production. Tax considerations may also play a role when the two parties involved in a transfer are in different taxing jurisdictions. Very similar to dual or shadow prices in an LP."
13426,Transferable,"A letter of credit that allows the beneficiary to transfer in whole or in part to another beneficiary any amount which, in aggregate, of such transfers does not exceed the amount of the credit.Used by middlemen."
13236,Transformational Leadership,"A leadership theory that involves leaders who are charismatic and visionary and can inspire followers to transcend their own self-interest for the good of the organization. These leaders appeal to the follower’s ideals and moral values and inspire them to think about problems in new or different ways. The leader exhibits vision which is the ability to bind people together with an idea. Transformational leadership has a lower turnover rate, has higher productivity rates and maintains a higher employee satisfaction."
13378,Transforming our world,the 2030 Agenda for Sustainable Development with its 17 SDGs was adopted at the UN Sustainable Development Summit in New York in September 2015.
13840,Transhipment,"movement of product between two facilities at the same level in a supply chain, as when one automobile dealer supplies another dealer with a car."
13483,Transtainer,"A type of crane used in the handling of containers, which is motorized, mounted on rubber tires and can straddle at least four railway tracks, some up to six, with a lifting capacity of 35 tons for loading and unloading containers to and from railway cards."
13564,TRB Transportation Research Board,"A unit of the National Research Council whose purpose is
to advance knowledge about transportation systems; publishes the Highway Capacity Manual."
13237,Trend line,"The tendency to move in a particular direction shown by data variables over a period of time such as a month. (Business, 2002)"
13238,Trial Balance,"A summary of balances of all general ledger accounts at the end of an accounting period. (Business, 2002)"
13239,Triple Baseline,"Refers to the metrics that operationalize success across economic, environmental and social costs and impacts."
13565,TRO Trip Reduction Ordinance,"Ordinance which requires developers or employers to provide transportation demand management (TDM) strategies to employees; goal of these ordinances
is to reduce traffic generated by businesses."
13566,TSM Transportation Systems Management,"Strategies to improve the efficiency of the transportation system through operational improvements such as the use of bus priority
or reserved lanes, signalization, access management, turn restrictions, etc."
13841,TSP (Traveling Salesperson Problem),"The problem of finding the shortest tour of a set of cities such that each city is visited exactly once. It is NP-hard. The same kind of problem arises in production changeovers among various products (e.g., in a paint booth)."
13842,Tunnel scanner,"A tunnel scanner has individual scanners on top, both sides, and perhaps even the bottom of a conveyor, so that a package label can be read regardless of its orientation. This reduces the amount of labor required to make sure a package is properly oriented as it enters a sortation system."
13240,TUPE,Means the Transfer of Undertakings (Protection of Employment) Regulations 2006. The purpose of TUPE is to preserve continuity of employment and to safeguard employment rights of all employees whose employment transfers to a new employer as a result of a relevant transfer.
13484,Twenty Foot Equivalent Unit (TEU),A unit of measurement equal to the space occupied by a standard twenty foot container. Used in stating the capacity of container vessel or storage area. One 40 ft. Container is equal to two TEU's.
13843,Two dimensional code,"A code for marking product in which dots over an area, rather than bars in a row, are used to code information. It can hold much more information (e.g., 200+ digits or 100+ characters, vs. typically 12 digits for a bar code)."
13241,Two-Bin System,"An inventory control system in which identical stock is stored in two separate bins, with the stock in the second bin equal to that calculated for the order point. Withdrawals are made from the first bin and a requisition to replenish the supply is generated when that bin is emptied."
13242,Two-Step Procurement,"A combination of competitive procedures designed to obtain benefits of sealed bidding when adequate specifications are not available. May also be applied to a request for proposal negotiated procurement. Step one consists of a request for technical proposals, evaluations and discussion without pricing, and the selection of bidders whose proposals are considered most acceptable; step two consists of the submission of sealed priced bids by those who submitted acceptable technical proposals in step one. (Harney, 1992)"
13485,U. S. Army Corps of Engineers,See Corps of Engineers.
13486,U. S. Customs,See Customs.
13279,U.S. Communities,"A national purchasing cooperative known as the U.S. Communities and Government Purchasing Alliance and is co-sponsored by key professional associations serving the public sector: Association of School Business Officers (ASBO), National Association of Counties (NACO), National Institute of Governmental Purchasing (NIGP), the National League of Cities (NLC) and the U.S. Conference of Mayors. In 2004, over 7000 public entities were accessing the U. S. Communities agreements that were hosted by public agencies - generating over $500 million in public spending."
13567,UAM Urban Airshed Model,Regional air quality model which allows overall concentrations for an entire region to be predicted.
13845,UCC (Uniform Code Council),An industry group to promote multi-industry standards for product identification or bar codes. See http://www.uc-council.org
13844,UCC (Uniform Commercial Code),"a standard set of laws governing commercial transactions (bills of lading, letters of credit, bank deposits, collections, etc.) adopted by all states in the U.S. except Louisiana (it uses a variant of the Napoleonic code)."
13243,UL,See Underwriter’s Laboratory.
13846,ULD (Unit Load Device),"A cargo carrying container of standard size, usually in the airfreight industry."
13244,Ultra Vires Action,An action which is beyond the powers granted by authority or by law.
13245,UMA,See Uniform Mediation Act.
13246,Unbundling,"Dividing a service into smaller portions, in order to encourage competition. Frequently done on the basis of geography, for example, a large service area, such as a city or county is divided into smaller geographical regions."
13427,Unconfirmed,A letter of credit forwarded to the beneficiary by the advising bank without engagement on the part of the advising bank.
13247,Unconscionability,"Generally implies an absence of meaningful choice on the part of one of the contracting parties. A contract clause that is so one-sided as to oppress or unfairly surprise a party. It is usually grounds for contract avoidance, for example, where it is the result of an obvious mistake on the part of the bidder. (Garner, 2004)"
13248,Undercapitalization,"The lack of funds to successfully operate a business which may lead to business failure. (Schiller, 2000)"
13249,Underemployment,"An economic condition where people seeking full-time paid employment work only part time or are employed at jobs below their capability. (Schiller, 2000)"
13250,Underwrite,"To assume risk, especially for a new issue or an insurance policy. (Business, 2002)"
13251,Underwriter’s Laboratory (UL),A non profit product safety testing organization.
13252,Unemployment,"The inability of labor-force participants to find jobs. An economic condition in which a percentage of the population wants to work but is unable to find sustainable employment. (Bishop, 2004)"
13253,Unemployment Rate,"The proportion of the labor force that is unemployed. (Schiller, 2000)"
13254,Unfair Competitive Advantage,"Government action that provides for an advantage of one competitor over other competitors. For example, an unfair competitive advantage may exist when a contractor competing for an award possesses proprietary information that was wrongfully obtained from the government without proper authorization. Occurs when a contractor gains exclusive access to information, not available to other contractor/competitors."
13255,Uniform Administrative Requirements for Grants in Aid to States and Local Governments,Document issued by the Office of Management and Budget (OMB) in 1988 to establish uniform administration rules for federal grants and cooperative agreements. Also see OMB Circular A-102.
13256,Uniform Code Council Inc.,See GS1 US BarCodes and eCom.
13257,Uniform Commercial Code (UCC) (U. S. Law),"First published in 1952, it was formulated by the National Conference of Commissioners on Uniform State Laws (NCCUSL) and the American Law Institute. It covers a wide range of commercial activities. The UCC does NOT apply to the purchase of services and is not applicable to Federal Government contracting. The UCC determines rights and obligations on the basis of fairness and reasonableness in the light of accepted business practice. The UCC has been adopted by all of the States. 2003 marked the conclusion of a fifteen-year-long process of re-writing the UCC. In that period every article was either completely revised or substantially amended."
13258,Uniform Freight Classification,Governs class rates for rail transportation. Also see Class Rate.
13259,Uniform Mediation Act (UMA),"Adopted by the National Conference of Commissioners on Uniform State Laws, on February 4, 2002.          The UMA was promulgated to harmonize the proliferation of state and local mediation laws in hopes of devising a uniform law that will be adopted by the states."
13260,Unilateral Modification (of a contract),The right of one party to a contract to change the contract pursuant to the change clause of a contract. A unilateral modification may occur for two reasons:
13261,Union Shop,"An employment setting in which all workers must join the union usually within 30 days after being employed. (Business, 2002)"
13413,Unique B/L Identifier,U.S. Customs’ standardization: four–alpha code unique to each carrier placed in front of nine digit B/L number; APL’s unique B/L Identifier is “APLU”.
13262,Unit Labor Cost,"Hourly wage rate divided by output per labor-hour. (Schiller, 2000)"
13263,Unit of Order,"Canadian Order quantity, such as carton, box, bottle."
13264,Unit Price,"The cost per unit of a product or service; e.g., price per ton, per labor hour, or per foot."
13265,United Nations’ Convention on Contracts for the International Sale of Goods (CISG),"The United Nations facilitated the development of a uniform body of law to govern contracts for the international sale of commercial goods. Commonly referred to as CISG, its objective is much like the Uniform Commercial Code, projected to the international level. The CISG does not apply to the purchase of services. (Burt, Dobler, Starling, 2003)"
13269,United States Code (U.S.C.),"A consolidation and codification of the general and permanent laws of the United States arranged according to subject matter under 50 title headings, in alphabetical order to a large degree. Sets out the current status of the laws, as amended. Title 10 governs the Armed Forces."
13266,United States Code (USC),"A consolidated and codification of all the general and permanent laws of the United States. The code provides an organized system for finding federal laws by title headings, primarily alphabetical and section. As officially published, the code is generally updated and reissued every six years. (Nash, Schooner, O’Brien, 1998)"
13847,Unitization,"the process of bundling a collection items (e.g., cases) together, as on a pallet, mainly to simplify transportation. Similar to containerization or palletization."
13267,Universal Public Procurement Certification Council (UPPCC),"An independent entity formed to govern and administer the Certified Public Procurement Officer (CPPO) and the Certified Professional Public Buyer (CPPB) certification programs. This non-profit organization was jointly established by the National Institute of Governmental Purchasing, Inc. (NIGP) and the National Association of State Procurement Officials (NASPO) in 1978. The UPPCC is composed of members from the California Association of Public Procurement Officers (CAPPO), Florida Association of Public Procurement Officers (FAPPO), National Association of Educational Procurement (NAEP), and the National Procurement Institute (NPI). The UPPCC is responsible for establishing, monitoring and revising program requirements as well as developing and approving content for the certification examinations."
13270,Unlimited Rights,"Rights to use, modify, reproduce, display, release, or disclose technical data (TD) in whole or in part, in any manner, and for any purpose whatsoever, and to have or authorize others to do so."
13268,Unnecessarily restrictive,"A term used when specifications or terms and conditions limit competition arbitrarily, without reasonably promoting the fulfillment of the procurement needs of a contracting authority."
13271,Unobligated Balance,"The amount of Budget Authority (BA), previously granted to an agency but not yet committed, that continues to be available for commitment in the future."
13273,Unscheduled Maintenance,Corrective maintenance required by item conditions.
13272,Unsecured Loans,"Loans backed only by the borrowers’ good reputation and previous credit rating. (Business, 2002)"
13274,Unstable Markets,"Markets that exhibit short-term fluctuations. Oil, minerals, agricultural products, and animal by-products typically dominate these markets The supply of these raw materials is frequently influenced by political forces, weather conditions, speculative financial actions, and other unpredictable reasons not governed by the laws of supply and demand."
13275,Unsuccessful Bidder,"A vendor whose bid was not accepted for reasons of price, quantity, or failure to comply with specifications."
13276,Upgrade,To improve the functionality or to increase the value of equipment or services.
13277,UPPCC,See Universal Public Procurement Certification Council.
13568,UPWP Unified Planning Work Program,"Developed by Metropolitan Planning Organizations (MPOs); identifies all transportation and transportation air quality activities anticipated within the next one to two years, including schedule for completing, who is doing it, and products to be produced"
13278,Usage,The quantity of an inventory item consumed over a period of time expressed in units of quantity or of value in dollars.
13283,Use Tax,A tax imposed on the user of goods.
13280,Used Equipment,"Pre-owned or rebuilt/remanufactured equipment that may be reconditioned and offered for purchase. Generally sold by brokers and used equipment dealers. Auction sales represent another source of used equipment. Traded on many Web-sites such as eBay. (Miller, 2006)"
13281,User Charge,Fee paid for the use of a public-sector good or service.
13282,User Friendly,"Primarily a term used in Automated Data Processing (ADP), it connotes a machine (hardware) or program (software) that is compatible with a person’s ability to operate it successfully and easily."
13284,Valuation Method,Canadian Method by which the replacement cost of a piece of equipment is determined.
13848,VAR (Value Added Reseller),"A firm that sells a product bundled with some additional features (e.g., installation) that tend to be customer specific. E.g., a user of the Oracle database may buy the Oracle software from a VAR who installs it on the customer’s computer."
13849,Variables sampling,"In quality assurance, sampling in which quality is measured along a continuous interval (e.g., diameter, weight, strength, etc.). In contrast, see attributes sampling."
13285,Variance (Statistical),"A measure of the degree of spread among a set of values; a measure of the tendency of individual values to vary from the mean value. It is computed by subtracting the mean value from each value, squaring each of these differences, summing these results, and dividing this sum by the number of values in order to obtain the arithmetic mean of these squares."
13850,VAT (Value Added Tax),"A tax, common in Europe, applied at all levels of the supply chain on the difference between what a producer charges for his product and the cost of all the inputs to the product. In contrast, a sales tax is applied only at the retail point to the full price the seller/retailer charges for product."
13286,Velocity of Money,"The number of times per year, on average, that a dollar is used to purchase final goods and services. (Schiller, 2000)"
13287,Vendor Code,Canadian A code used to identify suppliers.
13288,Vendor Complaint Form,A form completed by the using agency to document unacceptable vendor performance.
13289,Vendor File,"The accumulated record maintained by the central purchasing authority on a vendor, including information on the vendor’s relationship with the purchasing authority, application for inclusion on the bidder’s list, record of performance under contract, and correspondence."
13290,Vendor Managed Inventory (VMI),A form of outsourcing whereby a contract is initiated with a private business to manage and control the inventory of the public entity. The contractor is responsible for all inventory functions which may include re-ordering.
13291,Verbal Contract,An agreement that is oral and not in writing. Usually enforceable if under $500.00.
13292,Vertical Equity,"Economic principle that individuals with higher incomes should pay more taxes. (Bishop, 2004)"
13294,Vertical Training,"Specialized, in-depth training on specific topics to prepare the employee for upward mobility and promotional opportunities."
13866,VFD,"Value for Development (Boateng, 2013): A procurement and governance principle that evaluates the broader implications and impact of procurement decisions on medium- to long-term socio-economic development, including industrial growth, skills transfer, and local economic empowerment."
13867,VFM,"Value for Money: A procurement and governance principle that ensures the optimal use of resources by balancing cost, quality, risk, and performance to achieve the most advantageous outcome."
13851,Vickrey auction,"A sealed bid auction in which the higher bid(s) wins, but the winner(s) pay the price of the highest unsuccessful bid. This produces approximately the same result as an open, rising price auction. The desirable feature of a Vickrey auction is that bidders have the incentive to bid their true value for the product. See Vickrey, W. (1961), “Counterspeculation, Auctions, and Competitive Sealed Tenders”, Journal of Finance, vol. 16, no. 1(March), pp.8-37. In contrast, see also: Dutch auction."
13295,Virtual Store,"An eCommerce term that refers to a website that permits a buyer to procure goods and services online. (Miller, 2006)"
13296,Vision Statement,"An organizational statement that clearly and concisely addresses the future nature and purpose of the entity. A short statement that tells who the organization is and where they are going. (Miller, 2006)"
13852,VMI (Vendor Managed Inventory),"An inventory management policy whereby the supplier decides when to restock product at his customer’s site based on up-to-the minute usage information from the customer. This allows the supplier to take into account his own costs of restocking (e.g., fixed costs of restocking) shared costs when restocking several nearby customers, etc. These agreements typically include a penalty to be paid by the supplier if there is a stockout, and an upper limit on how much inventory can be carried at the customer. The payment arrangement may allow the customer to pay for product only when the customer uses it. The customer must provide the supplier with up-to-date (e.g., daily) information on stock level, and perhaps even forecasts of future usage. See also CPFR, and continuous replenishment."
13297,VOC,See Volatile Organic Compounds.
13298,Void,"Of no standing; unenforceable and without legal effect. A contractual reference which implies that the agreement has been terminated or cancelled. (Garner, 2004)"
13414,Voided B/L,Related to Consolidated B/L; those B/L’s absorbed in the combining process. Different from Canceled B/L.
13299,Volatile Organic Compounds (VOCs),"Compounds that evaporate easily at room temperature. They can come from many products, such as office equipment, adhesives, carpeting, upholstery, paints, solvents, and cleaning products. VOC’s can harm the ozone level of the atmosphere and is a harmful outdoor air pollutant. (Miller, 2006)"
13300,Voluntary Bankruptcy,"A bankruptcy procedure initiated by an individual or business that can no longer meet its financial obligations. Also see Bankruptcy. (Business, 2002)"
13301,Voluntary Standards,"Standards available for use by any person, organization, or governmental organization, generally established by voluntary participation of interested parties."
13302,Voucher,A document that records a business transaction. A written record of an expenditure or a business transaction.
13853,VPN (Virtual Private Network),"An arrangement among two or more organizations whereby a public network, such as the internet, is made to appear as a private, secure communications network to the participating parties."
13303,VRA,See Voluntary Restraint Agreement.
13304,VSP,See Vendor Supply Point Code.
13305,Vulnerability,The characteristics of a system that cause it to suffer a definite degradation (loss or reduction of capability to perform the designated mission) as a result of having been subjected to a certain (defined) level of effects in an unnatural (man-made) hostile environment. Vulnerability is Considered a subset of survivability.
13306,Wage/Salary Survey,"A study that tells an organization how much compensation comparable organizations are paying for specific jobs that the organizations have in common. May be helpful for the negotiation of labor classifications on service contracts that are labor intensive. (Business, 2002)"
13307,Wages,"Financial rewards based on the number of hours the employee works or the level of output achieved. (Schiller, 2004)"
13854,Wardrop’s Principle,"A traffic equilibrium rule. Suppose commuters wish to travel from A to B. According to Wardrop’s principle, at a user equilibrium where users choose the paths, among all paths along which there is a positive A-to-B traffic, the travel time from A to B will be the same, whereas the travel time from A-to-B is at least as great along paths not carrying any A-to-B traffic. See also: Nash Equilibrium and Braess’s paradox."
13308,Warehouse Credits,Used for requisitioned supplies found to be in excess of requirements and which must be returned to the warehouse.
13309,Warehouse Requisition,A document prepared by a government department or agency in order to remove items stocked in inventory from the warehouse.
13310,Warranty of Fitness for a Particular Purpose,See Implied Warranty of Fitness for a particular purpose.
13311,Warranty of Merchantability,See Implied Warranty of Merchantability.
13312,Wastage,"Canadian The loss in handling, shrinkage, decay, evaporation, etc."
13313,Waste Disposal,The act of getting rid of unwanted items.
13855,Wave,"In some warehouses, picking is done in batches called waves. A major motivation for waves is to gain economies of scale in picking. E.g., if only a few items are picked at a time, then manual pickers must do a lot of walking between picks of individual items. After one wave, one set of trucks are typically loaded."
13487,way bill,"The document used to identify the shipper and consignee, present the routing, describe the goods, present the applicable rate, show the weight of the shipment, and make other useful information notations."
13314,Waybill,"A transportation record which shows the origin of the shipment, its destination and may contain other information such as: route, consignor, consignee, description of the shipment and the billing amount."
13315,WBE,See Women-Owned Business Enterprises.
13856,WBS (Work Breakdown Structure),"In project management, a hierarchal or tree-structured arrangement of the work to be done. At the highest level is the final deliverable. It is broken down into or described in terms of its components. These in turn or broken down, etc. Management of activities is frequently assigned in terms of the WBS, so being able to view the status of a project according to its WBS may be convenient for the individual manager."
13316,Webcast,"Broadcast of an audio and/or video presentation over the Web in real time or on-demand. (Jansen, 2002)"
13317,Weight/Gross,"The total combined weight of an article, it’s shipping container, and packing material. (ISM, 2000)"
13318,Weight/Net,"The weight of an empty shipping container or the cargo of a transport vehicle. (ISM, 2000)"
13319,Weight/Tare,"The combined weight of an empty shipping container and packing materials.(ISM, 2000)"
13320,Welfare Programs,"Socio-economic programs which are means-tested income transfer programs, e.g. welfare and food stamps. (Schiller, 2000)"
13488,wharfage fee,A charge assessed by a pier or wharf owner for handling incoming or outgoing cargo.
13321,Wheel of Retailing,"A hypothesis that suggests that new retail operations usually begin at the bottom - in price, profits, prestige - and gradually evolve up the cost/price scale, competing with newer businesses that are evolving the same way. It plays into negotiation strategy whereby a relatively young company may be willing to sell at cost or at minimum profit in order to obtain a prestigious account. (Business, 2002)"
13323,Whistle blowing,"An individual or group of individuals who inform the press or government officials about unethical practices within their own organization. Whistle blowers have uncovered fraud, waste and abuse within businesses and governments. (Business, 2002)"
13322,Whistleblower,"An employee who discloses to an outside person or entity an activity by his or her employer that the employee characterizes as illegal, immoral or otherwise improper. (Nash, Schooner, O’Brien, 1998)"
13324,Whole Instrument Rule,"If the whole instrument [contract], taken together, contains no ambiguities or seeming inconsistencies, there is no room for interpretation; but instruments of that degree of perfection are so rare and the courts are so often called upon to settle questions as to the real intent of the parties expressed in written evidences of contracts… that a large mass of rules of construction have ….been developed … as forming an integral part of the Law of Contracts…. Rules relating to the construction of a contract as a Whole (1) the intention is to be determined by a reference to the whole instrument, rather than to any particular phrase, clause or sentence. (2) ….. the real intent must be gathered from the whole description, including the general as well as the particular."
13325,Win-Win Resolution,"A win-win situation is one that is reasonably balanced, with each party feeling they obtained something beneficial from the deal."
13857,Winner’s curse,"In auctions, the observation that the winner of an auction has a higher than average probability of having made an (optimistic)error in preparing his bid."
13858,WIP (Work in Process),Inventory of partially completed product.
13859,WMS (Warehouse Management System),"A mainly software system for keeping track where product is stored in a warehouse, generating pick lists, and in general causing the proper outbound shipments to be constructed."
13461,WMS is a software designed to function around three main components,"putaway, replenishment, and picking. By directing these three components, the system can logically manage the movement and storage of product in the warehouse."
13327,Women-Owned Business Enterprise (WBE),"A business of which a given percentage is owned or controlled by a woman. May also be entitled to minority classification by certain public entities. Also see Minority-Owned Business, Historically Underutilized Business (HUB), Economically Disadvantaged Individuals, Small Disadvantaged Business and MBE."
13326,Wooden Round,"A munitions item designed specifically to require little or no maintenance, inspection, or testing throughout the life cycle. A wooden round has a predictable and acceptable level of reliability over its shelf life. Periodic assessment of a statistical sample is normally required to confirm shelf life, reliability, and capability predictions. At the end of its shelf life, a wooden round is demilitarized unless a modification is performed or its shelf life is extended based upon the results of stockpile reliability assessments."
13334,Work Measurement (Labor Standards),A method to determine how long it should take an employee to perform the work and to identify
13331,Work Package,"Natural subdivision of a control account. A work package is simply a task/activity or grouping of work and is the point at which work is planned, progress is measured, and earned value is computed. It can be translated into different terms in different companies and functions. It can be a design job, a tool design package, a build-to-package, a shop order, a part number, a purchase order, or any other definable task/activity at whatever level of control is normal for program management within the company. (Government-Industry Earned Value Management Working Group)"
13332,Work Package Budgets,"Resources that are formally assigned by the contractor to accomplish a work package expressed in dollars, hours, standards, or other definitive units."
13333,Work Performed,Includes completed work packages and the completed portion of work packages begun and not yet completed.
13335,Work Sampling Study,A statistical sampling technique employed to determine the proportion of delays or other classifications of activity present in the total work cycle.
13328,Work-In-Process,"In the manufacturing, production or construction process, the term given to semi-finished goods, products or equipment. Something that is not completely assembled or manufactured. (ISM, 2000)"
13329,World Trade Organization (WTO),"An organization established by the General Agreement on Tariffs and Trade (GATT) in 1995 to enforce the provisions of the Uruguay Round and to resolve any disputes arising there from. The WTO consists of 147 member countries and is headquartered in Geneva Switzerland. Its mission is to deal with the rules of trade between nations. (www.wto.org, 2007)"
13330,World Trade Organization-Agreement on Government Procurement (WTO-AGP),"Replaced the General Agreement on Tariffs and Trade (GATT) on January 1, 1996. It is a multilateral agreement to reduce trade barriers between the United States and Canada, the European Union, Japan, Korea, Israel, Norway and Switzerland. (Business, 2002)"
13336,Worst-Case Scenario,"In planning, to examine the worst possible environment or outcome and evaluate results around which to formulate next step."
13860,X12,"A standard for electronic communication of business forms. For example, form 810 is an invoice, and 856 is a shipping notice. See also: DISA."
13861,XML (eXtensible Markup Language),"An “open”, ISO standard data language, similar to, but more powerful than HTML. It is not only for storing and transmitting data, but also describing what the data mean. It is becoming a popular format for business-to-business transactions on the Web. Two features of it are that, like HTML, it uses tags, and an XML file is tree structured, as illustrated by the following example:"
13337,YEDS,Youth Enterprise Development Strategy
13338,Zero Defects Standard,"A quality management theory which defines quality from the customer’s perspective as conformance to requirements and then improving processes through prevention activities to meet requirements. This quality process was championed by quality guru, Philip Crosby. (Burt, Dobler, Starling, 2003)"
13863,Zero sum game,"A situation in which the total amount of profit ( or “pie”) is fixed. Individual players by their actions can only affect how the profit is allocated (or pie is cut). Also called a constant sum game. In contrast, see Prisoner’s dilemma."