duplicate_row_number,term,definition,first_seen_term,first_seen_definition,same_definition
136,ABATEMENT,"A discount allowed for damage, or
overcharge in the payment of a bill.",Abatement,"A discount allowed for damage, or overcharge in the payment of a bill.",false
141,ABC CLASSIFICATION,"A method of product classification used
in inventory management which is based
on the definition of three classes.
●Class A includes 10 to 20% of the
articles representing about 80% of
the inventory value. The most refined
methods of inventory management
will be used for this class.
●Class B comprises 15 to 20%
of the articles representing
about 15% of the value.
●Class C covers the remaining
articles (between 60 and 75%
of items) representing about
5% of the value. The latter will
be managed less strictly.",ABC Classification,"A method of product classification used in inventory management which is based on the definition of three classes.
- Class A includes 10 to 20% of the articles representing about 80% of the inventory value. The most refined methods of inventory management will be used for this class.
- Class B comprises 15 to 20% of the articles representing about 15% of the value.
- Class C covers the remaining articles (between 60 and 75% of items) representing about 5% of the value. The latter will be managed less strictly.",false
194,Acceptable Valuable Standard,"A valuation of an asset, an measurement under ownership, an entity or any other instrument or right relevant to valuation methodologies which represent standard market practice in the context of the nature as well as the stage of development of the asset, equity interest or entity being valued.",ACCEPTABLE VALUABLE STANDARD,"A valuation of an asset, an measurement under ownership, an entity or any other instrument or right relevant to valuation methodologies which represent standard market practice in the context of the nature as well as the stage of development of the asset, equity interest or entity being valued.",true
233,ACKNOWLEDGEMENT,"A communication indicating that something has been received or understood. It usually refers to a form that is received by a supplier that accepts, or sometimes modifies, the purchase order.",Acknowledgement,"A written communication used to inform the buyer that the supplier has accepted the purchase order placed on them. An acknowledgment creates a bilateral contract, as long as the terms of the acknowledgment are not significantly different from those of the purchase order.",false
241,ACQUISITION COST,"The net price plus other costs needed to
purchase the item and get it to the point
of use. These other costs can include:
the item’s purchasing costs (closing,
research, accounting, commissions,
legal fees), transportation,
preparation, and installation costs.",Acquisition Cost,"The net price plus other costs needed to purchase the item and get it to the point of use. Other costs can include purchasing costs (closing, research, accounting, commissions, legal fees), transportation, preparation, and installation costs.",false
243,Acquisition Debt,Debts incurred in financing the purchase of equity in an entity,ACQUISITION DEBT,Debts incurred in financing the purchase of equity in an entity.,false
245,ACQUISITION PROCESS,"The sequential activities involved in
obtaining necessary inputs for an
organisation is the Acquisition Process.
It includes determination of need,
communication of need, identification
of potential sources, invitation and
consideration of bids, placement
of the purchase order, receipt and
203Glossary  | Act 663
| Some Useful Strategic Sourcing Related Terms
inspection, and making payment.",Acquisition Process,"The sequential activities involved in obtaining necessary inputs for an organization. Includes determination of need, communication of need, identification of potential sources, invitation and consideration of bids, placement of the purchase order, receipt and inspection, and making payment.",false
271,Activity Network Diagram,An arrow diagram used in planning and managing processes and projects,Activity Network Diagram,An arrow diagram used in planning and managing processes and projects.,false
286,AD Valorem Rate,"Customs duty charged in terms of percentage on the value of goods that are dutiable, irrespective of quality, weight, or any other considerations. The ad valorem rates of duty are ascertained from the invoice.",AD VALOREM RATE,"Customs duty charged in terms of percentage on the value of goods that are dutiable, irrespective of quality, weight, or any other considerations. The ad valorem rates of duty are ascertained from the invoice.",true
305,Adhesion Contracts,"Contracts where the buyer is in no position to bargain effectively with the seller. In this context, the seller presents a ""take it or leave it"" contract for the purchase of goods with the intent to take advantage of the buyer's lack of knowledge and sophistication.",ADHESION CONTRACTS,"Contracts where the buyer is in no position to bargain effectively with the seller. In this context, the seller presents a “take it or leave it” contract for the purchase of goods with the intent to take advantage of the buyer’s lack of knowledge and sophistication.",false
345,ADVANCE PAYMENT,"Payments in advance of delivery
for a mutually agreed amount
or for a specified percentage
of the purchase price that the
buyer shall pay to the seller.
AfCFTA:
Abbreviation for: African
Continental Free Trade Area.",Advance Payment,Payments in advance of delivery for a mutually agreed amount or a specified percentage of the purchase price that the buyer shall pay to the seller.,false
349,Advanced Contract Award Notice,A notice of intent to solicit a bid and negotiate with a single firm. Other suppliers are not invited to bid on these requirements but can forward letters of intent indicating their interest before the closing date. Notice of bidding requests will then be solicited from letters of interest that have been received.,ADVANCED CONTRACT AWARD NOTICE,A notice of intent to solicit a bid and negotiate with a single firm. Other suppliers are not invited to bid on these requirements but can forward letters of intent indicating their interest before the closing date. Notice of bidding requests will then be solicited from letters of interest that have been received.,true
376,Affirmative Action,"(1) A requirement by certain governments that requires organisations achieve a work force that reflects the demographic composition of the nation.(2) A process of taking special or unusual steps to assure that businesses owned by designated nationals, youth and and/or women will have equal and or preferential access to the procurement contracts.",AFFIRMATIVE ACTION,"(1)A requirement by certain governments that requires organisations achieve a work force that reflects the demographic composition of the nation.(2) A process of taking special or unusual steps to assure that businesses owned by designated nationals, youth and and/or women will have equal and or preferential access to the procurement contracts.",false
401,AGENCY,"A legal entity denoting the legal
relationship that exists between two
parties, in which one is authorised
to perform or transact specified
business activities for the other.",Agency,"A legal entity denoting the legal relationship that exists between two parties, in which one is authorised to perform or transact specified business activities for the other.",false
403,AGENCY PROBLEM,"Conflict to interest between buyer
and seller due to conflicting goals
and information asymmetry.
Situation where agent will act
primarily out of self-interest.",Agency Problem,Conflict of interest between buyer and seller due to conflicting goals and information asymmetry,false
406,Agenda 2063,"A strategic framework for the socio- economic transformation of the continent over the next 50 years. Its builds on, and seeks to accelerate the implementation of past and existing continental initiatives for growth and sustainable development. Some of the past and current initiatives it builds on include: the Lagos Plan of Action, The Abuja Treaty, The Minimum Integration Programme, the Programme for Infrastructural Development in Africa (PIDA), the Comprehensive Africa",AGENDA 2063,"A strategic framework for the socioeconomic transformation of the continent over the next 50 years. Its builds on, and seeks to accelerate the implementation of past and existing continental initiatives for growth and sustainable development. Some of the past and current initiatives it builds on include: the Lagos Plan of Action, The Abuja Treaty, The Minimum Integration Programme, the Programme for Infrastructural Development in Africa (PIDA), the Comprehensive Africa Agricultural Development Programme (CAADP), The New partnership for Africa’s Development (NEPAD), Regional Plans and Programmes and National Plans. It is also built on national, regional, continental best practices in its formulation.",false
413,Agglomerated Procurement,Different organizations combining their procurement requirements.,AGGLOMERATED PROCUREMENT,Different organisations combining their procurement requirements.,false
417,Aggregate Forecast,"1.Forecasting of future demand for a family of products, or for a single product, across multiple dimensions of source – including planned production and customer orders.  2.An estimate of sales, often time phased, for a grouping of products or product families produced by a manufacturing facility or firm. Stated in terms of units or dollars, or both, the aggregate forecast is used for sales and aggregate planning purposes.",AGGREGATE FORECAST,"Forecasting of future demand for a family of products, or for a single product, across multiple dimensions of source—including planned production and customer orders. 2. An estimate of sales, often time phased, for a grouping of products or product families produced by a manufacturing facility or firm. Stated in terms of units or dollars, or both, the aggregate forecast is used for sales and aggregate planning purposes.",false
424,Aggregate Supply,The total quantity of output producers are willing and able to supply at alternative price levels in a given time period.,AGGREGATE SUPPLY,The total quantity of output producers are willing and able to supply at alternative price levels in a given time period.,true
434,Agio,Extra amount over and above the market price which is paid in countertrade transactions and results from the particular costs of countertrade.,AGIO,The price increase over and above the market price of the traded goods and attributable to the extra costs involved in countertrading.,false
442,AGREEMENT,"A negotiated understanding
between two or more parties.AGREEMENT WITH PRICE",Agreement,A negotiated understanding between two or more parties.,false
445,Agribusinesss,Farming industry on a large corporate scale.,AGRIBUSINESSS,Farming industry on a large corporate scale.,true
502,All-Or-None Bid,A tender/offer submitted for a number of different goods or services in which the tenderer stipulates that the tender/offer is valid only if the contract is awarded for all items included in his tender/offer.,ALL-OR-NONE BID,A tender/offer submitted for a number of different goods or services in which the tenderer stipulates that the tender/offer is valid only if the contract is awarded for all items included in his tender/offer.,true
507,ALLIANCE,"A strategic long-term relationship of the
buyer with supplier, comprising early
supplier involvement for collaboration,
with the goal of synergy (concern for
each other’s wellbeing) it is a long
duration activity with high collaboration
and high competitive advantage.",Alliance,A group of airlines or ocean carriers who coordinate and cross list schedules and sell capacity on each other’s flights or voyages.,false
512,ALLOCATION,"A reservation of material based on an
accepted order or system-generated
planned order. The on-hand balance
of an item, less the allocation, leaves
the balance available for production
or to promise to customer orders.",Allocation,"A reservation of material based on an accepted order or system-generated planned order. The on-hand balance of an item, less the allocation, leaves the balance available for production or to promise to customer orders",false
538,Amendment,Any change made to the terms of a credit. The applicant initiates the amendment which then follows the same process as a letter of credit.,AMENDMENT,Any change made to the terms of a credit. The applicant initiates the amendment which then follows the same process as a letter of credit.,true
613,ANTI-DUMPING DUTY,"A tariff imposed to discourage
sale of foreign goods, subsidized
to sell at low prices detrimental
to local manufacturers.
205Glossary  | Applicant
| Some Useful Strategic Sourcing Related Terms",Anti-Dumping Duty,"1.An additional import duty imposed in instances where imported goods are priced at less than the normal price charged in the exporter’s domestic market and cause material injury to domestic industry in the importing country. 2.A tariff imposed to discourage sale of foreign goods, subsidised to sell at low prices detrimental to local manufacturers",false
642,Applicant,"A buyer who has requested his/her bank to arrange an L/C on his behalf. In some countries where the buyer may have trouble arranging an import license, the applicant may be a third party acting on behalf of the buyer.",APPLICANT,"A buyer who has requested his/her bank to arrange an L/C on his behalf. In some countries where the buyer may have trouble arranging an import license, the applicant may be a third party acting on behalf of the buyer.",true
652,APPRAISEMENT,"Determination of the dutiable value of
imported merchandise by a Customs
official who follows procedures outlined
in their country's tariff guidelines.",Appraisement,"Determination of the dutiable value of imported merchandise by a customs official who follows procedures outlined in their country’s tariff, such as the U.S. Tariff Act of 1930.",false
655,Apprenticeship,An agreement between an apprentice,APPRENTICESHIP,an agreement between an apprentice and an employer for a set period of time during which the apprentice works and receives training in the workplace.,false
657,Appropriation,Sum of money from public funds set aside for a specific purpose.,APPROPRIATION,Sum of money from public funds set aside for a specific purpose.,true
667,APS,Abbreviation for: Advanced Planning and Scheduling; Advanced Planning Systems; and Airport Planning Standard.,APS,Abbreviation for: Advanced Planning and Scheduling; Advanced Planning Systems; and Airport Planning Standard.,true
674,ARBITRAGE,"The simultaneous purchase and
sale of a good in order to profit
from a difference in price.",Arbitrage,"It implies purchasing a security, commodity, or currency in one market with the intention of financial gain. In international currency transactions, profits can be made by simultaneous buying and selling of one, or more than one, currency. In arbitrage it is the aberration in the market that is taken advantage of",false
801,AUCTION,"An process of buying and selling goods
or services by inviting competing
bids from a number of participants.
Competing participants in an auction
may or may not know the identities or
actions of other competitors. Forward
auctions involve buyers submitting
competing bids, with the price typically
increasing during the auction. Reverse
auctions involve sellers submitting
competing bids, with the bids usually
decreasing during the auction. Online
reverse auctions are a common tool
for procurement practitioners seeking
to harness competitive tension for
relatively undifferentiated categories.
Some platforms allow the buyer to
evaluate bids against a variety of
criteria as well as price, and bidders
may have visibility on the actual prices
bid, or simply the ranking of their offer
in terms of competitiveness against
the other bids received by the buyer.",Auction,"Selling of goods or services to the buyer with the highest offer at the time of a sale. Usually, at the time of return approval, the product owner may elect to route the product to an auction service after receipt at a returns processing centre.",false
804,"AUCTION, FORWARD","An e-auction which is used by
suppliers to enforce bidding among
based on a starting price that is
increased during the auction.","Auction, Forward",An e-auction used by suppliers to enforce bidding among a number of prospective buyers based on a starting price that is increased during the auction.,false
806,"AUCTION, REVERSE","An e-auction which is used by buyers
to enforce competitive bidding among
a limited number of prequalified
suppliers based on a starting price
that is lowered during the auction.","Auction, Reverse",An e-auction used by buyers to enforce competitive bidding among a limited number of prequalified suppliers based on a starting price that is lowered during the auction.,false
808,AUDIT,"Detailed review and examination
of records, documents and
business processes.",Audit,A methodical examination and review of a situation or condition (as within a business enterprise) concluding with a detailed report of findings.,false
812,"AUDIT, PRODUCT","The product audit provides an
image of degree to which a company
succeeds in making everything
run perfectly, i.e.. according to
the standards and requirements
established by the company itself.","Audit, Product","The product audit provides an image of the degree to which a company succeeds in making everything run perfectly, i.e., according to the standards and requirements established by the company itself.",false
814,"AUDIT, SYSTEMS","Assessing the internal quality and
control system of an organisation
using a system approach.","Audit, Systems",Assessing the internal quality and control system of an organisation using a systems approach.,false
872,Avoidance,Finding ways to minimize the number of items that are returned,AVOIDANCE,Finding ways to minimize the number of items that are returned.,false
929,BACK ORDER,"In supply chain terms when a customer order cannot be immediately fulfilled from stock, the customer requirement may be placed on ‘back order’. This implies that a replenishment order will be raised on the next tier of the supply chain and, when sufficient materials are available, the outstanding ordered amount will be forwarded to the original customer.",Back Order,"Product ordered, but out of stock, and promised to ship when the product becomes available.  1.The act of retaining a quantity to ship against an order when other order lines have already been shipped. Back orders are usually caused by stock shortages. 2.The quantity remaining to be shipped if an initial shipment(s) has been processed. Note: In some cases back orders are not allowed, this results in a lost sale when sufficient quantities are not available to completely ship and order or order line",false
931,BACK ORDER RATE,"Measures how many orders cannot be
filled at the time a customer places them. A high back order rate means
customers are forced to wait while you
attempt to fill their order, which will
adversely affect customer satisfaction
and retention in the long term.",Back Order Rate,"This measures how many orders cannot be filled at the time a customer places them. A high back order rate means customers are forced to wait while you attempt to fill their order, which will adversely affect customer satisfaction and retention in the long term.",false
935,BACK SOURCING,"Pulling a function back in-house as
an outsourcing contract expires.",Back Sourcing,Pulling a function back in-house as an outsourcing contract expires.,false
965,BALANCE OF TRADE,"The difference between a country's
total exports and total imports.
Also known as ""net exports.""",Balance of Trade,The difference between the value of a country’s exports and imports.,false
966,Balance Of Trade,See on page 56,Balance of Trade,The difference between the value of a country’s exports and imports.,false
992,BANK GUARANTEE,"Bank secures payment for
agreed sum in case client may
fail in making payments.",Bank Guarantee,Guarantee issued by a bank to a carrier to be used in lieu of lost or misplaced original negotiable bill of lading,false
1015,BARGAINING,"A situation in which two or more parties
haggle to reach a conclusion. Bargaining
rarely results in a win-win outcome.
Main reason for bargaining is price.",Bargaining,A situation in which two or more parties haggle to reach a conclusion. Bargaining rarely results in a win-win outcome.,false
1030,Barter,Goods and/or services are exchanged against other goods and/or services of equivalent value. No money changes hands between the buyer and seller.,BARTER,Goods and/or services are exchanged against other goods and/or services of equivalent value. No money changes hands between the buyer and seller.,true
1044,BASIC DESIGN AND ENGINEERING,"Activities needed to develop technical
specification of the work.",Basic Design and Engineering,Activities needed to develop the technical specification of the work.,false
1073,BATTLE OF FORMS,"Disputes that may arise over
whether supplier or buyer general
terms and conditions will apply
to a commercial transaction.
Best Alternative to a Negotiated
Offer describes the option for a
negotiator if agreement cannot
be reached. It proposes that a
negotiator who must reach a deal is
in a weaker position than a negotiator
who has an alternative option.",Battle of Forms,Disputes that may arise over whether supplier or buyer general terms and conditions will apply to a commercial transaction,false
1124,BEGINNING INVENTORY,"The wholesale dollar amount of
inventory on hand at the beginning
of an Accounting Cycle.",Beginning Inventory,The calculated (perpetual) inventory at the start of an accounting period; often generated from month-end close functions that use the ending inventory of one period as the beginning inventory of the next.,false
1142,BENCHMARKING,"Learning approach originally
consisting of observing and
209Glossary  | Beneficiary
| Some Useful Strategic Sourcing Related Terms
analysing the management of certain
processes in a company, operating
in a different business, but with
comparable challenges. By extension,
benchmarking now designates the
approach of comparing a company’s
performance for a given process (the
logistics process, for example) to
that of the leader in their sector.",Benchmarking,"Learning approach originally consisting of observing and analyzing the management of certain processes in a company, operating in a different business, but with comparable challenges. By extension, benchmarking now designates the approach of comparing a company’s performance for a given process (the logistics process, for example) to that of the leader in their sector.",false
1146,BENEFICIARY,"Entity to whom money is payable.
The entity for whom a letter
of credit is issued. The seller
and the drawer of a draft.",Beneficiary,Entity to whom money is payable. The entity for whom a letter of credit is issued. The seller and the drawer of a draft.,false
1171,BEST,Abbreviation for: Better Environmentally Sound Transportation (BC).,BESt,Abbreviation for: Building Environmental Standards (with BOMA).,false
1175,BEST BUY,"It refers to a purchase made
representing a combination of
price, quality, timing and other
elements of required service
that are optimal in respect to the
organisational requirement.",Best Buy,"It refers to a purchase made representing a combination of price, quality, timing and other elements of required service that are optimal in respect to the organisational requirement.",false
1179,BEST PRACTICE,"State-of-industry performance or
application. Standard published
operating methods found to produce
the best performance and results in
a given industry or organisation.",Best Practice,State-of-industry performance or application. Standard published operating methods found to produce the best performance and results in a given industry or organization.,false
1182,Best Value,"The intended acquisitive outcome that considers various factors, vendor performance, price, environmental considerations, socio-economic impact, etc.",BEST VALUE,"The intended acquisitive outcome that takes into account various factors, vendor performance, price, environmental considerations, socio-economic impact, etc.",false
1203,BID,"The word ‘bid’ is used generically to
describe any proposals and may be
used both to describe the buyer’s issue
of the ‘bid documents’ to potential
bidders and, the actual submission
of bids by the respondents. The term
encompasses quotes, proposals,
tenders and auction offers.BID OPENING
Stage in a bidding process where the
received bid-envelopes are opened
and examined by the advertiser
(called buyer, client, customer, or
owner) of an invitation to-bid (ITB).
In an open or public bid opening,
the bidders (and other parties) are
allowed to witness the process and
inspect the bids, in a closed opening
only the owner's staff is present.",Bid,"A quotation specifically given to a prospective purchaser upon request, usually in competition with other vendors.",false
1207,BID BOND,"A sum agreed to be paid by a
company that wins a contract if
the work is not carried out.",Bid Bond,"Also known as Bid security, it is a monetary document submitted by a tender along with the bid. It ensures bidders are serious, as the bond is forfeited if the bidder refuses to accept the order later.",false
1209,Bid Mistakes,"Minor errors made in the form of bidding; for example, failure to insert a decimal point. Clerical mistakes, apparent on the face of the bid, may be",BID MISTAKES,"Minor errors made in the form of bidding; for example, failure to insert a decimal point. Clerical mistakes, apparent on the face of the bid, may be corrected. Once a mistake is suspected, the purchasing official is required to request verification of the bid.",false
1213,Bid Rigging,"Bid rigging occurs when suppliers communicate with each other before lodging their bids and agree amongst themselves who will be the successful bidder and at what price. This practice is one type of collusive tendering and may be discouraged by introducing new bidders and, regularly benchmarking offers against industry standards.",BID RIGGING,"Bid rigging occurs when suppliers communicate with each other before lodging their bids and agree amongst themselves who will be the successful bidder and at what price. This practice is one type of collusive tendering and may be discouraged by introducing new bidders and, regularly benchmarking offers against industry standards.",true
1216,BIDDER,"Any natural or legal person submitting
a bid or a price quotation",Bidder,Any natural or legal person submitting a bid or a price quotation.,false
1229,BILATERAL CONTRACT,"A contract in which both of the
contracting parties made promises to
each other. Usually, such a contract is
formed when an offer is considered and
accepted by the purchaser or offeree.",Bilateral Contract,"A contract in which both of the contracting parties made promises to each other. Usually, such a contract is formed when an offer is considered and accepted by the purchaser or offeree.",false
1291,BLANKET PURCHASE ORDER,"A long-term commitment to a supplier
for material against which short-
term releases will be generated to
satisfy requirements. Often blanket
orders cover only one item with
predetermined delivery dates.",Blanket Purchase Order,"A long-term commitment to a supplier for material against which short- term releases will be generated to satisfy requirements. Often blanket orders cover only one item with predetermined delivery dates. Syn.: blanket order, standing order",false
1316,Blueprint,"Detailed design and specifications, indicated by a drawing, of the required product.",BLUEPRINT,"Detailed design and specifications, indicated by a drawing, of the required product.",true
1403,BOTTLENECK PRODUCTS,"Items that represent a relatively
limited value in terms of money,
but they are vulnerable with regard
to their supply. They can only be
obtained from one supplier.BOUNDED RATIONALITY
Different contractual perspectives
due to incomplete information
and self- interest.",Bottleneck Products,These items represent a relatively limited value in terms of money but they are vulnerable with regard to their supply. They can only be obtained from one supplier,false
1456,Breach Of Warranty,"Refers to the failure of a seller to fulfill the terms of a promise, claim, or representation made concerning the quality or type of the product.",Breach of Warranty,If the material or product fails to meet the quality or other specification warranted by the supplier breach of warranty is said to have occurred,false
1477,Bridge Financing,Interim financing for a product or service.,BRIDGE FINANCING,Interim financing for a product or service.,true
1528,BUDGET,"The itemized summary of estimated or
intended expenditures of money and
resources for the fulfillment of facility
services for a given period of time.",Budget,"1.A plan expressed in financial terms that spell out intended actionsand the funding levels required for their completion. There may be a direct materials budget, capital expenditures budget, and an operating expenses budget. 2.A planning, control and reporting system that estimates future costs and revenues based on projected operating levels. It provides target spending levels and profit estimation, and allows for interim review and corrective action.",false
1530,BUDGET AUTHORITY,"Allows a manager to spend money
and resources of the company
from company resources.",Budget Authority,Allows a manager to spend money and resources of the company for company purposes,false
1549,Bulk Buying,The system of aggregating total requirements (generally of all users) of a product or service for a single purchase order or a series of orders for large quantities which would not have been possible if demand was met on a fragmented basis. Bulk buying is advantageous for getting favourable terms from tenderers as well as in effecting other economies.,BULK BUYING,The system of aggregating total requirements (generally of all users) of a product or service for a single purchase order or a series of orders for large quantities which would not have been possible if demand was met on a fragmented basis. Bulk buying is advantageous for getting favourable terms from tenderers as well as in effecting other economies.,true
1597,Business Justification,"A reason or defence for proceeding with a purchase in a non-competitive environment, such as a sole source.",BUSINESS JUSTIFICATION,"A reason or defense for proceeding with a purchase in a non-competitive environment, such as a sole source.",false
1599,BUSINESS LOGISTICS,"The systematic and coordinated set
of activities required to provide the
physical movement and storage of goods
(raw materials, parts, finished goods)
from vendor/supply services, through
company facilities, to the customer
(market) and the associated activities
(e.g. packaging, order processing,
etc.)―in a manner which will enable
the organisation to contribute to the
explicit goals of the company.",Business Logistics,"The systematic and coordinated set of activities required to provide the physical movement and storage of goods (raw materials, parts, finished goods) from vendor/ supply services, through company facilities, to the customer (market) and the associated activities (e.g. packaging, order processing, etc.) — in a manner which will enable the organisation to contribute to the explicit goals of the company.",false
1623,Buyer Credit,A financing arrangement under which a lending bank in the supplier's country lends directly to the buyer or to a bank in the buyer's country to enable the buyer to make payments due to the supplier under a contract.,BUYER CREDIT,A financing arrangement under which a lending bank in the supplier’s country lends directly to the buyer or to a bank in the buyer’s country to enable the buyer to make payments due to the supplier under a contract.,false
1626,BUYER’S MARKET,"A ‘buyer’s market’ is considered to
exist when goods can easily be secured
and when the economic forces of
business tend to cause goods to be
priced at the purchaser’s estimate
of value. In other words, a state of
trade favorable to the buyer, with
relatively large supply and low prices.",Buyer’s Market,A market condition in which supply exceeds demand and the economic forces of business cause prices to be close to the purchase’s estimated cost.,false
1630,BUYING CENTRE,"Relates to all those individuals
and groups who participate in the
purchasing decision-making process,
who share some common goals
and risks arising from the decisions
(identical to decision-making unit).",Buying Centre,"Relates to all those individuals and groups who participate in the purchasing decision-making process, who share some common goals and the risks arising from the decisions (identical to decision-making unit).",false
1634,BUYING STRATEGIES,"Strategies that determine the frequency
and timing of acquisitive process.
These strategies are influenced",Buying Strategies,Strategies that determine the frequency and timing of purchases. These strategies are influenced mainly by market forces.,false
1687,CALL-OFF ORDERS,"A strategy to delay delivery of items that
are not needed immediately. Instead, you
“call off” the items from the purchase
order that you want, as you need them.",Call-off Orders,"A strategy to delay delivery of items that are not needed immediately. Instead, you “call off” the items from the purchase order that you want, as you need them.",false
1700,CAMP’S FORMULA,"Mathematical formula based
upon inventory costs and ordering
costs to decide about optimal
economic order quantity (EOQ).",Camp’s Formula,Mathematical formula based upon inventory costs and ordering costs to decide about optimal economic order quantity (EOQ).,false
1713,CAPACITY,"The amount of goods and services
that an organisation can produce or
provide in a given time interval.",Capacity,1. The maximum throughput of a process in a given time. 2. For auto mode: The maximum number of vehicles that reasonably can be expected to traverse a point or a uniform section of roadway during a given period under prevailing conditions.,false
1715,Capacity Analysis,An analysis most frequently employed in a machine or process area to project capacity for additional business.,CAPACITY ANALYSIS,An analysis most frequently employed in a machine or process area to project capacity for additional business.,true
1721,CAPACITY PLANNING,"Ensuring that needed resources (e.g.,
manufacturing capacity, distribution
centre capacity, transportation
vehicles, etc.) will be available at the
right time and place, in order to meet
logistics and supply-chain needs.",Capacity Planning,"Ensuring that needed resources (e.g., manufacturing capacity, distribution centre capacity, transportation vehicles, etc.) will be available at the right time and place, in order to meet logistics and supply-chain needs.",false
1731,Capital Expenditures (CAPEX),Incurred when a business spends money either to buy fixed assets or to add to the value of an existing,CAPITAL EXPENDITURES (CAPEX),"Incurred when a business spends
money either to buy fixed assets
or to add to the value of an existing
fixed asset with a useful life
extending beyond the taxable year.",false
1734,Capital Project,"A project specifically intended to acquire or improve a capital asset. Acquisition of a capital asset refers to obtaining the use of that asset over the long term, irrespective of whether the method of acquisition is construction, purchase, lease/purchase or lease. A project to improve a capital asset is considered to be a capital project when the performance, value or capability of that asset is significantly increased or its useful or economic life is extended by more than one year.",CAPITAL PROJECT,"A project specifically intended to
acquire or improve a capital asset.
Acquisition of a capital asset refers to
obtaining the use of that asset over the long term, irrespective of whether the
method of acquisition is construction,
purchase, lease/purchase or lease.
A project to improve a capital asset
is considered to be a capital project
when the performance, value or
capability of that asset is significantly
increased or its useful or economic life
is extended by more than one year.",false
1757,Cardinal Rule,"(1) To give plain meaning to contract terms unless the agency or legislation assigned a special meaning to the term. (2) When silent to an interpretation, cardinal rule allows for the meaning which fits most logically and comfortably into the body of both previously and subsequently enacted law to be utilised.",CARDINAL RULE,"(1) To give plain meaning to contract terms unless the agency or legislation assigned a special meaning to the term.(2) When silent to an interpretation, cardinal rule allows for the meaning which fits most logically and comfortably into the body of both previously and subsequently enacted law to be utilised.",false
1794,CARRYING COST,"A measure, usually expressed as a percentage, of the costs incurred to hold inventory as a result of the cost of the item itself, insurance, obsolescence, theft, damage, use of storage facilities, and other causes.",Carrying Cost,"A measure, usually expressed as a percentage, of the costs incurred to hold inventory as a result of the cost of the item itself, insurance, obsolescence, theft, damage, use of storage facilities, and other causes.",true
1800,Cartel Price,Price normally possibly set by a market or price-leader or arranged through some form of price arrangements (cartels).,CARTEL PRICE,Price normally possibly set by a market or price-leader or arranged through some form of price arrangements (cartels).,true
1812,CASE,"Abbreviation for: Computer-Aided System Engineering or Computer Assisted Software Engineering, and Community Agency for Social Enquiries.",Case,Describes a unit of measure and the way multiple physical units are packaged. A case would typically be a sealed corrugated carton where a standardised quantity (greater than one) of a specific item is packed.,false
1823,Cash in Advance (CIA),"Payment for goods in which the price is paid in full before shipment is made. This method is usually used only for small purchases, initial purchases, or when the goods are built to order.",Cash In Advance (CIA),"A method of payment for goods in which the buyer pays the seller in advance of the shipment of goods. Usually employed when the goods, such as specialised machinery, are built to order.",false
1830,Cash with Order (CWO),Payment for goods in which the buyer,Cash With Order (CWO),A method of payment for goods in which cash is paid at the time of order and the transaction becomes binding on both buyer and seller.,false
1835,CAT,Abbreviation for: Category and Clear - Air Turbulence.,Cat,"1. To prepare an anchor, after raising it by lifting it with a tackle to the cat head, prior to securing (fishing) it alongside for sea. (An anchor raised to the cat head is said to be catted.)2. The cat o’ nine tails.3. A cat-rigged boat or catboat.",false
1846,CATEGORY,"A group of products which can
be substituted for one another
by consumer examples include
cereals, bakery, household
products, body care and so on.",Category,A grouping of similar goods or services that enables an organisation to analyse its spend.,false
1849,CATEGORY MANAGEMENT,"The management of product categories
as strategic business units. The practice
empowers a category manager with
full responsibility for the assortment
decisions, inventory levels, shelf-space
allocation, promotions, and buying.
With this authority and responsibility,
the category manager is able to
judge more accurately the consumer
buying patterns, product sales, and
market trends of that category.",Category Management,"The management of product categories as strategic business units. The practice empowers a category manager with full responsibility for the assortment decisions, inventory levels, shelf-space allocation, promotions, and buying. With this authority and responsibility, the category manager is able to judge more accurately the consumer buying patterns, product sales, and market trends of that category.",false
1851,CATEGORY PRIORITISATION MATRIX,"Matrix used to classify category
cost-savings projects based upon two
criteria, i.e.. cost -savings potential
and ease of implementation.",Category Prioritisation Matrix,Matrix used to classify category cost-savings projects based upon two criteria. I.e. cost-savings potential and ease of implementation.,false
1853,CATEGORY SOURCING PLAN,"Identifies the sourcing strategy
for a certain category.",Category Sourcing Plan,Identifies the sourcing strategy for a certain category.,false
1857,Category Workbench,"A category workbench is a one- point reference for all category related enquiries and information. It provides the visibility, decision support and strategic planning hub around which procurement processes like sourcing, purchasing, contract management and supplier management can work most efficiently.",CATEGORY WORKBENCH,"A category workbench is a onepoint reference for all category related enquiries and information. It provides the visibility, decision support and strategic planning hub around which procurement processes like sourcing, purchasing, contract management and supplier management can work most efficiently.",false
1868,Caveat Emptor,"A legal expression which means ""Let the buyer beware"". For a contract for the sale of goods it implies that the buyer must satisfy himself about",CAVEAT EMPTOR,"A legal expression which means ""Let the buyer beware"". For a contract for the sale of goods it implies that the buyer must satisfy himself about all aspects of them before he buys the goods, there being no provision under common law for implied warranty as to the suitability of the goods for any specific purpose.",false
1870,Caveat Venditor,"Latin term which translates to ""Let the seller beware."" It implies that the seller/vendor bears responsibility for product defects and inferior quality issues and must satisfy these concerns to the buyer's satisfaction.",CAVEAT VENDITOR,Latin term which translates to “Let the seller beware.” It implies that the seller/vendor bears responsibility for product defects and inferior quality issues and must satisfy these concerns to the buyer’s satisfaction.,false
1993,CHANGE ORDER,"A change order is the formal document
through which a change is made to a
construction contract, for example the
scope of work or the completion date or
the price of the work. Both parties agree
to the change and the implications in
terms of mutual rights and obligations.",Change Order,A document or digital record which authorises and provides notification of a modification to a product or order.,false
1999,CHANNEL PARTNERS,"Members of a supply chain (i.e.
suppliers, manufacturers, distributors,
retailers, etc.) who work in conjunction
with one another to manufacture,
distribute, and sell a specific product.",Channel Partners,"Members of a supply chain (i.e. suppliers, manufacturers, distributors, retailers, etc.) who work in conjunction with one another to manufacture, distribute, and sell a specific product.",false
2041,Chief Operating Officer,An executive person responsible for the entire organisational operations including manufacturing. Reports directly to the Chief Executive Officer or the Managing director. Please see also to chief supply,CHIEF OPERATING OFFICER,An executive person responsible for the entire organisational operations including manufacturing. Reports directly to the Chief Executive Officer or the Managing director. Please see also to chief supply chain management officer.,false
2043,Chief Procurement Officer,An executive person responsible for the entire organisational procurement. Reports directly to the Chief Executive Officer or the Managing director. An executive person responsible for the entire organisational supply chain,CHIEF PROCUREMENT OFFICER,An executive person responsible for the entire organisational procurement. Reports directly to the Chief Executive Officer or the Managing director.,false
2047,Chief Supply Officer,Please see Chief Procurement Officer.,CHIEF SUPPLY OFFICER,Please see Chief Procurement Officer.,true
2090,CIS,Abbreviation for: Co-operative Incentive Scheme.,CIS,"Abbreviation for: Commonwealth of Independent States, including associate and former member states.",false
2104,Claim,"A charge made against a carrier for loss, damage, delay, or overcharge.",CLAIM,"A written assertion or demand, by one of the parties to a contract, which seeks, as a contractual right, payment of money, adjustment of contract terms, or other relief, for injury, loss, or damage arising under or relating to the contract.",false
2111,CLASS,Abbreviation for: Capacity Loading and Operation Sequence Scheduling.,Class,"1. A group of naval ships of the same or similar design. 2. A standard of construction for merchant vessels, including standards for specific types or specialised capabilities of some types of merchant vessels. A ship meeting the standard is in class, one not meeting them is out of class.",false
2119,CLASSIFICATION,"A publication containing a list of
items and the classes to which they
are assigned for the purpose of
applying class freight rates, along with
governing rules and regulations.",Classification,"A publication, such as Uniform Freight Classification (railroad), or the National Motor Freight Classification (motor carrier), that assigns ratings to various articles, and provides bill of lading descriptions and rules.",false
2123,Classification Of Defects,"The process of arranging defects in classes or groupings in accordance with a specific schema, for example, by severity of defect such as major, critical, or minor.",CLASSIFICATION OF DEFECTS,"The process of arranging defects in classes or groupings in accordance with a specific schema, for example, by severity of defect such as major, critical, or minor.",true
2129,Clawback,Contingent monies or considerations previously disbursed that are returned due to unrealized fulfilment of terms upon which the considerations were distributed.,CLAWBACK,Contingent monies or considerations previously disbursed that are returned due to unrealized fulfillment of terms upon which the considerations were distributed.,false
2161,Close Out,"In contract management, the final stage of a project is the close out, involving all the administrative, legal and financial processes needed to bring the contract to an end. These processes include ensuring that the contractor has fulfilled their obligations, that all financial liabilities have been resolved, that the performance of the contractor has been recorded, that any outstanding claims have been identified, and that the rights and obligations of the parties in respect of",CLOSE OUT,"In contract management, the final stage of a project is the close out, involving all the administrative, legal and financial processes needed to bring the contract to an end. These processes include ensuring that the contractor has fulfilled their obligations, that all financial liabilities have been resolved, that the performance of the contractor has been recorded, that any outstanding claims have been identified, and that the rights and obligations of the parties in respect of ongoing liabilities such as latent defects have been recorded and executed as per the terms of the contract.",false
2165,CLOSED INNOVATION,Closed innovation implies that companies try to develop new products and processes based on the idea that the company itself has the best possible knowledge and resources for innovation.,Closed Innovation,Closed innovation implies that companies try to develop new products and processes based on the idea that the company itself has the best possible knowledge and resources for innovation.,true
2181,Cm,Abbreviation for: Centimetre.,CM,"Abbreviation for: Category Management, Commodity Manager, Cubic Meter, Contract Manufacturer, Change Management, and Configuration Management.",false
2208,Co-Sourcing,"Is a hybrid model that strives to combine the best of ""In"" and ""Out"" sourcing to provide the most cost-effective solution.",CO-SOURCING,Is a hybrid model that strives to combine the best of “In” and “Out” sourcing to provide the most cost effective solution.,false
2225,Code Of Ethics,"(1) A guide to acceptable and ethical behaviour as defined by an organisation or public body. (2)A standard of behaviour adopted by an organisation. Written policies or guidelines which apply to the ethical behaviour of members of an organisation, business or public entity.",CODE OF ETHICS,"(1) A guide to acceptable and ethical behavior as defined by an organisation or public body. (2) A standard of behavior adopted by an organisation. Written policies or guidelines which apply to the ethical behavior of members of an organisation, business or public entity.",false
2228,Codes South Africa,The Broad-Based black Economic Empowerment codes of good practice including all the statements issued under section 9 of the Act.,CODES SOUTH AFRICA,The Broad-Based Black Economic Empowerment codes of good practice including all the statements issued under section 9 of the Act.,false
2246,Coincidence Of Wants,Each participant in an exchange is willing to trade what he or she has in exchange for what the other participant is willing to trade.,COINCIDENCE OF WANTS,Each participant in an exchange is willing to trade what he or she has in exchange for what the other participant is willing to trade.,true
2258,Collaborative Relationships,A phase in the continuum of Buyer- Seller Relationships whereby the interdependence and necessity of cooperation is the difference between a collaborative and transactional relationship. Lower total costs are the common result of this type of relationship.,COLLABORATIVE RELATIONSHIPS,A phase in the continuum of Buyer-Seller Relationships whereby the interdependence and necessity of cooperation is the difference between a collaborative and transactional relationship. Lower total costs are the common result of this type of relationship.,false
2260,Collateral,"Property required by a lender and offered by a borrower as a guarantee of payment on a loan. Also, a borrower's savings, investments or the value of the asset purchased that can be seized if the borrower fails to repay a debt.",COLLATERAL,"Property required by a lender and offered by a borrower as a guarantee of payment on a loan. Also, a borrower's savings, investments or the value of the asset purchased that can be seized if the borrower fails to repay a debt.",true
2268,Collective Bargaining,"Direct negotiations between employers and unions to determine labour market outcomes. May include wages, benefits, security and safety issues. Usually results in a contract of a specified duration.",COLLECTIVE BARGAINING,"Direct negotiations between employers and unions to determine labor market outcomes. May include wages, benefits, security and safety issues. Usually results in a contract of a specified duration.",false
2271,Collusive Tendering,"Offers by two or more tenderers who have joined together to purposively circumvent the intention of the buyer to secure competitiveness by submitting tenders/offers, the terms and conditions of which are decided jointly (and are therefore known to each) even when these are submitted separately.",COLLUSIVE TENDERING,"Offers by two or more tenderers who have joined together to purposively circumvent the intention of the buyer to secure competitiveness by submitting tenders/offers, the terms and conditions of which are decided jointly (and are therefore known to each) even when these are submitted separately.",true
2287,Commercial Grade Product,"A product that has been designed and sold by the manufacturer to be more durable, or more powerful or more longer lasting or having a larger capacity in comparison to its consumer grade product counterpart; designed to meet a more demanding application or operating need or requirements and generally costs more versus the consumer grade product.",COMMERCIAL GRADE PRODUCT,"A product that has been designed and sold by the manufacturer to be more durable, or more powerful or more longer lasting or having a larger capacity in comparison to its consumer grade product counterpart; designed to meet a more demanding application or operating need or requirements and generally costs more versus the consumer grade product.",true
2294,COMMERCIAL RISK,"Commercial risk is related to the
uncertainty with regard to the price
we will pay and the costs that we will incur when having outsourced
our activities to the supplier.",Commercial Risk,Commercial risk is related to uncertainty with regard to the price that will be paid and the costs that will be incurred when activities are outsourced to a supplier.,false
2302,COMMITMENT,A negotiated agreement between two parties to produce a defined outcome and accept it if produced within stated conditions of satisfaction.,Commitment,A negotiated agreement between two parties to produce a defined outcome and accept it if produced within stated conditions of satisfaction.,true
2309,COMMODITY,"(1)  A transportable article of trade or
commerce that can be bartered
or sold. One of the characteristics
of a commodity is that its price is
determined as a result of being
actively traded by its market. Soft
commodities are goods that are
grown, for example coffee beans,
wheat and sugar. Hard commodities
are the goods that are extracted
through processes such as mining,
for example gold and crude oil.",Commodity,Any physical item that is traded in commerce. The term usually implies an undifferentiated product competing primarily on price and availability.,false
2323,Common-Use Item,"Item that is often used by a number of users and fulfils certain standards set up. The term is generally used in the context of government procurement of such items as stationery, vehicles, typewriters, and other office equipment, machines or accessories.",COMMON-USE ITEM,"Item that is often used by a number of users and fulfils certain standards set up. The term is generally used in the context of government procurement of such items as stationery, vehicles, typewriters, and other office equipment, machines or accessories.",true
2336,Competent Person,A person who had acquired through training qualification and experience the knowledge and skills necessary for undertaking and task assigning to then under the codes.,COMPETENT PERSON,person who had acquired through training qualification and experience the knowledge and skills necessary for undertaking and task assigning to then under the codes.,false
2338,Competition,"A contest between businesses that are striving for the client's business. Organisations in business are usually in competition with others for customers, markets, materials and, of course, contracts. Most procurement governance schemes value competition between suppliers as a means of securing value. Many markets are not ‘free and open' as there are barriers to entry or market distortions such as monopoly, and because market offerings are not homogenous. Similarly, the practice of inviting three quotes, bids, offers or tenders may not harness the available competition.",COMPETITION,"Competition is a contest between businesses that are striving for the client’s business. Organisations in business are usually in competition with others for customers, markets, materials and, of course, contracts. Most procurement governance schemes value competition between suppliers as a means of securing value. Many markets are not ‘free and open’ as there are barriers to entry or market distortions such as monopoly, and because market offerings are not homogenous. Similarly, the practice of inviting three quotes, bids, offers or tenders may not harness the available competition.",false
2343,COMPETITIVE BIDDING,"A situation where a buyer asks
for bids from different suppliers,
creating a level playing field.",Competitive Bidding,"A situation where a buyer asks for bids from different suppliers, creating a level playing field (identical to tender).",false
2347,COMPETITIVE PRICING,"The price paid for a product is
based upon competitive tendering
among a number of preselected
suppliers. E-auctions or other formal
tendering vehicles may be used.",Competitive Pricing,The price paid for a product is based upon competitive tendering among a number of preselected suppliers. E-auctions or other formal tendering vehicles may be used.,false
2353,COMPLIANCE,"Compliance is the adherence to a
set of pre-notified legal agreements
or established standards for
services, goods, and/or processes.
A compliance audit on suppliers or
upstream in the supply chain may
be conducted by the buyers or their
agents to validate compliance.",Compliance,"Meeting the standards established by law, regulation, international trade practice, or other standard widely accepted in the industry. Failure to meet compliance standards places parties at risk for loss, or violation of statutes with resulting penalties.",false
2362,COMPONENTS,"Components are manufactured goods
which will not undergo additional
physical changes, but which will be incorporated into a system with which
there is a functional relationship by
joining it with other components.",Components,"Components are manufactured goods which will not undergo additional physical changes, but which will be incorporated into a system with which there is a functional relationship by joining it with other components.",false
2373,COMPUTER-AIDED ORDERING (CAO),"Is a retail-based system that
automatically generates orders
for replenishment when the
inventory level drops below a
predetermined reorder level.",Computer-Aided Ordering (CAO),A retail-based system that automatically generates orders for replenishment when the inventory level drops below a predetermined reorder level.,false
2387,CONCERN GUARANTEE,"Holding company secures payment
for agree sum in case business unit
may fail in making payments.",Concern Guarantee,Holding company secures payment for agreed sum in case business unit fails in making payments.,false
2389,Concession,"Government or Agency contracts with a person, group or company to run a portion of a government-owned facility.",CONCESSION,"Government or Agency contracts with a person, group or company to run a portion of a government-owned facility.",true
2391,Conciliation,A form of negotiation used in alternative,CONCILIATION,A form of negotiation used in alternative dispute resolution (ADR). Involves building a positive relationship between the parties to a dispute by using a third party or conciliator. Conciliation may assist in the settling of disputes that have reached an impasse.,false
2400,Conditional Sale,"A sale made with the understanding that title will not pass from the vendor to the purchaser until some prerequisite condition has been met, although possession may be surrendered to the buyer.",CONDITIONAL SALE,"A sale made with the understanding that title will not pass from the vendor to the purchaser until some prerequisite condition has been met, although possession may be surrendered to the buyer.",true
2417,CONFLICT OF INTEREST,"An instance where personal or business
interests of a party could affect the
outcome of a business transaction
through the non-declaration of that
interest. For example, tenderers should
never be involved in the preparation
of tender invitation documents or
evaluation of the same tender.
Contractual relationship where
parties pursue different objectives.",Conflict of Interest,Buyers wants to pay as little and seller charge as much as possible.,false
2437,Consideration,Something of value given or done as recompense that is exchanged by two parties; that which binds a contract.,CONSIDERATION,Something of value given or done as recompense that is exchanged by two parties; that which binds a contract.,true
2466,CONSTRUCTION ONLY CONTRACT,"Contractor constructs the
project inaccordance with the
design provided by the client.",Construction Only Contract,Contractor constructs a project in accordance with the design provided by a client.,false
2484,Consumer Price Index (CPI),A measure of the average change over time in the prices paid by urban consumers for a market basket of consumer goods and services.,CONSUMER PRICE INDEX (CPI),A measure of the average change over time in the prices paid by urban consumers for a market basket of consumer goods and services.,true
2487,Consumers,People who buy goods and services to satisfy their wants.,CONSUMERS,People who buy goods and services to satisfy their wants.,true
2536,Continuous Replenishment,"A method typically used between retailers and distributors or manufacturers that uses point-of-sale inventory and sales data to trigger automatic replenishments, with the vendor assuming responsibility for initiation and fulfilment.",CONTINUOUS REPLENISHMENT,Defined as the practice of partnering among distribution channel members that changes the traditional replenishment process from distributor-generated purchase order to one based on actual or forecast consumer demand.,false
2548,Contract Fixed Price,A contract that provides for a fixed price not subject to any adjustment on account of cost increases that a supplier may experience in the course of execution of the contract.,CONTRACT FIXED PRICE,A contract that provides for a fixed price not subject to any adjustment on account of cost increases that a supplier may experience in the course of execution of the contract.,true
2553,CONTRACT MANAGEMENT,"The process that ensures that all parties
to a contract fully meet their obligations.",Contract Management,The process that ensures that all parties to a contract fully meet their obligations.,false
2555,CONTRACT MANAGEMENT STAGES,"Pre-contractual, negotiations and closure and post-contractual.",Contract Management Stages,"Pre-contractual, negotiations and closure, and post-contractual.",false
2560,Contract Modification,"Any change in the provision of any one or more of the terms and conditions of a contract, proposed by one party and carried out with the agreement of the other party. Legally a modification in a contract amounts to agreeing to a new contract unless the intended modifications are provided for in the contract, e.g. plus/minus option on quantities, lot sizes, etc.",CONTRACT MODIFICATION,"Any change in the provision of any one or more of the terms and conditions of a contract, proposed by one party and carried out with the agreement of the other party. Legally a modification in a contract amounts to agreeing to a new contract unless the intended modifications are provided for in the contract, e.g. plus/minus option on quantities, lot sizes, etc.",true
2565,Contract Period,An arrangement for the supply of goods or services established for a fixed period of time.,CONTRACT PERIOD,An arrangement for the supply of goods or services established for a fixed period of time.,true
2568,Contract Scheduling,A systems approach to help monitor contract implementation. Particularly useful for contracts for large projects where different activities have to be carried out in a sequence within a time frame and where delay in the completion of one segment of a project is likely to delay the execution of the whole project.,CONTRACT SCHEDULING,A systems approach to help monitor contract implementation. Particularly useful for contracts for large projects where different activities have to be carried out in a sequence within a time frame and where delay in the completion of one segment of a project is likely to delay the execution of the whole project.,true
2570,Contract Scorecard,"A contract scorecard is one of the approaches that can be used to measure the performance of a contract. It provides both the parties an understanding of progress and performance. The scorecard aligns the parties on the measurement parameters and process of measurement. Frequently used measures include financial performance, KPIs and overall outcomes.",CONTRACT SCORECARD,"A contract scorecard is one of the approaches that can be used to measure the performance of a contract. It provides both the parties an understanding of progress and performance. The scorecard aligns the parties on the measurement parameters and process of measurement. Frequently used measures include financial performance, KPIs and overall outcomes.",true
2575,"Contract, Cost Reimbursement Type","A type of contract that provides for payment to the contractor of allowable costs incurred in the performance of the contract, to the extent prescribed in the contract. This type of contract establishes an estimate of total cost for the purpose of obligating of funds and establishes a ceiling that the contractor may not exceed without prior approval of the contracting officer (CO). See Contract, Cost Plus Fixed Fee (CPFF), and Contract, Cost Plus Incentive Fee (CPIF).","CONTRACT, COST REIMBURSEMENT TYPE","A type of contract that provides for payment to the contractor of allowable costs incurred in the performance of the contract, to the extent prescribed in the contract. This type of contract establishes an estimate of total cost for the purpose of obligating of funds and establishes a ceiling that the contractor may not exceed without prior approval of the contracting officer (CO). See Contract, Cost Plus Fixed Fee (CPFF), and Contract, Cost Plus Incentive Fee (CPIF).",true
2579,"Contract, Cost-Plus-A-Fixed-Fee","A contract which provides for reimbursement of cost of materials used in fabrication of equipment and/or construction of plant and/or specific costs of services (for example travel costs) on an actual basis plus a fixed (amount) fee for the supplier, the fee bearing no relationship to the cost of materials or services.","CONTRACT, COST-PLUS-A-FIXED-FEE","A contract which provides for reimbursement of cost of materials used in fabrication of equipment and/or construction of plant and/or specific costs of services (for example travel costs) on an actual basis plus a fixed (amount) fee for the supplier, the fee bearing no relationship to the cost of materials or services.",true
2582,"Contract, Cost-Plus-Incentive-Fee",A cost reimbursement type of contract for construction of a turnkey project where the supplier's fee is linked to the actual costs in relation to the estimated or the target cost so that there is an incentive for the supplier to achieve cost reduction.,"CONTRACT, COST-PLUS-INCENTIVE-FEE",A cost reimbursement type of contract for construction of a turnkey project where the supplier's fee is linked to the actual costs in relation to the estimated or the target cost so that there is an incentive for the supplier to achieve cost reduction.,true
2584,"Contract, Firm Fixed Price (FFP)",Provides for a price that is not subject to any adjustment on the basis of the contractor's cost experience in performing the contract. This type of contract places upon the contractor maximum risk and full responsibility for all costs and resulting profit or loss. Provides maximum incentive for the contractor to control costs and imposes a minimum administrative burden on the government.,"CONTRACT, FIRM FIXED PRICE (FFP)",Provides for a price that is not subject to any adjustment on the basis of the contractor’s cost experience in performing the contract. This type of contract places upon the contractor maximum risk and full responsibility for all costs and resulting profit or loss. Provides maximum incentive for the contractor to control costs and imposes a minimum administrative burden on the government.,false
2588,"Contract, Fixed Price With Revision",A variation of a fixed price type of contract which provides for the upward or downward changes in prices of specified materials and/or of labour costs.,"CONTRACT, FIXED PRICE WITH REVISION",A variation of a fixed price type of contract which provides for the upward or downward changes in prices of specified materials and/or of labour costs.,true
2592,"CONTRACT, LUMP SUM","Contract is based upon a fixed
price (per period) for executing
the project or a certain activity.","Contract, Lump Sum",Contract is based upon a fixed price (per period) for executing the project or a certain activity.,false
2594,"CONTRACT, REIMBURSABLE","Contract in which the buyer agrees
to pay the supplier all materials
costs and employee hours against
predetermined hourly rates and
margins for services rendered (identical
to time and materials contract).","Contract, Reimbursable",Contract in which the buyer agrees to pay the supplier all materials costs and employee hours against predetermined hourly rates and margins for services rendered (identical to time and materials contract).,false
2596,"CONTRACT, TIME AND MATERIALS",Contract in which the buyer agrees to pay the supplier all materials costs and employee hours against predetermined hourly rates and margins for services rendered (identical to cost reimbursable contract).,"Contract, Time and Materials",Contract in which the buyer agrees to pay the supplier all materials costs and employee hours against predetermined hourly rates and margin for services rendered (identical to cost reimbursable contract).,false
2598,"CONTRACT, UNIT RATE","Rates are agreed for regular, routine
activities, the size of which cannot
be anticipated. Rates are defined
per square metre of paintwork,
metre of cable to be installed, etc.
Payments are made based upon the
actual number of units produced
during the completion of the work.CONTRACTING
Engaging in contractual relationship
with one or more parties.","Contract, Unit Rate","Rates are agreed for regular, routine activities, the size of which cannot be anticipated. Rates are defined per square meter of paintwork, meter of cable to be installed, etc. Payments are made based upon the actual number of units produced during the completion of the work.",false
2605,Contractual Data Requirement (CDR),"A requirement, identified in a solicitation and imposed in a contract or order that addresses any aspect of data (i.e., that portion of contractual development, generation, preparation, modification, maintenance, storage, retrieval, and/or delivery of data).",CONTRACTUAL DATA REQUIREMENT (CDR),"A requirement, identified in a solicitation and imposed in a contract or order that addresses any aspect of data (i.e., that portion of contractual tasking requirement associated with the development, generation, preparation, modification, maintenance, storage, retrieval, and/or delivery of data).",false
2611,Contributions South Africa,"A collection term describing Enterprise Development and Supplier Development contribution targeting EMEs and QSEs which are at least 51% black owned or at least 30% black owned, black youth in rural, and underdevelopment areas in statement 400.",CONTRIBUTIONS SOUTH AFRICA,"A collection term describing Enterprise
Development and Supplier Development
contribution targeting EMEs and QSEs
which are at least 51% black owned
or at least 30% black owned, black
youth in rural, and underdevelopment
areas in statement 400.",false
2643,Cooperative Procurement,Cooperative procurement is simply about combining of requirements of two or more entities to obtain the benefits of volume buying and/or to reduce the procure to pay costs.,COOPERATIVE PROCUREMENT,Cooperative procurement is simply about combining of requirements of two or more entities to obtain the benefits of volume buying and/or to reduce the procure to pay costs.,true
2656,CORE COMPETENCIES,"The knowledge based know-how,
technology, research, market access
and other resources which add
value in the eyes of an organisation’s
customers. The collective learnings
in an organisation, especially ways
to coordinate and integrate diverse
skills and technologies. In layman’s
language: things you are really,
really good at that customers value,
and that you would be unwilling to
delegate to outside suppliers.",Core Competencies,"Skills that provide the main competitive differentiation and overall base of knowledge for an organization. They may be the result of enhanced performance in a given department, such as engineering or marketing, or cross-functional, such as the ability of a company to efficiently assemble the multiple skill sets needed to bid and complete large projects. Systems and departments that do not form a core competency are often candidates for outsourcing (e.g., A firm with exceptional semiconductor design engineering skills that chooses to outsource all production to a fab facility).",false
2662,Core Skills,"Skills that are value adding to the activities of the measured Entities in line with its core business; in areas the measured Entity cannot outsource, or within the production/operational part of the measured Entity's valued-",CORE SKILLS,"skills that are value adding to the activities of the measured Entities in line with its core business; in areas the measured Entity cannot outsource, or within the production/operational part of the measured Entity’s valuedchain as opposed to the supply side, service downstream operations.",false
2667,CORPORATE BUYERS,"Buyers operating at the corporate level
with a global sourcing responsibility
for key commodities. It is their
job to negotiate for large volumes
of products and components (in
the case of raw materials), large
investment projects and services.",Corporate Buyers,"Buyers operating at the corporate level with global sourcing responsibilities for key commodities. It is their job to negotiate for large volumes of products and components (in the case of raw materials), large investment projects, and services.",false
2672,CORPORATE SOCIAL RESPONSIBILITY,"How to contribute to a better world,
a better environment and better
labour conditions. The idea is to
develop business solutions in such a
way that requirements of the current
world population are met without
doing harm to the needs of future
generations. Companies need to
balance the interests of customers,
employees, the environment and
its shareholders, i.e. serving the
needs of 'people, planet, profit'.",Corporate Social Responsibility,"How business takes account of its economic, social, and environmental impacts.",false
2689,CoS,Abbreviation for: Cost-of-Sales.,COS,Abbreviation for: Class of Service.,false
2692,Cost Accounting,"The discipline of estimating, tracking, and controlling product and service costs. Accurate cost analysis helps provide the basis for make/buy decisions, market entry and exit, product and process changes, and many other measures and factors involved in organizational success.",COST ACCOUNTING,"The discipline of estimating, tracking, and controlling product and service costs. Accurate cost analysis helps provide the basis for make/buy decisions, market entry and exit, product and process changes, and many other measures and factors involved in organisational success.",false
2697,COST AVOIDANCE,"(1)  An action taken in the immediate time
frame that will decrease costs in the
future. For example, an engineering
improvement that increases the
mean time between failure (MTBF)
and thereby decreases operating
support costs can be described as a
cost avoidance action. It is possible
for the engineering change to incur
higher costs in the immediate time
frame; however, if the net total Life
Cycle Cost (LCC) is less, it is a cost
avoidance action. The amount of
the cost avoidance is determined
as the difference between two
estimated cost patterns, one before
the change and the one after.
(2)  Actions taken to avoid having to
pay some sort of cost—this could
be financial (i.e. by negotiating an
extension to current prices when
the entity becomes aware that price
in resource terms (i.e. the use of
cooperative arrangements mean
the organisation “avoids” the time
and work involved in completing
a bidding or contracting exercise
on its own behalf). Well defined
specifications and value analysis
will help to avoid extraneous costs.",Cost Avoidance,Cost avoidance is a variance between the historical and the actual purchase price paid per unit. A cost avoidance is not considered to be sustainable.,false
2699,Cost Avoidance Savings,"Warranty / guarantee cost, additional installation or repair and maintenance costs not necessary for the competitors' products.",COST AVOIDANCE SAVINGS,"Warranty / guarantee cost, additional installation or repair and maintenance costs not necessary for the competitors’ products.",false
2701,Cost Breakdown,The detailed analysis of the contractor's pricing that may include overhead and profit.,COST BREAKDOWN,The detailed analysis of the contractor’s pricing that may include overhead and profit.,false
2704,COST DRIVER,"The factors or triggers that cause
costs to be incurred or resources
to be consumed. In order to reduce
the costs of a particular activity,
one must first understand the
various drivers of those costs.COST ELEMENT
A direct or indirect cost of providing
a good, service, or construction,
such as labor, materials,
fringe benefits, or travel.",Cost Driver,"A factor related to an activity that changes the volume or characteristics of that activity, and in doing so changes its costs. Activities can have multiple cost drivers.",false
2707,Cost Effectiveness,A measure of the operational capability added by a system as a function of its Life Cycle Cost (LC;-C).,COST EFFECTIVENESS,A measure of the operational capability added by a system as a function of its Life Cycle Cost (LC;-C).,true
2710,Cost Estimate,"A forecast amount as distinguished from an actual outlay, based upon related cost information available at the time and anticipated future conditions. The process of calculating the probable cost of a job.",COST ESTIMATE,"A forecast amount as distinguished from an actual outlay, based upon related cost information available at the time and anticipated future conditions. The process of calculating the probable cost of a job.",true
2721,COST OF GOODS SOLD (COGS),"The actual cost of all items sold in a
department (or entire store) during an
Accounting Cycle. COGS includes the
cost of an item plus freight, minus any
purchase discounts. COGS is computed
by: Beg. Inventory + Purchases - End.
Inventory = COGS. Stated simply:
We already had this much inventory,
we added this much to it (through
purchasing), we still have this much
inventory, the difference must represent
the cost of what we actually sold.
Example:
Beg. Inv. = $15,000, Purchases =",Cost of Goods Sold (COGS),"The costs associated with the design and manufacture of a product such as direct material, direct labor, and allocated overhead. They do not include selling and general administrative costs.",false
2736,COST REDUCTIONS,"Purchasing cost reductions are sustainable in character. These may be the result from a change of the specification, a change of supplier, or omitting an unnecessary product quality requirement.",Cost Reductions,"Purchasing cost reductions are sustainable in character. These may result from a change of the specification, a change of supplier, or omitting an unnecessary product quality requirement.",false
2745,COST-BASED PRICING,"A method in which a fixed sum or
percentage of the total cost is added
as an income or profit to the cost of the
product to arrive at its selling price.",Cost-based Pricing,"The supplier’s sales price is derived directly from its cost price: what most systems boil down to is that a particular profit margin is added to all costs, including the costs of sales (mark-up pricing).",false
2747,Cost-Benefit Analysis,"An analytic technique that compares the costs and benefits of investments, programs, or policy actions in order to determine which alternative or alternatives maximize net profits. Net benefits of an alternative are determined by subtracting the present value of costs from the present value of benefits. A comparative evaluation of the trade-off between the cost of a good or service and the value or benefit to be obtained in order to choose among alternatives.",COST-BENEFIT ANALYSIS,"An analytic technique that compares the costs and benefits of investments, programs, or policy actions in order to determine which alternative or alternatives maximize net profits. Net benefits of an alternative are determined by subtracting the present value of costs from the present value of benefits. A comparative evaluation of the trade-off between the cost of a good or service and the value or benefit to be obtained in order to choose among alternatives.",true
2791,CRADLE-TO-GRAVE,"A representation of the life cycle of a
given system, from concept through
development, acquisition, operations
phases and final disposition. This term
is also used when speaking about the
generation and disposal of hazardous
waste. Also called womb-to-tomb and
referred to as the purchasing cycle.",Cradle-to-Grave,"Logistics planning, design, and support throughout the entire system life cycle.",false
2793,CRAFT,"Computerised Relative Allocation of Facilities Technique. A heuristic technique for developing good, but non-optimal, solutions.",Craft,"A boat, ship, or airplane.",false
2804,Credit,"In monetary theory, the use of someone else's assets in exchange for a promise to pay (usually with interest) at a later date. The major examples are short- term loans from a bank, credit extended by a supplier, and commercial paper. In balance of payment accounting, an item such as exports that earns a country foreign currency. A credit note is issued in various situations to correct a mistake, such as when (1) an invoice amount is overstated, (2) correct discount rate is not applied, (3) goods spoil within guaranty period, or (4) they do not meet the buyer's specifications and are returned. Also called credit memo. Credit Note is a commercial instrument which is issued by the seller of goods and services to the purchaser if goods and services are returned back",CREDIT,"In monetary theory, the use of someone else’s assets in exchange for a promise to pay (usually with interest) at a later date. The major examples are shortterm loans from a bank, credit extended by a supplier, and commercial paper. In balance of payment accounting, an item such as exports that earns a country foreign currency.",false
2812,Creditor,"A lender, whether by making a loan, buying a bond or allowing money owed now to be paid.",CREDITOR,"A lender, whether by making a
loan, buying a bond or allowing
money owed now to be paid.",false
2816,Criteria,"When evaluating offers, weighted factor analysis can be used to assess competing offers against a variety of criteria. A number of criteria are proposed, usually including cost, quality, time, service and other relevant factors, and each criterion is weighted with a relative weighting to value its importance in the decision-making process. Offers are then scored against the weighted criteria to identify the best value outcome overall.",CRITERIA,"When evaluating offers, weighted factor analysis can be used to assess competing offers against a variety of criteria. A number of criteria are proposed, usually including cost, quality, time, service and other relevant factors, and each criterion is weighted with a relative weighting to value its importance in the decision-making process. Offers are then scored against the weighted criteria to identify the best value outcome overall.",true
2834,CROSS SOURCING,"A sourcing strategy in which a
company uses a single supplier for one
particular part or service and another
supplier with the same capabilities
for a different part or service, with the
understanding that each supplier can
act as a backup for the other supplier.",Cross Sourcing,"A sourcing strategy in which a company uses a single supplier for one particular part or service and another supplier with the same capabilities for a different part or service, with the understanding that each supplier can act as a backup for the other supplier",false
2936,Customer Order Cycle Time,(1) Measures how long it takes to deliver a customer order after the purchase order (PO) is received. (2) Actual delivery date —Purchase order creation date.,CUSTOMER ORDER CYCLE TIME,(1) Measures how long it takes to deliver a customer order after the purchase order (PO) is received. (2) Actual delivery date— Purchase order creation date.,false
2939,CUSTOMER ORDER DECOUPLING POINT (CODP),The point in the supply chain where a production order becomes customerspecific. Downstream of this point activities are planned based upon customer order and further downstream activities are planned based on forecast,Customer Order Decoupling Point (CODP),"The point in the supply chain where a production order becomes customer-specific. Downstream of this point, activities are planned based upon customer order and further downstream activities are planned based on forecast.",false
3009,CYCLE TIME,"(1)  The elapsed time it takes for an
activity or a process to transform
an input into an output. Cycle
time, or how quickly companies
can translate customer needs
into products or services, has
been touted as a key competitive
advantage in most industries.
(2) Cycle Time = Actual Ship
Date – Customer Order Date.",Cycle Time,"The total time required to complete a transformation from one status to another. Total cycle time is composed of many elements, often broken into active (running or operating) time and idle (queue or wait) time.",false
3046,DASHBOARD,"In procurement, dashboards provide
company-wide spend information
and analysis using easy-to-interpret
data visuals. Usually, dashboards
highlight KPI results along with both,
financial and non-financial reports.",Dashboard,"A performance measurement tool used to capture a summary of the Key Performance Indicators/metrics of a company. Metrics dashboards/scorecards should be easy to read and usually have “red, yellow, green” indicators to flag when the company is not meeting its targets for its metrics. Ideally, a dashboard/scorecard should be cross-functional in nature and include both financial and non-financial measures. In addition, scorecards should be reviewed regularly – at least on a monthly basis and weekly in key functions such as manufacturing and distribution where activities are critical to the success of a company. The dashboard/scorecards philosophy can also be applied to external supply chain partners, such as suppliers, to ensure that supplier’s objectives and practices align.",false
3049,DATA,"All aspects of factual information,
especially information organized
for analysis or used to reason or
make decisions, associated with
managing retail facilities.",Data,Information or a set of facts presented in symbolic (descriptive or graphic) form.,false
3085,Days In Turns,"Number of days it takes to sell the entire inventory of a given department, or the total store. This",DAYS IN TURNS,"Number of days it takes to sell the entire inventory of a given department, or the total store. This is an Inventory Productivity ratio. Days in turns is computed by: Days in the Accounting Cycle divided by Inventory Turnover ratio. Example: Inventory Turnover = 12. Annual Accounting Cycle of 365 days. 365 / 12 = 30.42 (rounded to 30 days in turns.) Actual data is compared to industry targets and store historical performance for analysis.",false
3087,Days Sales Outstanding,A measure of how quickly revenue can be collected from customers. (Receivables/Sales) * Days in Period.,DAYS SALES OUTSTANDING,"A measure of how quickly revenue
can be collected from customers.
(Receivables/Sales) * Days in Period.DAYS SUPPLY
(1)  Measure of quantity of inventory-
on-hand, in relation to number of
days for usage that will be covered.
(2)  Calculated by dividing the average
inventory on hand (as value) by the
average monthly demand (as value)
and then multiplying it by thirty, when
measuring on a monthly basis.",false
3113,De-Industrialisation,The erosion a nation's local industrial activity through the uncontrollable importation of the country's needs be it industrial or consumer.,DE-INDUSTRIALISATION,The erosion a nation’s local industrial activity through the uncontrollable importation of the country’s needs be it industrial or consumer.,false
3141,DECENTRALISED PURCHASING,It refers to purchasing by many agencies within an organisation rather than one central agency looking after all purchasing.,Decentralised Purchasing,It refers to purchasing by many agencies within an organisation rather than one central agency looking after all purchasing.,true
3166,Default,Failure by a party to a contract to comply with contractual requirements.,DEFAULT,Failure by a party to a contract to comply with contractual requirements.,true
3187,DELIVERY,"The activities that plan and
control the transfer of products
and services to customers.",Delivery,The process of transferring products or services to customers.,false
3224,DEMAND MANAGEMENT,"The utilization of purchasing policy
mandate, user education and
communication, marketing and
promotions to alter/modify current
purchasing behavior in order to
achieve a more desirable outcome.",Demand Management,"The proactive compilation of requirements information regarding demand (i.e., customers, sales, marketing, finance) and the firm’s capabilities from the supply side (i.e., supply, operations, and logistics management); the development of a consensus regarding the ability to match the requirements and capabilities; and the agreement upon a synthesised plan that can most effectively meet the customer requirements within the constraints imposed by supply chain capabilities.",false
3237,DEMAND SUPPLY BALANCING,"The process of identifying and
measuring the gaps and imbalances
between demand and resources in
order to determine how to best resolve
the variances through marketing,
pricing, packaging, warehousing,
outsource plans, or some other action
that will optimise service, flexibility,
costs, assets (or other supply chain
inconsistencies) in an iterative
and collaborative environment.",Demand Supply Balancing,"The process of identifying and measuring the gaps and imbalances between demand and resources in order to determine how to best resolve the variances through marketing, pricing, packaging, warehousing, outsource plans, or some other action that will optimise service, flexibility, costs, assets (or other supply chain inconsistencies) in an iterative and collaborative environment.",false
3247,DEMOGRAPHIC SEGMENTATION,"A market segmentation strategy
where the intended audience for a
given product is divided according
to geographic units, such as
nations, states, regions, counties,",Demographic Segmentation,"A market segmentation strategy where the intended audience for a given product is divided according to geographic units, such as nations, states, regions, counties, cities, or neighbourhoods.",false
3272,DEPRECIATION,"In accountancy, depreciation refers
to two aspects of the same concept:
1. the decrease in value of assets
(fair value depreciation), and
2. the allocation of the cost of
assets to periods in which the
assets are used (depreciation
with the matching principle).",Depreciation,A charge against earnings that does not involve a cash payment for the write off of the cost of an asset less salvage value over its estimated useful life. A variety of depreciation methods have been developed to specify the rate and amount of the write off for each fiscal period.,false
3278,DERIVED DEMAND,"Most companies sell to other companies.
Few manufacturing companies deliver
directly to the end user. For this reason,
developments in industrial markets
are often influenced by changes which
occur in the end-user markets.",Derived Demand,"A term in economics, where demand for one good or service occurs as a result of demand for another. This may occur as the former is a part of production of the second. For example, demand for coal leads to derived demand for mining, as coal must be mined for coal to be consumed.",false
3287,DESIGN AND CONSTRUCT (D&C),"Contractor designs and provides,
in accordance with the client's
requirements, plant and/or other Works.",Design and Construct (D&C),"Contractor designs and provides in accordance with the client’s requirements, plant and/or other works.",false
3288,Design And Construct (D&C),"Contractor designs and provides, in accordance with the client's requirements, plant and/or other Works.",Design and Construct (D&C),"Contractor designs and provides in accordance with the client’s requirements, plant and/or other works.",false
3312,Designated Sectors,"Sectors, sub-sectors or industries that have been designated by Government in line with national development and industrial policies for local production, where only locally produced services, works or goods or locally manufactured goods meet the stipulated minimum threshold for local production and content.",DESIGNATED SECTORS,"Sectors, sub-sectors or industries that have been designated by Government in line with national development and industrial policies for local production, where only locally produced services, works or goods or locally manufactured goods meet the stipulated minimum threshold for local production and content.",true
3339,Development Costs,Supplier's expenses in development of a design or a prototype to help the buyer decide whether the product conforming to this would meet his intended use. As part of a two-stage tendering procedure these costs will not be reimbursed by the buyer.,DEVELOPMENT COSTS,Supplier's expenses in development of a design or a prototype to help the buyer decide whether the product conforming to this would meet his intended use. As part of a two-stage tendering procedure these costs will not be reimbursed by the buyer.,true
3401,DIRECT MATERIALS,"All procured materials and services
that become part of the company's
value proposition. These include
raw materials, semi-manufactured
goods or half fabricated,
components and modules.",Direct Materials,"All purchased materials and services that become part of the company’s value proposition. These include raw materials, semi-manufactured goods or half fabricated, components and modules.",false
3404,Direct Procurement,Purchasing of all materials and products that are used for manufacturing companies' end products.,DIRECT PROCUREMENT,Purchasing of all materials and products that are used for manufacturing companies' end products.,true
3406,DIRECT PRODUCT COST (DPC),"DPC relates to all costs that can be allocated directly to the product (including the costs of materials handling, taking in return packaging, pricing, etc.).",Direct Product Cost (DPC),"DPC relates to all costs that can be allocated directly to the product (including the costs of materials handling, taking in return packaging, pricing, etc.).",true
3409,Direct Product Profitability (DPP),"Based upon sales price and direct product cost, the retail buyer determines the direct (net) profit margin per product (DPP).",DIRECT PRODUCT PROFITABILITY (DPP),"Based upon sales price and direct
product cost, the retail buyer
determines the direct (net) profit
margin per product (DPP).",false
3415,Direct Spend,"The procurement of goods and services that are directly related to a product being manufactured, they include amongst others, raw materials, associated services, etc.",DIRECT SPEND,"The procurement of goods and services that are directly related to a product being manufactured, they include amongst others, raw materials, associated services, etc.",true
3429,Disabled Employees-South Africa,Code of good practice on key Aspects of Disability in the workplace issued under section 54of the employment Equity Act.,DISABLED EMPLOYEES-SOUTH AFRICA,the meaning defined in the Code of good practice on key Aspects of Disability in the workplace issued under section 54of the employment Equity Act.,false
3439,Discount Recovery,"For products you put on sale, discount recovery refers to the increase in sales needed to produce the ""usual"" gross margin dollars the item generates.",DISCOUNT RECOVERY,"For products you put on sale, discount recovery refers to the increase in sales needed to produce the ""usual"" gross margin dollars the item generates.",true
3441,"DISCOUNT, GEOGRAPHICAL","This discount is given to customers
who are located close to the
supplier's factory or distribution
centre, making the transportation
227Glossary  | Discount, Promotional
| Some Useful Strategic Sourcing Related Terms
costs much lower than average. In
this way, a local supplier can keep
more distant suppliers away.","Discount, Geographical","This discount is given to customers who are located close to the supplier’s factory or distribution centre, making the transportation costs much lower than average. In this way a local supplier can keep more distant suppliers away.",false
3443,"DISCOUNT, PROMOTIONAL","This discount is provided to temporarily
stimulate the sale of a product, or, if it
concerns a new product, to lower the
entry barrier (special offer discount).","Discount, Promotional","This discount is provided to temporarily stimulate the sale of a product or, if it concerns a new product to lower the entry barrier (special offer discount).",false
3445,"DISCOUNT, QUANTITY","To stimulate larger quantity orders,
many suppliers use quantity discounts
in which the advantage for the buyer is
that it can realize a lower price  per unit.","Discount, Quantity",To stimulate larger quantity orders many suppliers use quantity discounts in which advantage for the buyer is that it can realise a lower price per unit.,false
3447,"DISCOUNT, SEASONAL","This discount is applied to improve
manufacturing capacity utilization in
periods when sales are low. Buyers
ordering out of season get a lower price.","Discount, Seasonal",This discount is applied to improve manufacturing capacity utilisation in periods when sales are low. Buyers ordering out of season get a lower price.,false
3491,Distributive Procurement,A set of purchasing activities that aims to ensure that inputs various parts of a value chain are on time and value for money.,DISTRIBUTIVE PROCUREMENT,A set of purchasing activities that aims to ensure that inputs various parts of a value chain are on time and value for money.,true
3525,DO OR BUY,"The term applied to the decision
on whether to own a process
that contributes to a product or
service, or, alternatively, outsource
the activity performed by the
process to another operation.",Do or Buy,"The term applied to the decision on whether to own a process that contributes to a product or service, or, alternatively, outsource the activity performed by the process to another operation.",false
3526,Do Or Buy,"The term applied to the decision on whether to own a process that contributes to a product or service, or, alternatively, outsource the activity performed by the process to another operation.",Do or Buy,"The term applied to the decision on whether to own a process that contributes to a product or service, or, alternatively, outsource the activity performed by the process to another operation.",true
3548,DOCUMENTATION,"The papers attached or pertaining
to goods requiring transportation
and/or transfer of ownership.
These may include the packing list,
hazardous materials declarations,
export/customs documents, etc.",Documentation,"The papers attached or pertaining to goods requiring transportation and/or transfer of ownership. These may include the packing list, hazardous materials declarations, export/customs documents, etc.",false
3552,DOD,Abbreviation for: Distribution on Demand and Direct Outward Dial.,DoD,Abbreviation for: Department of Defence (USA).,false
3682,Duly Signed Local Content,Officially declared Certificate for Local Content that has been signed by a duly authorised person of the organisation.,DULY SIGNED LOCAL CONTENT,"Officially declared Certificate for Local
Content that has been signed by a duly
authorised person of the organisation.DUPONT ANALYSIS
Financial diagnostic tool to calculate
the company's return on investment
based upon sales margin and capital
turnover ratio. Used to assess the
effect of a 2 purchasing saving on the
company's return on investment (ROI).",false
3695,DUTCH WINDMILL,"Combination of buyer's purchasing
portfolio and supplier's
customer portfolio, leading to 16
different business-to-business
relationships, each of which call
for a different sourcing strategy.",Dutch Windmill,"Combination of buyer’s purchasing portfolio and supplier’s customer portfolio, leading to 16 different business-to-business relationships, each of which call for a different sourcing strategy.",false
3713,DYADIC PERSPECTIVE,Contracts are closed based upon interests of buyer and seller only.,Dyadic Perspective,Contracts are closed based upon interests of buyer and seller only.,true
3717,Dynamic Discounting,"Dynamic discounting refers to the discounts allowed by a supplier to the buyer based on the dates of payment. Generally, sellers provide higher discounts for earlier payments. Dynamic discounting provides the buyers with the flexibility to choose when and how to make payments for",DYNAMIC DISCOUNTING,"Dynamic discounting refers to the discounts allowed by a supplier to the buyer based on the dates of payment. Generally, sellers provide higher discounts for earlier payments. Dynamic discounting provides the buyers with the flexibility to choose when and how to make payments for the goods and services purchased.",false
3722,Dynamic Reorder Point,Implies there is some system logic calculating the order point.,DYNAMIC REORDER POINT,Implies there is some system logic calculating the order point.,true
3748,Eap-South Africa,Economically Active population as determined and published by stats SA. eBid eBid is an online bidding system which eliminates traditional paper bids and replaces them with an electronic process via the internet.,EAP-SOUTH AFRICA,Economically Active population as determined and published by stats SA.,false
3783,ECONOMIC DEVELOPMENT,"Sustained increase in the economic
standard of living of the population
of a country (or any other defined
geographic region), normally
accomplished by increasing its
stocks of physical and human capital,
and by improving its technology.",Economic Development,"Sustained increase in the economic standard of living of the population of a country (or any other defined geographic region), normally accomplished by increasing its stocks of physical and human capital, and by improving its technology.",false
3786,ECONOMIC DIVERSIFICATION,"The development and growth of new
industries that are not a large part of a
state’s or region’s existing industries.",Economic Diversification,The development and growth of new industries that are not a large part of a state’s or region’s existing industries.,false
3789,Economic Interest,"claims against an Entity representing a return on ownership of the Entity similar in nature to a dividend right, measured using the flow- through and where applicable, the modified through principle.",ECONOMIC INTEREST,"claims against an Entity representing a return on ownership of the Entity similar in nature to a dividend right, measured using the flowthrough and where applicable, the modified through principle.",false
3792,ECONOMIC ORDER QUANTITY (EOQ),"That order quantity which gives lowest
total variable costs, including costs of
both procurement and stock holding.",Economic Order Quantity (EOQ),An inventory model that determines how much to order by determining the amount that will meet customer service levels while minimising total ordering and holding costs.,false
3872,ELECTRONIC DATA INTERCHANGE (EDI),"Defined as an interorganisational
exchange of business documentation in a
structured, machine-processable form.",Electronic Data Interchange (EDI),"Intercompany, computer-to-computer transmission of business information in a standard format.",false
3877,ELECTRONIC MARKETPLACE,"A marketplace on the Internet where, with the support of Internet technology, transactions between business-tobusiness partners can be made.",Electronic Marketplace,"Electronic communication platform enabling companies to communicate with their partners (suppliers and distributors) to facilitate business transactions, and to optimise economic performance. Electronic marketplaces are generally divided into three categories: 1. The “vertical” marketplaces bringing together all actors of a channel (for example, agri-food producers, distributors, and intermediaries, textile, chemicals, etc.). 2. The “horizontal” marketplaces bringing together companies located at the same stage of the value creation chain and belonging to the same business sector (for example, all distributors). 3. The “transverse” or “public” marketplaces to which any type of company can belong whatever their business sector (for example, a marketplace bringing together companies specialised in MRO products).",false
3882,Element South Africa,The measurable quantitative elements of B-BBEE compliance in the Generic scorecard and the Amended codes.,ELEMENT SOUTH AFRICA,the measurable quantitative elements of B-BBEE compliance in the Generic scorecard and the Amended codes.,false
3904,Emergency Acquisition,"A threat to public health, welfare, or safety that threatens the functioning of government, the protection of property or the health or safety of people.",EMERGENCY ACQUISITION,"A threat to public health, welfare, or safety that threatens the functioning of government, the protection of property or the health or safety of people.",true
3921,Employee Ownership Scheme,A worker or employee scheme in which employees have shares in a company.,EMPLOYEE OWNERSHIP SCHEME,A worker or employee scheme in which employees have shares in a company.,true
3923,Employee South Africa,"The meaning as defined in the Labour Relation Act 66 of 1995 as amended. For the avoidance of doubt, a member of the board who is not employed in the day to day management of an entity is not an employee of that entity notwithstanding the fact he/she may be remunerated or the performance of that function.",EMPLOYEE SOUTH AFRICA,"The meaning as defined in the Labour Relation Act 66 of 1995 as amended. For the avoidance of doubt, a member of the broad who is not employed in the day to day management of a entity is not an employee of that entity notwithstanding the fact he/she may be remunerated or the performance of that function.",false
3926,Employment Equity Act South Africa,"The Employment Equity Act 55 of 1998, as amended.",EMPLOYMENT EQUITY ACT SOUTH AFRICA,"The Employment Equity Act 55 of 1998, as amended.",true
3931,Empowerement,A term used in job design to indicate increasing the authority given to people to make decisions within the job or changes to the job itself.,EMPOWEREMENT,"A term used in job design to indicate
increasing the authority given to
people to make decisions within the
job or changes to the job itself.ENTERPRISE DEVELOPMENT",false
3968,Entity,"A legal entity, operates a business which includes identifying opportunities in the market, taking risks with a view of being rewarded with profits.",ENTITY,"A legal entity, operates a business which includes indentifying opportunities in the market, taking risks with a view of being rewarded with profits.",false
3971,Entrepreneur,"A person who starts and/ or operates a business which includes identification opportunities in the market, taking risks with a view of being rewarded with profits.",ENTREPRENEUR,"A person who starts and/ or operates a business which includes identification opportunities in the market, taking risks with a view of being rewarded with profits.",true
3995,Equal Or Approved Equal,"Used to indicate that an item may be substituted for a required item if it is equal in quality, performance and other characteristics.",EQUAL OR APPROVED EQUAL,"Used to indicate that an item may be substituted for a required item if it is equal in quality, performance and other characteristics.",true
4003,Equity Instrument South Africa,Instrument by which a participant holds rights of ownership in an entity.,EQUITY INSTRUMENT SOUTH AFRICA,Instrument by which a participant holds rights of ownership in an entity.,true
4006,Equivalent Percentage South Africa,Percentage ownership performance for all the indicators in the associated entity's ownership scorecard arising from a Qualifying transaction included in the ownership scorecard of the beneficiary entity.,EQUIVALENT PERCENTAGE SOUTH AFRICA,Percentage ownership performance for all the indicators in the associated entity’s ownership scorecard arising from a Qualifying transaction included in the ownership scorecard of the beneficiary entity.,false
4021,ESCALATION CLAUSE,"Represents a contract provision that permits the adjustment of contract prices by an amount or percent but only if certain specified contingencies occur, such as changes in the vendor's raw material or labour costs.",Escalation Clause,A contract clause permitting a specified increase in the price of goods or services in the event of certain conditions. Such a clause also specifies de-escalation.,false
4064,Evaluation Of Responses,"The examination of responses after opening to determine the vendor's responsibility, responsiveness to requirements, and other characteristics",EVALUATION OF RESPONSES,"The examination of responses after opening to determine the vendor's responsibility, responsiveness to requirements, and other characteristics of the solicitation relating to the award.",false
4101,EXPEDITING,"Following up on a purchase order to
make sure the supplier is going to
perform as it has confirmed through
the purchase order confirmation.
There are three types of expediting,
i.e. routine status check, advanced
status check and field expediting.",Expediting,Contacting a supplier or carrier with the goal of speeding up the delivery date of an inbound shipment.,false
4103,Expenditure South Africa,a. Procuring the service of or a labour broker; and b. Procuring the service of any person who receive any remuneration or to whom any remuneration accrues because of any services rendered by such to or on behalf of a labour broker.,EXPENDITURE SOUTH AFRICA,"Procuring the service of or
a labour broker; and
Procuring the service of any person
who receive any remuneration or
to whom any remuneration accrues
because of any services rendered by
such to or on behalf of a labour broker.",false
4137,EXTERNAL FACTORS,"Are those which determine the
degree of availability of a certain
product and which cannot be
influenced by individual companies.",External Factors,Determine the degree of availability of a certain product. These factors cannot be influenced by individual companies.,false
4140,EXTERNAL STRUCTURE,"External structure consists of a number
of links (companies, institutions)
231Glossary  | Facilities
| Some Useful Strategic Sourcing Related Terms
that are connected via markets.",External Structure,"External structure consists of a number of links (companies, institutions) that are connected via markets.",false
4164,FACILITIES,"Relate all the physical conditions
that enable an organisation to
conduct its primary activities.",Facilities,Relate to all the physical conditions that enable an organisation to conduct its primary activities.,false
4186,FAIR SHARE ALLOCATION,"An allocation of available inventory
to customer and inter plant orders,
when the availability is less than the
total required. If the total available
quantity is 80% of the total required,
it may allocate 80% of the amount
requested on each individual order,
instead of a scheme that prioritises
the availability based on the order
date, most important customer, etc.",Fair Share Allocation,"An allocation of available inventory to customer and inter plant orders, when the availability is less than the total required. If the total available quantity is 80% of the total required, it may allocate 80% of the amount requested on each individual order, instead of a scheme that prioritises the availability based on the order date, most important customer, etc.",false
4209,FAST,Abbreviation for: Free and Secure Trade.,Fast,Fastened or held firmly (fast aground: stuck on the seabed; made fast: tied securely).,false
4292,Fiduciary Duty,"An individual's obligation to serve the best interests of selected stakeholders, especially those of their employer.",FIDUCIARY DUTY,"An individual’s obligation to serve the best interests of selected stakeholders, especially those of their employer.",false
4305,FILL RATE,"The percentage of a customer’s order
that is filled on the first shipment. This can be represented as the percentage
of items, SKUs or order value that is
included with the first shipment.
(1—((total items—shipped
items) / total items)) * 100.",Fill Rate,The percentage of requisitions filled from stock present on the shelf. The opposite is: Stock out rate.,false
4312,Financial Savings Management,"Financial savings management includes every activity related to forecasting savings based on strategic sourcing plans, mapping savings to the budget and tracking of savings realization. Financial savings management provides a crystal clear view into function-specific savings projects and associated realized savings.",FINANCIAL SAVINGS MANAGEMENT,"Financial savings management includes every activity related to forecasting savings based on strategic sourcing plans, mapping savings to the budget and tracking of savings realization. Financial savings management provides a crystal clear view into function-specific savings projects and associated realized savings.",true
4349,First Cost Savings,Quoted price for the product or service per unit delivered.,FIRST COST SAVINGS,Quoted price for the product or service per unit delivered.,true
4387,FIXED PRICE CONTRACT,"A type of purchasing contract in which
the stated price does not change,
regardless of fluctuations in general
overall economic conditions, industry
competition, levels of supply, market
prices, or other environmental changes.",Fixed Price Contract,"A type of purchasing contract in which the stated price does not change, regardless of fluctuations in general overall economic conditions, industry competition, levels of supply, market prices, or other environmental changes.",false
4392,Fixed Reorder Point,Implies the reorder point is a static number plugged into the system.,FIXED REORDER POINT,Implies the reorder point is a static number plugged into the system.,true
4438,Flow-Through Principle South Africa,When determining the rights of ownership of any category of black people in a measured entity only the rights held by natural and juristic persons are measurable.. This principle applies across every tier of ownership in a multi-tiered chain of ownership until that chain ends with a black person holding rights of ownership.,FLOW-THROUGH PRINCIPLE SOUTH AFRICA,when measuring the rights of ownership of any category of black people in a measured entity only right held by natural persons are relevant. It the rights of ownership of black people pass through a juristic person are measurable. This principle applies across every tier of ownership in a multi-tiered chain of ownership until that chain ends with a black person holding rights of ownership.,false
4492,FORCE MAJEURE,"A contract term which implies
circumstances beyond one's control,
the occurrence of which can be pleaded
as a legal excuse for non-fulfilment of
contract. Previously the term referred
largely to Acts of God (earthquakes,
floods, etc.) However, the term is
now used somewhat more flexibly to
include government decrees, edicts,
strikes, etc. To avoid problems of
interpretation, in the event of a dispute,
it will be helpful if the buyer and the
supplier can agree at the contract stage
itself to define what circumstances
will constitute Force Majeure.",Force Majeure,"Major and usually uncontrollable events, that excuse a party from the performance of its obligations. The contract provision is referred to as the “Act of God” and is kept in the contract to protect both the purchaser as well as the supplier.",false
4499,FORECAST CONSUMPTION,"The netting of actual demand from
customer or inter plant orders against
the forecast for a given time period.
Systems for producing items to stock often use the higher of the forecast
quantity or actual demand quantity
when creating suggested schedules.",Forecast Consumption,The netting of actual demand from customer or inter plant orders against the forecast for a given time period. Systems for producing items to stock often use the higher of the forecast quantity or actual demand quantity when creating suggested schedules.,false
4539,FORWARD AUCTION,"An e-auction which is used by
suppliers to enforce bidding among
a number of prospective buyers
based on a starting price that is
increased during the auction.",Forward Auction,An e-auction which is used by suppliers to enforce bidding among a number of prospective buyers based on a starting price that is increased during the auction.,false
4574,Framework Agreement,"A framework agreement is an agreement between one or more contracting entities and one or more suppliers, the purpose of which is to establish the terms governing contracts to be awarded during a given period, in particular with regard to price and, where appropriate, the quantities envisaged.",FRAMEWORK AGREEMENT,"A framework agreement is an agreement between one or more contracting entities and one or more suppliers, the purpose of which is to establish the terms governing contracts to be awarded during a given period, in particular with regard to price and, where appropriate, the quantities envisaged.",true
4576,Framework Order,An agreement to purchase a given quantity of goods over a specified,FRAMEWORK ORDER,"An agreement to purchase a given quantity of goods over a specified period of time, usually one year.",false
4581,Fraud,a. A calculated and purposive perversion of the law and company policy for the purpose of benefiting. b. An intentional misstatement of any materials. In case of fraud one party to use cheat with the another- party by making a false statement and providing wrong information. Fraud makes the contract and agreement invalid and void in nature.,FRAUD,A calculated and purposive perversion of the law and company policy for the purpose of benefiting.,false
4617,Freight Bill Accuracy,The percentage of freight bills that are error-free.(error-free freight bills / total freight bills) * 100. Billing accuracy is key to profitability and customer satisfaction.,FREIGHT BILL ACCURACY,The percentage of freight bills that are error-free.(error-free freight bills / total freight bills) * 100. Billing accuracy is key to profitability and customer satisfaction.,true
4625,Freight Cost Per Unit,Usually measured as the cost of freight per item or SKU. Total freight cost / number of items.,FREIGHT COST PER UNIT,Usually measured as the cost of freight per item or SKU. Total freight cost / number of items.,true
4692,FUNCTIONAL SPECIFICATION,"Describes the functionality which the
product must have for the user.",Functional Specification,Describes the functionality which the product must have for the user.,false
4694,FUNCTIONAL STRATEGIES,"The set of strategic decisions
made for a particular function.",Functional Strategies,The set of strategic decisions made for a particular function.,false
4776,GENERAL TERMS OF PURCHASE,"Standard legal and commercial
conditions that will apply to every
purchase order by the buyer",General Terms of Purchase,Standard legal and commercial conditions that will apply to every purchase order issued by the buyer.,false
4809,Global Practice South Africa,"Global and uniformly applied practice of a multinational, restricting alienation of equity in on the sale of business in its regional operation. The practice must have existed before the promulgation of the Act.",GLOBAL PRACTICE SOUTH AFRICA,"Global and uniformly applied practice of a multinational, restricting alienation of equity in on the sale of business in its regional operation. The practice must have existed before the promulgation of the Act.",true
4811,GLOBAL SOURCING,"(1)  The procurement of goods or
services outside the limits of
a country i.e. international.
(2)  Global sourcing is defined as
proactively integrating and
coordinating common items and
materials, processes, designs,
technologies and suppliers across
worldwide purchasing, engineering
and operating locations.",Global Sourcing,The procurement of goods or services outside the limits of a country i.e. international.,false
4814,GLOBALISATION,"The process of making something
worldwide in scope or application.",Globalisation,The process of making something worldwide in scope or application.,false
4831,Goals Of Public Procurement,"Acts of parliament to regulate public sector procurement aims to harmonise the process of public procurement in the public sector to ensure value for money, judicious, economic and efficient use of state resources in public procurement and ensure that the process is carried out in a fair, transparent and non-discriminatory manner. Goods In Transit Insurance An insurance policy that covers business goods or personal belongings while they're being moved from the place of loading to the stated destination over land by a certain transport mode.",GOALS OF PUBLIC PROCUREMENT,"Acts of parliament to regulate public sector procurement aims to harmonise the process of public procurement in the public sector to ensure value for money, judicious, economic and efficient use of state resources in public procurement and ensure that the process is carried out in a fair, transparent and non-discriminatory manner.",false
4839,Going Rate Pricing,"In going rate pricing, the firm bases its price largely on competitor prices.",GOING RATE PRICING,Firm basing its price largely on competitor prices.,false
4851,Governance,"Refers to the overall procedural arrangements and systems established to ensure that the adopted procurement processes allow appropriate levels of control and probity. Governance regimes include procurement policies, process management procedures, resource allocations as well as controls and review processes to gauge effectiveness of the procurement process.",GOVERNANCE,"Refers to the overall procedural arrangements and systems established to ensure that the adopted procurement processes allow appropriate levels of control and probity. Governance regimes include procurement policies, process management procedures, resource allocations as well as controls and review processes to gauge effectiveness of the procurement process.",true
4864,Grant Contribution South Africa,"Monetary value of qualifying contributions made by the measure Entity to a beneficiary in the form of grants, donations, discounts that are similar quantifiable benefits which are not recoverable by the measured Entity.",GRANT CONTRIBUTION SOUTH AFRICA,"Monetary value of qualifying contributions made by the measure Entity to a beneficiary in the form of grants, donations, discounts that are similar quantifiable benefits which are not recoverable by the measured Entity.",true
4876,Green Supply Chain Management,The process by which activities along a value chain are relatively reduced to minimise its impact on the environment.,GREEN SUPPLY CHAIN MANAGEMENT,The process by which activities along a value chain are relatively reduced to minimise its impact on the environment.,true
4971,HAND-TO-MOUTH BUYING,"Frequent purchases in small
quantities to meet only immediate,
short term requirements. Also, it is a
practice of planning inbound material
purchases and flows without the need
for significant inventory levels.",Hand-to-mouth Buying,"Frequent purchases in small quantities to meet only immediate, short term requirements. Also, it is a practice of planning inbound material purchases and flows without the need for significant inventory levels.",false
4972,Hand-To-Mouth Buying,"Frequent purchases in small quantities to meet only immediate, short term requirements. Also, it is a practice of planning inbound material purchases and flows without the need for significant inventory levels.",Hand-to-mouth Buying,"Frequent purchases in small quantities to meet only immediate, short term requirements. Also, it is a practice of planning inbound material purchases and flows without the need for significant inventory levels.",true
4993,Hard Services,Relates to building mechanical and electrical services.,HARD SERVICES,Relates to building mechanical and electrical services.,true
5064,HEDGING,"Act of purchasing made by a buyer to
protect himself against the effect of
price fluctuations over which he has
no control and over which he does not
wish to speculate. A basic principle of
a price hedge is to take an equal but opposite position on the futures market
to the physical delivery position.",Hedging,"A purchase or sale entered into for the purpose of balancing a sale or purchase already made or under contract, in order to offset the effect of potential market price fluctuations.",false
5145,Hold Harmless Clause,"A provision in an agreement under which one or both parties agree not to hold the other party responsible for any loss, damage, or legal liability. In effect, this clause indemnifies the parties on a unilateral or reciprocal basis.",HOLD HARMLESS CLAUSE,"A provision in an agreement under which one or both parties agree not to hold the other party responsible for any loss, damage, or legal liability. In effect, this clause indemnifies the parties on a unilateral or reciprocal basis.",true
5250,Hybrid Structure,"A hybrid structure represents a combination of the centralised and the decentralised structure. The terms ‘hybrid’, ‘pooling’ and ‘co-ordination’ are used interchangeably.",HYBRID STRUCTURE,"A hybrid structure represents combination of the centralized and the decentralized structure. The terms 'hybrid', 'pooling' and 'co-ordination' are used interchangeably.",false
5340,IMPACT ANALYSIS,"The process of determining the
organisational costs and benefits
of a proposed alternative.",Impact Analysis,The process of determining the organisational costs and benefits of a proposed alternative.,false
5347,Implied Contract,"A legally enforceable agreement that arises from conduct, from assumed intentions, from some relationship among the immediate parties, or from the application of the legal principle of equity. For example, a contract is implied when a party knowingly accepts a benefit from another party in circumstances where the benefit cannot be considered a gift. Therefore, the party accepting the benefit is under a legal obligation to give fair value for the benefit received. Opposite of express contract.",IMPLIED CONTRACT,"A legally enforceable agreement that arises from conduct, from assumed intentions, from some relationship among the immediate parties, or from the application of the legal principle of equity. For example, a contract is implied when a party knowingly accepts a benefit from another party in circumstances where the benefit cannot be considered a gift. Therefore, the party accepting the benefit is under a legal obligation to give fair value for the benefit received. Opposite of express contract.",true
5349,IMPLIED WARRANTY,"A specific assurance made by the seller
concerning the performance, quality
or character of the goods or services
sold. An express warranty delineates
the rights and obligations of the parties
if the item/service is defective. The
term is also known as Guarantee.",Implied Warranty,"A specific assurance made by the seller concerning the performance, quality or character of the goods or services sold. An express warranty delineates the rights and obligations of the parties if the item/service is defective. The term is also known as Guarantee.",false
5357,Imported Content,"Portion of the bid price represented by the cost of components, parts or materials which have been or are still to be imported (whether by the supplier or its subcontractors) and which costs are inclusive of the costs abroad (this includes labor or intellectual property costs), plus freight and other direct importation",IMPORTED CONTENT,"Portion of the bid price represented by the cost of components, parts or materials which have been or are still to be imported (whether by the supplier or its subcontractors) and which costs are inclusive of the costs abroad (this includes labour or intellectual property costs), plus freight and other direct importation costs, such as landing costs, dock duties, import duty, sales duty or other similar tax or duty at the port of entry.",false
5380,In-Sourcing,"In its purest sense is defined as ""contracting in"" all operations and tasks for a particular business function.",IN-SOURCING,"In its purest sense is defined as
“contracting in” all operations and
tasks for a particular business
function. In the facilities management
model, all facilities services are
provided solely via organic (in-house,
on the payroll) delivery means.
237Glossary  | Inventory Turnover
| Some Useful Strategic Sourcing Related Terms",false
5394,Incentives,"Incentives in procurement refer to the ‘carrots' that may be offered to suppliers to motivate the supplier to perform to or above agreed standards. For example, a risk and reward contract will typically feature a bonus payable to the supplier if they exceed agreed performance standards. Another incentive that may be used is an extension of the contract. For example, the contract may be for an initial five-year period with an option to extend for a further three years and then another two years, subject to satisfactory performance. The contract extension is an incentive to motivate the contractor to perform.",INCENTIVES,"Incentives in procurement refer to the ‘carrots’ that may be offered to suppliers to motivate the supplier to perform to or above agreed standards. For example, a risk and reward contract will typically feature a bonus payable to the supplier if they exceed agreed performance standards. Another incentive that may be used is an extension of the contract. For example, the contract may be for an initial two-year period with an option to extend for a further one-year and then another one year, subject to satisfactory performance. The contract extension is an incentive to motivate the contractor to perform. In practice the use of incentives seeks to equip the buyer with some way of motivating performance once competitive tension is no longer present.",false
5408,Incumbent Supplier,The current state of a supplier with whom a buyer has a relationship and the preferred status,INCUMBENT SUPPLIER,The current state of a supplier with whom a buyer has a relationship and the preferred status,true
5413,Indemnity Clause,"A provision in a contract under which one party (or both parties) commit to compensate the other (or each other) for any harm, liability, or loss arising out of the contract. The formula to compute the amount of compensation is usually included in the contract.",INDEMNITY CLAUSE,"A provision in a contract under which one party (or both parties) commit to compensate the other (or each other) for any harm, liability, or loss arising out of the contract. The formula to compute the amount of compensation is usually included in the contract.",true
5431,Indicator Percentage South Africa,Percentage compliance of the associated entity for all the indicators of the associated entity ownership scorecard. The calculation of indicators percentage follows the rules in statement 100 using the actual percentage compliance for each indicator and not the resulting scores.,INDICATOR PERCENTAGE SOUTH AFRICA,Percentage compliance of the associated entity for all the indicators of the associated entity ownership scorecard. The calculation of indicators percentage follows the rules in statement 100 using the actual percentage compliance for each indicator and not the resulting scores.,true
5434,Indirect Branch,"Defined as the horizontal relationship of organizations that experience each other as effective competitors (for example, the leather and footwear industry and electronics industry).",INDIRECT BRANCH,"Defined as the horizontal relationship of organisations that experience each other as effective competitors (for example, the leather and footwear industry and electronics industry).",false
5441,INDIRECT MATERIALS,"All procured materials and services that no not become part of the company’s value proposition may be classified in MRO supplies, investment goods (also referred to as capital expenditure, or CAPEX) and services (identical to non-BOM-materials or non-production materials).",Indirect Materials,"All purchased materials and services that do not become part of the company’s value proposition. May be classified into MRO-supplies, investment goods (also referred to as capital expenditure or CAPEX) and services (identical to non-BOM-materials or non-production materials).",false
5444,Indirect Purchasing,"Purchasing of all materials, components and services that are used to support the company’s infrastructure and back-office activities.",INDIRECT PURCHASING,"Procuring of all materials, components and services that are used to support the company’s infrastructure and back office activities.",false
5448,Indirect Spend,Represents the procurement of goods and services that are not directly,INDIRECT SPEND,"Represents the procurement of goods and services that are not directly incorporated into a product being manufactured. They include such as computers, safety boots and goggles, uniforms, office supplies, janitorial services, equipment, furniture, etc.",false
5453,INDUSTRIAL BUYING BEHAVIOUR,"Set of internal and external variables
and model that explain how
organisations make buying decisions.",Industrial Buying Behaviour,Set of internal and external variables and model that explain how organisations make buying decisions.,false
5455,INDUSTRIAL COLUMN,"Defined as a series of companies
(links) in which the consecutive
stages of production of an economic
product take place - from primary
producer to consumer.",Industrial Column,"Defined as a series of companies (links) in which the consecutive stages of production of an economic product take place, from primary producer to consumer.",false
5460,INDUSTRIALISATION,"The large-scale introduction of
manufacturing, advanced technical
enterprises, and other value adding
productive economic activities into an
area, society, or country. The purpose
of industrialisation is largely value
addition to local resources before
local or international consumption.",Industrialisation,"The large-scale introduction of manufacturing, advanced technical enterprises, and other value-adding productive economic activities into an area, society, or country. The purpose of industrialisation is largely value addition to local resources before local or international consumption.",false
5470,Ineligible Bidder,"A tenderer who may have been disqualified to tender/offer for any one of such reasons as unsatisfactory past performance, attempts at influencing awards, or inability to meet the pre-",INELIGIBLE BIDDER,"A tenderer who may have been disqualified to tender/offer for any one of such reasons as unsatisfactory past performance, attempts at influencing awards, or inability to meet the prequalification standards for inclusion in the list of approved tenders (holding the requested business license, nationality,...), or for any valid reason.",false
5478,Informal Solicitation,A solicitation which does not require a sealed response.,INFORMAL SOLICITATION,A solicitation which does not require a sealed response.,true
5508,"INNOVATION, OPEN","The purpose of open innovation is
to create close collaboration on
research and development, new
product design and development and
market introduction with parties that
would share the company's business
interests in such collaboration.","Innovation, Open","The purpose of open innovation is to create close collaboration on research and development, new product design and development and market introduction with parties that would share the company’s business interests in such collaboration.",false
5610,International Competitive Bidding (ICB),The procurement procedure where tendering is open to all local or international legal entities interested to submit a tender.,INTERNATIONAL COMPETITIVE BIDDING (ICB),The procurement procedure where tendering is open to all local or international legal entities interested to submit a tender.,true
5636,INTRA-PROGRAM EFFICIENCY,"A method to determine the most
efficient service delivery alternative,
when several service delivery
alternatives exist, to support a
successful program. This analysis is
done by using the measures of cost
and anticipated benefits for competing
service delivery alternatives used to
support the program which service
delivery alternative (or combination
thereof) will provide the maximum
net benefits.  Then funds (budget)
may be allocated appropriately to
the alternative(s) that best support
the success of the program.INTRA-PUBLIC ASSIGNMENTS
Assignments for work given
by one public authority to
another public authority.",Intra-Program Efficiency,"A method to determine the most efficient service delivery alternative, when several service delivery alternatives exist, to support a successful program. This analysis is done by using the measures of cost and anticipated benefits for competing service delivery alternatives used to support the program which service delivery alternative (or combination thereof) will provide the maximum net benefits. Then funds (budget) may be allocated appropriately to the alternative(s) that best support the success of the program.",false
5646,INVENTORY ACCURACY,"Inventory Accuracy =
Regular Stock Takes.",Inventory Accuracy,This compares the accuracy of your inventory by taking a headcount of items in stock and comparing it to what’s recorded in your database.,false
5659,INVENTORY POLICY,"A statement of a company’s goals and
approach to inventory management.",Inventory Policy,A statement of a company’s goals and approach to inventory management.,false
5671,INVENTORY TURNOVER,"A ratio describing the number
of times in a year that the entire
inventory of a department (or the
whole store) sells or ""turns over"".
Inventory Turnover is computed by:",Inventory Turnover,"An inventory investment and activity measure that compares inventory usage (as defined by the annual cost of goods sold) divided by the inventory investment (as defined as the average inventory level at standard cost). Higher values indicate a more efficient use of inventory; absolute targets can only be set based on relevant industry figures, as the turnover for grocery chains is vastly different than for capital goods manufacturers.",false
5679,Inventory Velocity (IV),"The percentage of inventory we are projecting to be consumed within the next period. It helps the managers to understand how well the inventory on hand matched the demand. It is calculated by dividing the opening stock by the sales forecast of the following period. Tracking IV on a monthly basis will provide significant clues in terms of aligning inventory level to the optimal level for matching supply- demand, and preventing excessive stock in the warehouse. IV: Opening",INVENTORY VELOCITY (IV),"IV is the percentage of inventory we are projecting to be consumed within the next period. It helps the managers to understand how well the inventory on hand matched the demand. It is calculated by dividing the opening stock by the sales forecast of the following period. Tracking IV on a monthly basis will provide significant clues in terms of aligning inventory level to the optimal level for matching supplydemand, and preventing excessive stock in the warehouse. IVOpening Stock / Next Month’s Sales Forecast",false
5686,Investment Goods Or Capital Equipment,"Products which are not consumed immediately, but whose purchasing value is depreciated during its economic life cycle.",Investment Goods or Capital Equipment,"Products which are not consumed immediately, but whose purchasing value is depreciated during its economic life cycle.",true
5691,INVITATION TO NEGOTIATE (ITN),"A competitive negotiation process
that is used when the procurement
authority deems it is in their best
interest to negotiate with offerors
to achieve “best value”.",Invitation to Negotiate (ITN),A competitive negotiation process that is used when the procurement authority deems it is in their best interest to negotiate with offerers to achieve “best value.” A form of source selection that is similar to the Request for Proposal process. A short list of acceptable proposers is created. Two negotiation methods are allowed: single negotiation and concurrent negotiation.,false
5693,INVITATION TO TENDER (ITT),"A formal bid solicitation document
when the estimated value of the
requirement exceeds the threshold for
formal bidding; two or more sources
are considered capable of supplying
the requirement; the requirement
is adequately defined in all respects
to permit the evaluation of tenders
against clearly stated criteria; tenders
can be submitted on a common
pricing basis; and it is intended to
accept the lowest-priced responsive
tender without negotiations.",Invitation to Tender (ITT),Canadian: A formal bid solicitation document when the estimated value of the requirement exceeds the threshold for formal bidding; two or more sources are considered capable of supplying the requirement; the requirement is adequately defined in all respects to permit the evaluation of tenders against clearly stated criteria; tenders can be submitted on a common pricing basis; and it is intended to accept the lowest-priced responsive tender without negotiations.,false
5696,INVOICE,"A list of goods or services sent to
a procurer showing information
including prices, quantities and other
related charges for payment.INVOICE RECONCILIATION
Invoice reconciliation is the process
of matching bank statements to the
outgoing and incoming invoices to make
sure that all accounts are clean and
every book entry is correctly matched.",Invoice,"An itemised list of goods shipped to a buyer, stating quantities, prices, shipping charges, etc.",false
5698,Invoice Reconciliation,Invoice reconciliation is the process of matching bank statements to the outgoing and incoming invoices to make sure that all accounts are clean and every book entry is correctly matched.,INVOICE RECONCILIATION,Invoice reconciliation is the process of matching bank statements to the outgoing and incoming invoices to make sure that all accounts are clean and every book entry is correctly matched.,true
5703,IPAP,Abbreviation for: Industrial Policy Action Plan.,IPAP,Abbreviation for: Industrial Policy Action Plan.,true
5853,JOINT BID METHOD,"A form of intergovernmental cooperative
purchasing in which two or more
public procurement agencies agree on
specifications and contract terms and
conditions for a given item of common
usage and combine their requirements
for these items in a single request for
competitive sealed bids. Once bids have
been received and discussed by the
participants, each public procurement
239Glossary  | Joint Purchasing Office
| Some Useful Strategic Sourcing Related Terms
agency issues and administers its
own purchase order or contract.",Joint Bid Method,"A form of intergovernmental cooperative purchasing in which two or more public procurement agencies agree on specifications and contract terms and conditions for a given item of common usage and combine their requirements for these items in a single request for competitive sealed bids. Once bids have been received and discussed by the participants, each public procurement agency issues and administers its own purchase order or contract.",false
5855,Joint Purchasing Office,A shared administrative agency created to perform the purchasing function for two or more governmental units in a joint administrative purchasing arrangement.,JOINT PURCHASING OFFICE,A shared administrative agency created to perform the purchasing function for two or more governmental units in a joint administrative purchasing arrangement.,true
5859,Joint Solutions Procurement (JSP),"Partnering the supply community with the procurement agency where the supply community provides input to establish appropriate specifications, project designs, and deliverables prior to posting a solicitation for formal bids or proposals. These acquisitions normally involve high dollar value/high risk procurements.",JOINT SOLUTIONS PROCUREMENT (JSP),"Partnering the supply community with the procurement agency where the supply community provides input to establish appropriate specifications, project designs, and deliverables prior to posting a solicitation for formal bids or proposals. These acquisitions normally involve high dollar value/high risk procurements.",true
5861,Joint Venture,"Joint ventures are business agreements where the parties involved agree to develop a new entity with new assets and often, but not necessarily, contribute equity to it. The parties involved maintain joint control over the new enterprise and subsequently share in any profits, as well as supporting the business initially by paying expenses and funding assets. The purpose behind a joint venture is to bring together complementary capabilities, to share risk between contracting parties, or to ensure a degree of local ownership. Joint ventures are part of a continuum of potential relationships between organisations and, while they are one form of strategic alliance, they are unique in the sense that a third legal entity is created. It is a more formal arrangement than a partnership or an alliance where two or more parties agree to cooperate, generally, but not necessarily, without creating a new legal entity.",JOINT VENTURE,"Joint ventures are business agreements where the parties involved agree to develop a new entity with new assets and often, but not necessarily, contribute equity to it. The parties involved maintain joint control over the new enterprise and subsequently share in any profits, as well as supporting the business initially by paying expenses and funding assets. The purpose behind a joint venture is to bring together complementary capabilities, to share risk between contracting parties, or to ensure a degree of local ownership. Joint ventures are part of a continuum of potential relationships between organisations and, while they are one form of strategic alliance, they are unique in the sense that a third legal entity is created. It is a more formal arrangement than a partnership or an alliance where two or more parties agree to cooperate, generally, but not necessarily, without creating a new legal entity.",true
5863,Joint-Use Sourcing (Agreements),Agreements between various government agencies that may involve,JOINT-USE SOURCING (AGREEMENTS),Agreements between various government agencies that may involve the joint-use of public property such as buildings and equipment..,false
5888,JUST-IN-TIME MANAGEMENT (JIT),"All material and products become
available at the very moment when they
are needed in the production process,
not sooner and not later, but exactly on
time and in exactly the right quantity.",Just-In-Time Management (JIT),"All materials and products become available at the very moment when they are needed in the production process, not sooner and not later, but exactly on time and in exactly the right quantity.",false
5898,KANBAN,"Form of just-in-time scheduling
based upon fixed volume lot delivery.
When a lot is used, the kanban
(card) will be sent to the supplier as
a signal to replenish for that lot.",Kanban,"A Just-in-Time technique developed in Japan at the Toyota Corporation in which a work centre or department uses a visible card, token, or other signal (kanban) to pull material from a feeder work centre or supply location. It often uses a standard container with a card attached that is pulled when the container is moved by the using work centre; after removal the card is used by the feeder work centre as authorisation for more production. A basic premise is that no production takes place until authorised by the using department. A two card system uses both a production card, which authorises the manufacture of a standard container, and a move card which authorises the transfer of a container from one work centre to the next.",false
5958,Km,Abbreviation for: Kilometres.,KM,Abbreviation for: Knowledge Management.,false
5976,KRALJIC’S PURCHASING PORTFOLIO,"A matrix indicating for quadrants,
represented for basic supply strategies,
based upon financial impact and
supply risk represented by a specific
product category and field expediting.",Kraljic’s Purchasing Portfolio,"A matrix indicating four quadrants, representing four basic supply strategies. Based upon financial impact and supply risk represented by a specific product category.",false
6138,LEAD TIME,"The elapsed time  from the placement
of an order until receipt of the order
for goods, services or works, including
date and time for order transmittal
and receipt, processing, preparation
and packaging, shipment and delivery
into the customer warehouse.
An extension of the Lean philosophy to
supply chain efforts beyond production.
Lean supply chain management seeks to
minimise the level of resources required
to carry out all supply chain activities.",Lead Time,"The total amount of time between the recognition of a required task, operation, or process, and its completion. Elements of lead time can include order entry, material accumulation, machine setup, queue, processing, move, and other activities which can be classified by systems that seek to eliminate waste as valued-added (processing that actively adds value as perceived by the customer) and non-value-added.",false
6155,Learner Ship,Work-based route to a qualification. it is a workplace education and training programme comprising both structured practical workplace (on-the–job) experience and structured theoretical training.,LEARNER SHIP,Work-based route to a qualification. it is a workplace education and training programme comprising both structured practical workplace (on- the –job) experience and structured theoretical training.,false
6157,Learning Curve,"The learning curve was originally developed in the American aircraft industry. It was discovered that the cost price per airplane decreased at a fixed percentage as experience, i.e. the cumulative production volume of a particular type of aircraft, doubled.",LEARNING CURVE,"The learning curve was originally developed in American aircraft industry. It was discovered that the cost price per airplane decreased at a fixed percentage as experience, i.e. the cumulative production volume of a particular type of aircraft, doubled.",false
6160,Learning Programme,Any learning programme set out in the learning programme matrix.,LEARNING PROGRAMME,Any learning programme set out in the learning programme matrix.,true
6162,Lease,"1.A contract by which one party (lessee) enters into a contract with a second party (lessor) for possession and use of property (equipment) for a specified period of time at a predetermined cost. There are two primary lease categories: Operating and Financial. Major benefits of a lease are: Obsolescence can be minimized or eliminated; Avoidance of large capital outlays; Maintenance problems may be reduced; The Lessee's working capital is not consumed and may be utilized for other projects. 2.Written or implied contract by which an owner (the lessor) of a specific asset (such as a parcel of land, building, equipment, or machinery) grants a second party (the lessee) the right to its exclusive possession and use for a specific period and under specified conditions, in return for specified periodic rental or lease payments",LEASE,A contract by which one party (lessee) enters into a contract with a second party (lessor) for possession and use of property (equipment) for a specified period of time at a predetermined cost. There are two primary lease categories: Operating and Financial. Major benefits of a lease are: Obsolescence can be minimized or eliminated; Avoidance of large capital outlays; Maintenance problems may be reduced; The Lessee’s working capital is not consumed and may be utilized for other projects.,false
6164,Lease Or Buy Decision,"A decision based on the results of a cost/benefit analysis of the costs to own, costs to lease, and the",LEASE OR BUY DECISION,"A decision based on the results of a cost/benefit analysis of the costs to own, costs to lease, and the advantages and disadvantages of any relevant qualitative factors.",false
6166,Lease To Own/Purchase,"The conveyance, by a lessor to a lessee, of the right to use a tangible asset usually for a specified period of time in return for rent. At a specified period of time the lessee may purchase the equipment outright by paying an additional specified sum.",LEASE TO OWN/PURCHASE,"The conveyance, by a lessor to a lessee, of the right to use a tangible asset usually for a specified period of time in return for rent. At a specified period of time the lessee may purchase the equipment outright by paying an additional specified sum.",true
6168,Lease-Purchase Agreement,"A lease in which the lease payments are applied, in whole or in part, as instalment payments for equity or ownership upon completion of the agreement.",LEASE-PURCHASE AGREEMENT,"A lease in which the lease payments are applied, in whole or in part, as installment payments for equity or ownership upon completion of the agreement.",false
6195,Legacy Costs,An economic term applied to those costs incurred by a business that apply to on-going contractual obligations resulting from agreements with collective bargaining units. Examples include pension and retiree benefits.,LEGACY COSTS,An economic term applied to those costs incurred by a business that apply to on-going contractual obligations resulting from agreements with collective bargaining units. Examples include pension and retiree benefits.,true
6198,LEGAL SYSTEM,The applicable law in a specific country or region.,Legal System,The applicable law in a specific country or region.,true
6212,LESSEE,"One to whom a lease is granted.
241Glossary  | Lessor
| Some Useful Strategic Sourcing Related Terms",Lessee,Company or individual which leases vehicles.,false
6214,LESSOR,One who grants a lease.,Lessor,Company which leases vehicles.,false
6225,Letter Of Intent,"A pre-contractual document, usually in the form of a letter and sometimes signed by the parties to an agreement, used to express the engagement intentions and expectation Usually forms the basis for a future. In most cases, it creates",LETTER OF INTENT,"A pre-contractual document, usually in the form of a letter and sometimes signed by the parties to an agreement, used to express the engagement intentions and expectation Usually forms the basis for a future. In most cases, it creates no binding obligation to either party.",false
6227,Letter Of Interest (LOI),Canadian Letter sent to the buyer to measure interest in receiving feedback from suppliers. This may lead to re- opening or re-issuing of the opportunity for an open tender at a later date.,LETTER OF INTEREST (LOI),Canadian Letter sent to the buyer to measure interest in receiving feedback from suppliers. This may lead to reopening or re-issuing of the opportunity for an open tender at a later date.,false
6233,Level Of Contractor,"Canadian The identification of an individual contractor in the contracting organisation's hierarchy as the prime contractor, subcontractor or other. The individual contractor's designation in the hierarchy determines the legal responsibility of that contractor and reporting structure relative to the customer (Owner).",LEVEL OF CONTRACTOR,"Canadian The identification of an individual contractor in the contracting organisation’s hierarchy as the prime contractor, subcontractor or other. The individual contractor’s designation in the hierarchy determines the legal responsibility of that contractor and reporting structure relative to the customer (Owner).",false
6237,Level-Of-Effort (LOE) Contract,A type of contract stating the work in terms of an amount of effort (usually labour-hours or labour-years) to be performed by specified classes of employees over a given period of time.,LEVEL-OF-EFFORT (LOE) CONTRACT,A type of contract stating the work in terms of an amount of effort (usually labor-hours or labor-years) to be performed by specified classes of employees over a given period of time.,false
6242,LEVERAGE PRODUCTS,"Products that can be obtained from
various suppliers at standard quality
grades. They represent a relatively
large share of the end product’s cost
price and are bought at large volumes.",Leverage Products,"In general, these are the products that can be obtained from various suppliers at standard quality grades. They represent a relatively large share of the end product’s cost price and are bought at large volumes.",false
6259,LIABILITY,"Any obligation incurred as a result of
law, rule or agreement; being legally
obliged and responsible; a debt or
an obligation to another party.",Liability,"An outstanding claim against an organisation which may include wages payable, accounts payable, short or long term loans, bonds, etc.",false
6266,LICENSING AGREEMENT,"A software contract that specifies
acceptable usage and normally includes
clauses regarding the right to copy,
distribute, and modify; the number of
overall or concurrent users able to use
the system; restrictions to specific sites
or hardware; whether the software
is owned by the buyer or granted
access through the payment of annual
maintenance fees, and other terms.",Licensing Agreement,"A software contract that specifies acceptable usage and normally includes clauses regarding the right to copy, distribute, and modify; the number of overall or concurrent users able to use the system; restrictions to specific sites or hardware; whether the software is owned by the buyer or granted access through the payment of annual maintenance fees, and other terms.",false
6269,LIEN,"A right by which one person, usually
a creditor, has to retain possession of
the goods of another until such time
as the owner of the goods clears his
liabilities. A common instance of a
lien is the right of a carrier to retain
possession of the goods and not deliver
these until his charges are paid.
Represents a procurement evaluation
technique that designates the total
acquisition costs of ownership in
relation, operation, maintenance, and
ultimate disposal of the item acquired.",Lien,A legal claim upon goods for the satisfaction of some debt or duty.,false
6275,Life Cycle Management,"Includes the four phases of procurement and associated costs of owning assets, namely the acquisition planning phase, the procurement phase, the in-life-use phase and the disposal phase of the asset.",LIFE CYCLE MANAGEMENT,"Includes the four phases of procurement and associated costs of owning assets, namely the acquisition planning phase, the procurement phase, the in-life-use phase and the disposal phase of the asset.",true
6331,LIQUIDATED DAMAGES,"Sum that will be paid in case
contractor fails to deliver works
according to client’s specifications.",Liquidated Damages,The penalty a seller must pay if the construction project does not meet contractual standards or deadlines.,false
6338,List Price,"The price of a product or service published in a catalog, advertisement or printed list from which discounts, if any, may be subtracted.",LIST PRICE,"The price of an product or service published in a catalog, advertisement or printed list from which discounts, if any, may be subtracted.",false
6373,Local Content,The use of locally certified inputs by a foreign designated company to produce a need. In a number of countries at least 50% of the inputs must be officially certified local for a product to be formally recognised as local.,LOCAL CONTENT,The use of locally certified inputs by a foreign designated company to produce a need. In a number of countries at least 50% of the inputs must be officially certified local for a product to be formally recognised as local.,true
6375,Local Content Policy (LCPS),"A policy aimed at stimulating long term inclusive socio-economic development to help reduce poverty, increase local value add, industrialisation and local job creation.",LOCAL CONTENT POLICY (LCPS),"A policy aimed at stimulating long term inclusive socio-economic development to help reduce poverty, increase local value add, industrialisation and local job creation.",true
6377,Local Product Content,"Tender price less the value of imported content, expressed as a percentage. Necessary to first compute the imported value of a product to determine the local content of a product.",LOCAL PRODUCT CONTENT,"Tender price less the value of imported content, expressed as a percentage. Necessary to first compute the imported value of a product to determine the local content of a product.",true
6380,Local Touch,"The intangible service elements that suppliers often provide during the performance of their work, but that are seldom recognized or incorporated in the written contract documents.",LOCAL TOUCH,"The intangible service elements that suppliers often provide during the performance of their work, but that are seldom recognized or incorporated in the written contract documents.",true
6476,Lowest Responsible Vendor,"The vendor with the lowest price whose past performance, reputation and financial capability is deemed acceptable.",LOWEST RESPONSIBLE VENDOR,"The vendor with the lowest price whose past performance, reputation and financial capability is deemed acceptable.",true
6551,MACROECONOMIC RESEARCH,"This refers to the general economic
and business environment. It focuses
on factors that can influence the future
balance between supply and demand.
Make to order (MTO) Only raw materials
and components are kept in stock. Every
customer order is a specific project.
Examples are the manufacture of cans
and basic construction materials.",Macroeconomic Research,This refers to the general economic and business environment. It focuses on factors that can influence the future balance between supply and demand.,false
6577,MAKE OR BUY,"The process of making a choice between
producing a product oneself or buying it.",Make or Buy,The process of making a choice between producing a product oneself or buying it.,false
6596,Managed Spend,Spend that has been through a strategic sourcing review and is being bought on contract.,MANAGED SPEND,Spend that has been through a strategic sourcing review and is being bought on contract.,true
6602,Mandated Investment,"Any investment made by or through any third party regulated by legislation on behalf of the actual owner of the funds, pursuant to a mandate given by the owner of the funds, pursuant to a mandate given by the owner to a third party, which mandate is governed by that legislation.",MANDATED INVESTMENT,"Any investment made by or through any third party regulated by legislation on behalf of the actual owner of the funds, pursuant to a mandate given by the owner of the funds, pursuant to a mandate given by the owner to a third party, which mandate is governed by that legislation.",true
6604,Mandatory,"Obligatory, required by order, a provision that may not be waived.",MANDATORY,"Obligatory, required by order, a provision that may not be waived.",true
6607,Mandatory Requirements (Conditions),May apply to RFP's and IFB's and are conditions set out in the specifications/statement of work that must be met without alteration. Mandatory requirements should be clearly identified. Not meeting mandatory requirements may be grounds for disqualification.,MANDATORY REQUIREMENTS (CONDITIONS),May apply to RFP’s and IFB’s and are conditions set out in the specifications/statement of work that must be met without alteration. Mandatory requirements should be clearly identified. Not meeting mandatory requirements may be grounds for disqualification.,false
6631,Margin Of Preference,Entitles a procuring entity to select a submission from a local supplier as the successful supplier when the difference in price (or price when combined with quality scores) between that submission and the overall lowest-priced or most advantageous submission falls within the stipulated preferential range as designated by,MARGIN OF PREFERENCE,Entitles a procuring entity to select a submission from a local supplier as the successful supplier when the difference in price (or price when combined with quality scores) between that submission and the overall lowest-priced or most advantageous submission falls within the stipulated preferential range as designated by the relevant government department.,false
6647,Mark-Up,"Term used to describe the ratio of the Gross Margin Dollars of an item divided by the Cost of the item. Many people use the terms Margin & Mark- up as though they mean the same thing but they are very different. One of the main differences: Mark-up %, being based on cost, is seldom realized due to shrinkage, while Margin %, being based on actual sales, represents what has actually been achieved. In some instances it is beneficial to know how to convert mark- up to margin, and vice versa.",MARK-UP,"Term used to describe the ratio of the Gross Margin Dollars of an item divided by the Cost of the item. Many people use the terms Margin & Markup as though they mean the same thing but they are very different. One of the main differences: Mark-up %, being based on cost, is seldom realized due to shrinkage, while Margin %, being based on actual sales, represents what has actually been achieved. In some instances it is beneficial to know how to convert markup to margin, and vice versa.",false
6657,MARKET STRUCTURE,"Defined in this book as the total set of
conditions in which a company sells
its products, with special attention to
the number of parties in the market and nature of the product traded.
Mark-up pricing The most common
way of setting a price is by adding
a fixed percentage mark-up to the
cost price (cost-based pricing).",Market Structure,"The total set of conditions in which a company sells its products, with special attention to the number of parties in the market and the nature of the product being traded.",false
6690,MATERIAL,"(1)Term commonly used by warehouse
environments to refer to equipment,
apparatus and supplies used by an
organisation or institution. (2) A
substance from which something
is made or can be made such as
building materials,  paper, plastic,
or other materials. (3) A substance
that has a particular quality such
as a sticky material, explosive
materials, genetic material.",Material,"1. The raw materials and purchased components used in the production of other items. 2. The classification of any lower level item, whether purchased or manufactured. A sub-assembly that has material, labour, and overhead content may be considered strictly as material in the context of being used in an upper level item.",false
6702,Material Substitutions,"An example of ""second level cost savings"" achieved by identifying and qualifying acceptable material alternatives that meet specification requirements but cost less than existing materials.",MATERIAL SUBSTITUTIONS,An example of “second level cost savings” achieved by identifying and qualifying acceptable material alternatives that meet specification requirements but cost less than existing materials.,false
6711,MATERIALS MANAGEMENT,"A comprehensive integration of
the various supply management
functions within a particular
organisation. May include functions
such as purchasing, storage,
inventory control, material/materiel
forecasting, receiving, transportation,
inspection and quality control. Also
see Supply Chain Management.",Materials Management,"The organisational functions responsible for the planning, sourcing, stocking, and logistics activities of materials used in the internal and external fulfilment of demand.",false
6713,MATERIALS PLANNERS,"Materials planners are responsible
for materials planning and ordering.
Materials planners focus on calling
off the materials required against the
prearranged framework agreements.
Furthermore, they monitor and
control suppliers on their quantity
and delivery performance.",Materials Planners,Responsible for materials planning and ordering.,false
6723,MAVERICK BUYING,"Refers to the situation where someone
within the client organisation
does not buy from the preferred
suppliers with agreed contracts.",Maverick Buying,Refers to the situation where someone within the client organisation does not buy from the preferred suppliers with agreed contracts.,false
6784,Mercosur,"An economic and political agreement between Argentina, Brazil, Paraguay and Uruguay. Its purpose is to promote free trade and the fluid movement of goods, people, and currency. The official languages are Portuguese and Spanish. It has been updated, amended, and changed many times since. It is now a full customs union. Bolivia, Chile, Colombia, Ecuador and Peru currently have associate member status. Venezuela signed a membership agreement on 17 June 2006.",MERCOSUR,"Abbreviation for: Mercado Común del Sur/Customs Union of Brazil, Argentina, Paraguay and Uruguay.",false
6791,MESOECONOMIC RESEARCH,"Research which focuses which
focuses specific sectors of industry.",Mesoeconomic Research,Research which focuses on specific sectors of industry.,false
6825,MICROECONOMIC RESEARCH,"Research which fouses on assessing
strengths and weaknesses of
individual suppliers and products.",Microeconomic Research,Research which focuses on assessing strengths and weaknesses of individual suppliers and products.,false
6863,Minor Irregularity,"A variation from the solicitation that does not affect the price of the contract or does not give a respondent an advantage or benefit not enjoyed by other respondents, or does not adversely impact the",MINOR IRREGULARITY,"A variation from the solicitation that does not affect the price of the contract or does not give a respondent an advantage or benefit not enjoyed by other respondents, or does not adversely impact the interests of the contracting party.",false
6901,Mobile Procurement,"Mobile procurement refers to any business software that allows users to control their procurement processes from any mobile device. With mobile procurement solutions, users can create purchase orders, receive notifications, engage in real-time analysis of their procurement activities and control the entire S2P operation.",MOBILE PROCUREMENT,"Mobile procurement refers to any business software that allows users to control their procurement processes from any mobile device. With mobile procurement solutions, users can create purchase orders, receive notifications, engage in real-time analysis of their procurement activities and control the entire S2P operation.",true
6917,Modified Rebuy,Relates to a situation when the organisation wants to purchase a new product from a known supplier or an existing product from a new supplier.,MODIFIED REBUY,"Relates to a situation when the organisation wants to purchase a new product from a known supplier, or an existing product from a new supplier.",false
6935,MONOPOLY,"(1)  A market situation where there is
one seller and many buyers of a
product or service that has no close
substitution and where the seller
has considerable control over price
because of the lack of competition.",Monopoly,Is characterised by the presence of only one supplier of the product in question.,false
6938,MONOPSONY,"A market in which there
is only one buyer.",Monopsony,In this situation there is only one buyer of the product versus a large number of suppliers.,false
6947,MORAL HAZARD,"Risk that both contractual parties will
primarily pursue their own interest",Moral Hazard,Risk that both contractual parties will primarily pursue their own interest.,false
6951,Most Desirable Outcome (MDO),Best possible outcome from a negotiation,MOST DESIRABLE OUTCOME (MDO),Best possible outcome from a negotiation,true
7031,Multination Business South Africa,Measure entity with a business in the republic of South Africa and elsewhere which maintain its international headquarter outside the Republic.,MULTINATION BUSINESS SOUTH AFRICA,Measure entity with a business in the republic of South Africa and elsewhere which maintain its international headquarter outside the Republic.,true
7038,MULTIPLE SOURCING,A sourcing strategy in which the buying firm shares its business across multiple suppliers.,Multiple Sourcing,A sourcing strategy in which the buying firm shares its business across multiple suppliers.,true
7046,Mutual Assent,The agreement of each party to all the terms and conditions in the same context and with the same meaning.,MUTUAL ASSENT,The agreement of each party to all the terms and conditions in the same context and with the same meaning.,true
7049,Mutuality Of Obligation,"One of the elements of a contract. Both parties to an agreement are obligated, or none of the parties is obligated. Both parties must supply consideration to the other party. It is a sub-element of consideration. There may be more than two parties obligated in an agreement.",MUTUALITY OF OBLIGATION,"One of the elements of a contract. Both parties to an agreement are obligated, or none of the parties is obligated. Both parties must supply consideration to the other party. It is a sub-element of consideration. There may be more than two parties obligated in an agreement.",true
7081,Narrative Evaluations,"A form of performance measurement and feedback that can be used as an alternative or supplement to other evaluation criteria. Narrative evaluations generally consist of several paragraphs of written text about the individual's performance. This type of evaluation can be very subjective based on the use of words, phrases, and tone of writing style.",NARRATIVE EVALUATIONS,"A form of performance measurement and feedback that can be used as an alternative or supplement to other evaluation criteria. Narrative evaluations generally consist of several paragraphs of written text about the individual’s performance. This type of evaluation can be very subjective based on the use of words, phrases, and tone of writing style.",false
7094,National Skills Strategy South Africa,National skills development strategy referred to in section 5(1)(a)(ii) of the skills development Act.,NATIONAL SKILLS STRATEGY SOUTH AFRICA,National skills development strategy referred to in section 5(1)(a)(ii) of the skills development Act.,true
7138,Negotiate,To communicate or confer with another party to reach an agreement or compromise to settle some matter.,NEGOTIATE,To communicate or confer with another party to reach an agreement or compromise to settle some matter.,true
7143,Negotiated Procurement,"A solicitation in which it is not advantageous to set forth all the actual, detailed requirements at the time of solicitation and responses are subject to negotiation. Price must be a factor in the award but not the sole factor.",NEGOTIATED PROCUREMENT,"A solicitation in which it is not advantageous to set forth all the actual, detailed requirements at the time of solicitation and responses are subject to negotiation. Price must be a factor in the award but not the sole factor.",true
7145,NEGOTIATION,"The process in which at least two
parties—with different needs and viewpoints—engage in discussions in
order to try and reach an agreement
on matters of mutual interest.",Negotiation,The process in which at least two partners - with different needs and viewpoints - engage in discussions in order to try and reach an agreement on matters of mutual interest.,false
7147,Negotiation Team,"A group of people, typically including a procurement official, project manager, technical staff, financial analyst, and legal expert who have the essential skills or knowledge necessary to reach a sound agreement. This team can determine: the most appropriate type of contract; terms of the contract; special warranty or delivery provisions; technical and engineering specifications; subcontractors needed, as well as other negotiable goals. The complexity of the negotiation will determine the size of the team. A negotiation team is usually selected for a major acquisition and may include some or all members",NEGOTIATION TEAM,"A group of people, typically including a procurement official, project manager, technical staff, financial analyst, and legal expert who have the essential skills or knowledge necessary to reach a sound agreement. This team can determine: the most appropriate type of contract; terms of the contract; special warranty or delivery provisions; technical and engineering specifications; subcontractors needed, as well as other negotiable goals. The complexity of the negotiation will determine the size of the team. A negotiation team is usually selected for a major acquisition and may include some or all members of the Evaluation Committee.",false
7169,Net Value Date South Africa,"The later occurring of the date of commencement of statement 100 and the date upon which the earliest of all still operative transaction undertaken by the measured entity measured entities in order to achieve black rights of ownership, become effective and unconditional.",NET VALUE DATE SOUTH AFRICA,"The later occurring of the date of commencement of statement 100 and the date upon which the earliest of all still operative transaction undertaken by the measured entity measured entities in order to achieve black rights of ownership, become effective and unconditional.",true
7171,Net Value South Africa,The percentage resulting from the formula in Annexe 100(c) of statement 100.,NET VALUE SOUTH AFRICA,The percentage resulting from the formula in Annexe 100(c) of statement 100.,true
7181,New Entity South Africa,"An early stage business which is similar to a start-up. However, an early stage business is typically 3 years old or less.",NEW ENTITY SOUTH AFRICA,"An early stage business which is similar to a start-up. However, an early stage business is typically 3 years old or less.",true
7236,NON-CORE COMPETENCIES,"Those activities that are conducted
within the company that do
not contribute to sustainable
competitive advantage.",Non-core Competencies,Those activities that are conducted within the company that do not contribute to sustainable competitive advantage.,false
7256,Non-Responsive (BID),A response to a bid or an offer that does not conform to the mandatory or essential requirements contained in the Invitation for Bids (IFB).,NON-RESPONSIVE (BID),A response to a bid or offer that does not conform to the mandatory or essential requirements contained in the Invitation for Bids (IFB).,false
7264,Non-task Variables,Variables that are related to the personalities of the persons involved in the purchase decision-making process.,NON-TASK VARIABLES,Variables that are related to the personalities of the persons involved in the purchase decision-making process.,true
7265,Non-Task Variables,Variables that are related to the personalities of the persons involved in the purchase decision-making process.,NON-TASK VARIABLES,Variables that are related to the personalities of the persons involved in the purchase decision-making process.,true
7268,Non-Waiver Agreement,A written agreement signed by the parties to the agreement that they understand the agreement in its entirety and nothing shall be deemed to constitute a waiver of the agreement.,NON-WAIVER AGREEMENT,A written agreement signed by the parties to the agreement that they understand the agreement in its entirety and nothing shall be deemed to constitute a waiver of the agreement.,true
7276,Norming,The stage of the team development process of establishing team rules and procedures; helps the team find its own uniquely collaborative rhythm.,NORMING,"A term used in group development where interaction changes as members agree on a common goal, assign individual tasks, and define a set of rules and roles to ensure effective and productive team interaction.",false
7284,Not To Exceed (NTE),Used in work orders to denote the maximum billable amount per service call.,NOT TO EXCEED (NTE),Used in work orders to denote the maximum billable amount per service call.,true
7289,Notice Of Award,"A written notification from the public entity to the successful bidder, or offeror stating that there is an award of a contract in accordance with a bid or proposal previously submitted, and that effective with receipt the vendor or contractor shall proceed",NOTICE OF AWARD,"A written notification from the public entity to the successful bidder, or offeror stating that there is an award of a contract in accordance with a bid or proposal previously submitted, and that effective with receipt the vendor or contractor shall proceed with performance; allows work to start while contract is printed and readied for distribution.",false
7291,Notice Of Intent (NOI),"Public notice issued to announce the intended award of an agreement to a certain supplier or service provider without formal competitive sourcing. Any bidder that wishes to participate in this work may object to the award. These types of solicitations are often used if a satisfactory relationship exists with a supplier or service provider and it is not in the organization's best interest to change providers. Organizations should consider the value attached to an alternate firm, stage in the project life cycle, proprietary product, parts or components compatibility, etc. before ending a supplier relationship.",NOTICE OF INTENT (NOI),"Public notice issued to announce the intended award of an agreement to a certain supplier or service provider without formal competitive sourcing. Any bidder that wishes to participate in this work may object to the award. These types of solicitations are often used if a satisfactory relationship exists with a supplier or service provider and it is not in the organisation’s best interest to change providers. Organisations should consider the value attached to an alternate firm, stage in the project life cycle, proprietary product, parts or components compatibility, etc. before ending a supplier relationship.",false
7293,Notice Of Intent To Award,"As a result of a competitive process, a public notice is issued and, in some instances, where local laws allow, a Notice of Intent to Award is issued and award will occur only upon receipt of the specified items. For example: performance securities.",NOTICE OF INTENT TO AWARD,"As a result of a competitive process, a public notice is issued and in some instances, where local laws allow, a Notice of Intent to Award is issued and award will occur only upon receipt of the specified items. For example: performance securities.",false
7295,Notice Of Proposed Procurement,A general opportunity available to suppliers to provide specified products or services. Also referred to as a Notice of Bidding Request.,NOTICE OF PROPOSED PROCUREMENT,A general opportunity available to suppliers to provide specified products or services. Also referred to as a Notice of Bidding Request.,true
7297,Notice To Proceed (NTP),"A notice issued to the successful bidder advising them that it is the government's intent to award a contract. In construction contracting, it is common practice to require completion of performance in a specified number of days after issuance of the notice to proceed.",NOTICE TO PROCEED (NTP),"A notice issued to the successful bidder advising them that it is the government’s intent to award a contract. In construction contracting, it is common practice to require completion of performance in a specified number of days after issuance of the notice to proceed.",false
7301,Novation,An agreement where a contracting party accepts a new party in place of the prior party (relieving the prior party of any further obligations).,NOVATION,An agreement where a contracting party accepts a new party in place of the prior party (relieving the prior party of any further obligations).,true
7303,Novation Agreement,"A legal document executed by the original parties to a contract and a successor to whom interest in the contract has been transferred by one of the parties, which transfers all obligations and rights under the contract to the successor.",NOVATION AGREEMENT,"A legal document executed by the original parties to a contract and a successor to whom interest in the contract has been transferred by one of the parties, which transfers all obligations and rights under the contract to the successor.",true
7310,NPR Buyers,These buyers responsible for buying and non-product- related goods and services.,NPR BUYERS,These buyers responsible for buying and non-productrelated goods and services.,false
7365,Objects Of Procurement,"A term used for any one of the categories of goods, works or services or any mixture thereof. In case of a mixture the category for classification is that to which the majority of the value belongs.",OBJECTS OF PROCUREMENT,"A term used for any one of the categories of goods, works or services or any mixture thereof. In case of a mixture the category for classification is that to which the majority of the value belongs.",true
7368,Obligation,"A legal requirement for the disbursement of funds as a result of orders placed, contracts awarded, supplies, services, or construction received, or other contractual activity.",OBLIGATION,"A legal requirement for the disbursement of funds as a result of orders placed, contracts awarded, supplies, services, or construction received, or other contractual activity.",true
7402,Off-Contract Purchase,When permission/waiver is granted to vendor that can provide the identical contract item at a lower price.,OFF-CONTRACT PURCHASE,When permission/waiver is granted to vendor that can provide the identical contract item at a lower price.,true
7405,Offer,"An expression of willingness to contract on certain terms, made with the intention that it shall become binding as soon as it is accepted by the person to whom it is addressed'. Typically suppliers make offers in the form of bids, quotations or tenders, which may then be accepted by the buyer. The offer defines the terms upon which the supplier is willing to be bound, which normally include price, date of delivery, payment terms and a description of the category. One of the essential prerequisites for the formation of a contract is the existence of an offer. Offer, Tender, Submission A generic term for bids, quotations and proposals, received from a Supplier in response to Solicitation Documents.",OFFER,"An expression of willingness to contract on certain terms, made with the intention that it shall become binding as soon as it is accepted by the person to whom it is addressed’. Typically suppliers make offers in the form of bids, quotations or tenders, which may then be accepted by the buyer. The offer defines the terms upon which the supplier is willing to be bound, which normally include price, date of delivery, payment terms and a description of the category. One of the essential prerequisites for the formation of a contract is the existence of an offer.",false
7408,Offeree,The person/entity to whom an offer is made usually in response to a Request for Proposal (RFP).,OFFEREE,The person/entity to whom an offer is made usually in response to a Request for Proposal (RFP).,true
7411,Offeror,The person/entity who submits a proposal in response to a Request for Proposals (RFP). One who makes an offer in response to a solicitation.,OFFEROR,The person/entity who submits a proposal in response to a Request for Proposals (RFP). One who makes an offer in response to a solicitation.,true
7436,OLIGOPOLY,"An oligopoly is a market type
characterised by a limited
number of suppliers and a limited
product differentiation.",Oligopoly,An oligopoly is a market type characterised by a limited number of suppliers and a limited product differentiation.,false
7438,OLIGOPSONY,"This is the oligopoly situation in
reverse: there are only a few buyers
and a large number of suppliers.",Oligopsony,This is the oligopoly situation in reverse: there are only a few buyers and a large number of suppliers.,false
7455,On Time Shipping Rate,"The percentage of items, SKUs or order value that arrives on or before the requested ship date. (Number of On Time Items / Total Items) * 100. The on time shipping rate is key to customer satisfaction. A high rate indicates an efficient supply chain.",ON TIME SHIPPING RATE,"The percentage of items, SKUs or order value that arrives on or before the requested ship date. (Number of On Time Items / Total Items) * 100. The on time shipping rate is key to customer satisfaction. A high rate indicates an efficient supply chain.",true
7483,OPEN INNOVATION,"Purpose of open innovation is
to create close collaboration on
research and development, new
product design and development and
market introduction with parties that
would share the company's business
interests in such collaboration.",Open Innovation,"The purpose of open innovation is to create close collaboration on research and development, new product design, and development, and market introduction with parties that would share the company’s business interests in such collaboration.",false
7494,OPEN TO BUY,"A control technique used in aggregate
inventory management in which
permissions to buy  are made
without being committed to specific
suppliers. These authorisations are
often reviewed by management using
such measures as commodity in monetary terms, and by time period.",Open to Buy,"A control technique used in aggregate inventory management in which authorisations to purchase are made without being committed to specific suppliers. These authorisations are often reviewed by management using such measures as commodity in dollars, and by time period.",false
7495,Open To Buy,"A control technique used in aggregate inventory management in which permissions to buy are made without being committed to specific suppliers. These authorisations are often reviewed by management using such measures as commodity in monetary terms, and by time period.",Open to Buy,"A control technique used in aggregate inventory management in which authorisations to purchase are made without being committed to specific suppliers. These authorisations are often reviewed by management using such measures as commodity in dollars, and by time period.",false
7514,Operations And Supply Chain Strategy,A functional strategy that indicates how structural and infrastructural elements within the operations and supply chain areas will be acquired and developed to support the overall business strategy.,Operations and Supply Chain Strategy,A functional strategy that indicates how structural and infrastructural elements within the operations and supply chain areas will be acquired and developed to support the overall business strategy.,true
7517,OPERATIONS MANAGEMENT,"The activities, decisions and
responsibilities of managing the set of
activities that results in the delivery
of a tangible or intangible product.",Operations Management,"The activities, decisions and responsibilities of managing the production and delivery of products and services.",false
7521,OPERATIONS STRATEGY,"The guiding principles relating
to managing operations.",Operations Strategy,The overall direction and contribution of the operation’s function with the business; the way in which market requirements and operations resource capabilities are reconciled within the operation.,false
7524,Opportunity Analysis,The process of identifying means to capture value through sourcing. Facilitates sourcing process,OPPORTUNITY ANALYSIS,"The process of identifying means to capture value through sourcing. Facilitates sourcing process improvements and highlights possible savings opportunities. Opportunity analysis generally involves analysis of the organisation’s requirements, suppliers, spend and existing sourcing methods.",false
7537,OPTION,"An obligation in a contract, by means
of which, for a specified time, the buyer
may elect to exercise a right such
as to procure additional supplies or
services called for in the contract, or
to extend the term of the contract.",Option,"An available choice within a feature category, as in the ten colours of paint offered for a given car model. The combination of options selected for a given order determines the end item configuration and sometimes changes its final price or standard cost. Often used in assemble-to-order (ATO) environments.",false
7539,Option To Extend/Renew,A provision (or exercise of a provision) which allows a continuance of the contract for an additional time according to permissible contractual conditions.,OPTION TO EXTEND/RENEW,A provision (or exercise of a provision) which allows a continuance of the contract for an additional time according to permissible contractual conditions.,true
7541,OPTIONAL PRICES,"Prices for future spare parts and
services after delivery of the work.",Optional Prices,Prices for future deliveries of spare parts and services after delivery of the work.,false
7554,ORDER BOOK,"A database maintained by purchasers
to record historical purchasing
data, ""Stock To"" levels, and other
information pertaining to each
item in a given department.",Order Book,"A listing of open (unshipped) customer orders, normally time-phased and valued at actual individual order prices, which may include margin and profitability analysis.",false
7563,ORDER MANAGEMENT,"The planning, directing, monitoring,
and controlling of processes related
to customer orders, manufacturing
orders, and purchase orders. Order
management includes order entry,
picking, packing, shipping, and billing.",Order Management,"The planning, directing, monitoring, and controlling of processes related to customer orders, manufacturing orders, and purchase orders. Order management includes order entry, picking, packing, shipping, and billing.",false
7574,Order Profile,"Data describing the characteristics of inbound, outbound, or internal orders (outbound is most common). Examples of characteristics incorporated into an order profile could include: line items per order, pieces per order, weight per order, cube per order, time of day, destination, shipment method, order type, etc. Characteristics are often broken into logical groups such as breaking line items per order into groups of items.",ORDER PROFILE,"Data describing the characteristics of inbound, outbound, or internal orders (outbound is most common). Examples of characteristics incorporated into an order profile could include: line items per order, pieces per order, weight per order, cube per order, time of day, destination, shipment method, order type, etc. Characteristics are often broken into logical groups such as breaking line items per order into groups of items.",true
7585,Order-To-Pay,"Solutions systems that are used to ordering process, ranging from requisitioning, to ordering, supplier delivery and payment.",ORDER-TO-PAY,"Solutions systems that are used to ordering process, ranging from requisitioning, to ordering, supplier delivery and payment.",true
7587,ORDERING,"Refers to the placing of purchase orders at a supplier against previously arranged conditions or when orders are placed directly at the supplier, without questioning the supplier’s conditions.",Ordering,"Refers to the placing of purchase orders at a supplier against previously arranged conditions or when orders are placed directly at the supplier, without questioning the supplier’s conditions.",true
7595,Organ Of State South Africa,"a. A national or provincial department as defined in the South African public finance management Act no 1 of 1999. b. A municipality as contemplated in the constitution; c. Parliament; A provincial legislation, and d. Any other institution or category of institution included in the defined or ""organ of state"" in",ORGAN OF STATE SOUTH AFRICA,"A national or provincial department as defined in the South African public finance management Act no 1 of 1999. A municipality as contemplated in the constitution; Parliament; A provincial legislation, and Any other institution or category of institution included in the defined or “organ of state” in section 239 of the constitution and recognised by the minister by notice in the Government Gazette as an institution or category of institution to which this Act applies.",false
7640,Outcome-Oriented Contract,Specification of desired outcomes of contractor work.,OUTCOME-ORIENTED CONTRACT,Specification of desired outcomes of contractor work.,true
7647,OUTPUT,"Relates to the functionality of the
service instead of the activity itself.",Output,The result generated by a process that transforms an input.,false
7652,OUTSOURCING,"The ongoing use of an external third
party instead of an internal resource
which may include production of
a single operation, a product or
an entire line, shipping and order
fulfilment, product design, network
infrastructure support, or many other
functions. Outsourced functions are
normally outside an organisation’s core
competencies and are done to reduce
cost, reduce lead time, improve quality,
or achieve some other stated goal.",Outsourcing,The ongoing use of an external third party instead of an internal resource to perform various functions.,false
7655,"OUTSOURCING, PARTIAL","Partial outsourcing refers to the case
in which only a part of an integrated
function is outsourced. The co-
ordination of the function and activities
still lies with the client (the buyer).","Outsourcing, Partial",When only part of an integrated function is outsourced while coordination remains with the client.,false
7658,"OUTSOURCING, TURNKEY","Turnkey outsourcing applies when
the responsibility for the execution of
the entire outsourced function (or set
of outsourced activities) lies with the
external provider. This includes not only
the execution of the activities, but also
the co-ordination of these activities.OVERSPECIFYING
A situation in which technical
requirements are imposed on
suppliers which are not necessary
for the functionality of the product.","Outsourcing, Turnkey",When an external provider takes full responsibility for the execution and coordination of outsourced activities.,false
7723,Packing List,"List showing the number and kinds of items being shipped, as well as other information needed for transportation purposes as well as types of packaging.",PACKING LIST,"A document which itemizes in
detail the contents of a particular
package or shipment.",false
7793,PARTIAL OUTSOURCING,"Partial outsourcing refers to the case
in which only a part of an integrated
function is outsourced. The co-
ordination of the function and activities
still lies with the client (the buyer).",Partial Outsourcing,Partial outsourcing refers to the case in which only a part of an integrated function is outsourced. The coordination of the function and activities still lies with the client (the buyer).,false
7797,PARTNER,"Partner is a label applied to suppliers
with whom the buying organisation
enjoys a longer term and cooperative
relationship. It is part of a classification
of potential buyer-supplier
relationships, and represents a type of
relationship in which both parties work
to reduce waste, reduce cycle time,
and create joint profit and other forms
of value. The creation of joint working
teams and the adoption of common
work practices are linked to longer term
relationships, in which both parties
forego opportunism, and work towards
longer-term goals. Such relationships
are; however, time consuming to
create and resource hungry.",Partner,"A (supplier) partner is defined as a firm with whom your company has an ongoing buyer-seller relationship, involving a commitment over an extended period, a mutual sharing of information and a sharing of risks and rewards resulting from the relationship.",false
7799,Partnering,"Partnering refers to the process of developing a relationship to one in which both parties are prepared to work cooperatively. It requires selecting the potential partner and facilitating changes in behaviour, such as the replacement of competition with cooperation and the development of trust. If the parties have been used to claiming value from each other in win-lose negotiations, partnering implies creating and sharing that value. Partnering also describes the creation of a culture where the seller is open about their costs, and the buyer declines to behave opportunistically.",PARTNERING,"Partnering refers to the process of developing a relationship to one in which both parties are prepared to work cooperatively. It requires selecting the potential partner and facilitating changes in behavior, such as the replacement of competition with cooperation and the development of trust. If the parties have been used to claiming value from each other in win-lose negotiations, partnering implies creating and sharing that value. Partnering also describes the creation of a culture where the seller is open about their costs, and the buyer declines to behave opportunistically.",false
7801,PARTNERSHIP,"Partnership is a label given to a
relationship in which the parties
forego short-term opportunism and
demonstrate a longer-term commitment
to jointly strive for lower costs and the
creation of new ways of working together
to improve joint competitiveness. In
a partnership, senior managers from
both organisations will meet to align
longer term planning and goals, and
commission joint teams to work across
organisational boundaries to align
systems, processes and behaviors.",Partnership,"A formal, long-term relationship between organisations, which involves a mutual sharing of information, risks, and rewards.",false
7836,PAYMENT TERMS,"The conditions under which a seller will
complete a sale. Typically, these terms
specify the period allowed to a buyer to
pay off the amount due, and may demand
cash in advance, cash on delivery, a
deferred payment period of 30 days
or more, or other similar provisions.",Payment Terms,"Payment terms relate to what, how, and when the buyer will pay for the products and services delivered by the supplier.",false
7865,Penalty Clause,That part of the contract which will stipulate what will happen if a supplier does not meet its obligations.,PENALTY CLAUSE,The part of the contract which will stipulate what will happen if a supplier does not meet its obligations.,false
7871,PER DIEM,By the day.,Per Diem,"A charge, based on a fixed daily rate.",false
7873,PERCEIVED VALUE PRICING,"A general rule in marketing is that you
do not base your selling price on the cost
price of the product, but rather on what the market can bear. In this reasoning,
the price that the buyer is willing to
pay is related primarily to the value it
attaches to the product. This pricing
method is often used for consumer
products (well-known branded articles).",Perceived Value Pricing,"A general rule in marketing is that you do not base your selling price on the cost price of the product, but rather on what the market can bear. In this reasoning, the price that the buyer is willing to pay is related primarily to the value it attaches to the product. This pricing method is often used for consumer products (well-known branded articles).",false
7880,Perfect Order Measurement,The percentage of orders that are error-free. total orders—error orders) / total orders) * 100,PERFECT ORDER MEASUREMENT,The percentage of orders that are error-free. total orders – error orders) / total orders) * 100,false
7883,Performance Assessment Plan (PAP),"A key element of successful contract administration. It provides specific information on how the Contract Administration Team will observe and evaluate performance according to the standard required in the contract. PAP includes information on how the ""evaluators"" will observe, survey, sample, test, evaluate and document supplier performance.",PERFORMANCE ASSESSMENT PLAN (PAP),"A key element of successful contract administration. It provides specific information on how the Contract Administration Team will observe and evaluate performance according to the standard required in the contract. PAP includes information on how the “evaluators” will observe, survey, sample, test, evaluate and document supplier performance.",false
7888,PERFORMANCE BOND,"Written guarantee form a
third party Guarantor.",Performance Bond,Written guarantee from a third-party guarantor.,false
7891,PERFORMANCE GUARANTEE,"Contractor guarantees, the actual output
or outcome of the work to be delivered.",Performance Guarantee,Contractor guarantees the actual output or outcome of the work to be delivered.,false
7894,PERFORMANCE MEASUREMENT,"GROUP (PMG) (2002)
Signals of Peformance achieving
delivery performance: Linking strat -
egy capabilities, and results (Vol.
3, No. 4). Waltham, MA: The Per -
formance Management Group.",Performance Measurement,The activity of measuring and assessing the various aspects of a process or whole operation’s performance.,false
7899,PERFORMANCE PRICING,"A pricing model that offers greater
discounts for heavier shipments and/or
shipments traveling greater distances.",Performance Pricing,A pricing model that offers greater discounts for heavier shipments and/or shipments traveling greater distances.,false
7902,PERFORMANCE RISK,"This type of risk relates to the chance
that the supplier is not capable of
doing the job it was hired for.",Performance Risk,This type of risk relates to the chance that the supplier is not capable of doing the job it was hired for.,false
7935,PFMA South Africa,Public finance management south African Act 1 of 1999 as amended.,PFMA SOUTH AFRICA,"Public finance management south
African Act 1 of 1999 as amended.
The length of time into the future
planning systems generate
requirements and messages. The
horizon should be at least as far out
as the single longest cumulative lead
time for any item in the system.",false
8028,Planning Horizon,The length of time into the future planning systems generate requirements and messages. The horizon should be at least as far out as the single longest cumulative lead time for any item in the system.,PLANNING HORIZON,The length of time into the future planning systems generate requirements and messages. The horizon should be at least as far out as the single longest cumulative lead time for any item in the system.,true
8143,Preclusive Specification,Specifications which are so restrictive as to limit or exclude competition.,PRECLUSIVE SPECIFICATION,Specifications which are so restrictive as to limit or exclude competition.,true
8145,Predatory Pricing,"Temporary price reductions designed to alter market shares or drive out competition. 2. An aggressive pricing strategy of setting the prices low to a point where the offering is not even profitable, just in an attempt to eliminate the competition and get the most market share.",PREDATORY PRICING,Temporary price reductions designed to alter market shares or drive out competition.,false
8154,Preferential Procurement Policy,A procurement policy framework aimed at given preferential treatment to subjects of a country to help address economic in balances plus also stimulate sectorial growth.,PREFERENTIAL PROCUREMENT POLICY,A procurement policy framework aimed at given preferential treatment to subjects of a country to help address economic in balances plus also stimulate sectorial growth.,true
8157,PREFERRED SUPPLIER,"A supplier that has demonstrated its
performance capabilities through
previous purchase contracts and
therefore receives preference during
the supplier selection process.",Preferred Supplier,"A supplier with a proven performance track record, given preference during supplier selection.",false
8166,Prequalification Of Vendors,"Represents the process of screening of potential vendors in which considers factors such as financial capability, reputation, and management when developing a list of qualified vendors.",PREQUALIFICATION OF VENDORS,"Represents the process of screening of potential vendors in which considers factors such as financial capability, reputation, and management when developing a list of qualified vendors.",true
8172,PRESOURCING,"The process of preapproving suppliers
for specific commodities or parts.",Presourcing,The process of preapproving suppliers for specific commodities or parts.,false
8181,PRICE,"Monetary value place on an item
be it tangible or intangible.",Price,The amount paid to suppliers.,false
8185,Price Adjustment Clause,"A clause in a contract allowing for adjustment in price in accordance with circumstances arising during the term of the contract. A provision that must be included in contracts requiring contractor certification of cost and pricing data stating that price, including profit or fee, shall be adjusted to exclude any significant sums by which the jurisdiction finds the price was increased because the contractor- furnished cost or pricing data was inaccurate, incomplete, or not current.",PRICE ADJUSTMENT CLAUSE,"A clause in a contract allowing for adjustment in price in accordance
with circumstances arising during
the term of the contract. A provision
that must be included in contracts
requiring contractor certification of
cost and pricing data stating that price,
including profit or fee, shall be adjusted
to exclude any significant sums by
which the jurisdiction finds the price
was increased because the contractor-
furnished cost or pricing data was
inaccurate, incomplete, or not current.",false
8187,Price Agreement,A contractual agreement in which an acquirer contracts with a vendor to provide the acquirer' requirements,PRICE AGREEMENT,"A contractual agreement in which an acquirier contracts with a vendor to provide the acquirer’ requirements at a predetermined price. Usually involves a minimum number of units, orders placed directly with the vendor by the purchase, and limited duration of the contract.",false
8190,PRICE CHANGE CLAUSE,"An index that is agreed between buyer
and seller to accommodate for price
changes of the supplier's cost structure.",Price Change Clause,An index agreed between buyer and seller to account for price fluctuations in the supplier’s cost structure.,false
8195,PRICE ELASTICITY,"Extent to which price per unit changes
with the volume that is purchased.",Price Elasticity,The extent to which the unit price changes with the volume purchased.,false
8197,Price Fixing,Agreement among competing vendors to sell at the same price.,PRICE FIXING,Agreement among competing vendors to sell at the same price.,true
8201,Price Skimming,Charging the highest possible price that buyers who want the product will pay. 2.A strategy of setting a relatively high introductory price of the product when the product is new and unique and the market has fewer competitors. The idea is to maximize the profits on early adopters before competitors enter the market and make the product more price sensitive.,PRICE SKIMMING,Charging the highest possible price that buyers who want the product will pay.,false
8204,"PRICING, COMPETITIVE","The price paid for a product is
based upon competitive tendering
among a number of preselected
suppliers. E-auctions or other formal
tendering vehicles may be used.","Pricing, Competitive","Pricing based on competitive tendering among preselected suppliers, often using e-auctions or formal tendering processes.",false
8206,"PRICING, COST-BASED","The leaning supplier’s sale price is
255Glossary  | Pricing, Going Rate
| Some Useful Strategic Sourcing Related Terms
derived directly from its cost price;
what most systems boil down to
is that a particular profit margin
is added to all costs, including the
costs of sales (mark-up pricing).","Pricing, Cost-based","Supplier’s sales price is derived from its cost price by adding a profit margin, including sales costs (mark-up pricing).",false
8208,"PRICING, GOING RATE","In going rate pricing, the firm bases its
price largely on competitor prices.","Pricing, Going Rate",Pricing largely based on competitor prices.,false
8210,"PRICING, MARK-UP","The price of the product is
determined on the market, and is
generated exclusively by market
circumstances such as demand,
supply, stock positions, the economic
situation and political factors.","Pricing, Mark-up",The most common way of setting a price is by adding a fixed percentage mark-up to the cost price (cost-based pricing).,false
8213,"PRICING, PERCEIVED VALUE","A general rule in marketing is that you
do not base your selling price on the cost
price of the product, but rather on what
the market can bear. In this reasoning,
the price that the buyer is willing to
pay is related primarily to the value it
attaches to the product. This pricing
method is often used for consumer
products (well-known branded articles).","Pricing, Perceived Value","A general rule in marketing is that you do not base your selling price on the cost price of the product but rather on what the market can bear. In this reasoning, the price that the buyer is willing to pay is related primarily to the value they attach to the product.",false
8215,"PRICING, TARGET RETURN","In this situation the price is based on the
amount of profit that should be realized.
Based on the fixed and variable costs
and the expected selling price, the
required sales volume is calculated.","Pricing, Target Return","In this situation, the price is based on the amount of profit that should be realized. Based on the fixed and variable costs and the expected selling price, the required sales volume is calculated.",false
8217,"PRICING, VALUE","Here, the company tries to win
customers by charging them fairly
low prices for high-quality offerings.
Value pricing is not a matter of simply
setting lower prices. It is a matter of re-
engineering the company's operations
to become a low-cost producer without
sacrificing quality, and lowering prices
significantly to attract a large number
of value-conscious customers.PRIMARY ACTIVITIES
Primary activities are those activities
that are required to offer the company's
value proposition to its customers. They
consist of inbound logistics, operations,
outbound logistics, marketing and
sales and customer service activities.","Pricing, Value","The company tries to win customers by charging them fairly low prices for high-quality offerings. Value pricing is not just setting lower prices but re-engineering operations to be a low-cost producer without sacrificing quality, attracting value-conscious customers.",false
8226,Prime Vendor Contract,A contract that establishes a single vendor or multiple vendors as the source for a broad range of goods a given commodity and sector.,PRIME VENDOR CONTRACT,A contract that establishes a single vendor or multiple vendors as the source for a broad range of goods and/or services associated with a given commodity and sector.,false
8228,PRINCIPAL,"Provides the assignment to the
supplier or service provider. Principal
is equivalent to customer or buyer.",Principal,Provides the assignment to the supplier or service provider. Equivalent to customer or buyer.,false
8234,Priority Skills South Africa,"Core critical and scarce skills as well as any skills specifically identified: a. In a sector Skills plan issued by the Department of Labour of the republic of South Africa, b. National Skills Development Strategy, c. New growth path; and d. National Development plan.",PRIORITY SKILLS SOUTH AFRICA,"Core critical and scarce skills as well as any skills specifically indentified: In a sector Skills plan issued by the Department of Labour of the republic of South Africa, National Skills Development Strategy III, New growth path; and National Development plan remove.",false
8243,PRIVATISATION,"Disposal by a government or a public
sector entity to the private sector.",Privatisation,Outsourcing by a government or a public agency.,false
8245,Privity Of Contract,"• A legal doctrine that holds that a business contract, along with any other type of contract, may not confer rights or impose obligations to any person or agent except for the specific parties",PRIVITY OF CONTRACT,The direct contractual relationship existing between parties that allows either party to enforce contractual rights against the other and seek remedy directly from the other party with whom the relationship exists.,false
8251,PRO FORMA INVOICE,"An abridged or estimated invoice sent by a seller to a buyer in advance of a shipment or delivery of goods. It notes the kind and quantity of goods, their value, and other important information such as weight and transportation charges. Pro forma invoices are commonly used as preliminary invoices with a quotation, or for customs purposes in importation. They differ from a normal invoice in not being a demand or request for payment.",Pro Forma Invoice,"An invoice provided by a supplier before shipment, informing the buyer of the kinds and quantities of goods, their value, and specifications (weight, size, etc.).",false
8261,PROCESS,"The written and unwritten procedures
that occur daily in the fulfillment
of facility requirements.
The process audit is a systematic
investigation of the extent to which
the (technical) processes are
capable of meeting the established
standards in a predictable way.",Process,"1. The transformation of an input or set of inputs into a form with different characteristics (e.g., value, physical attributes). 2. The environment, methods, and resources used for a specific task or activity.",false
8295,Procure To Pay,Procure to pay process covers activities performed to obtain and manage materials required for manufacturing a product or providing a service. It involves the transactional flow of data with the supplier from the point of order right up to the point of fulfilment of the actual order and payment for the product or service.,PROCURE TO PAY,Procure to pay process covers activities performed to obtain and manage materials required for manufacturing a product or providing a service. It involves the transactional flow of data with the supplier from the point of order right up to the point of fulfilment of the actual order and payment for the product or service.,true
8297,PROCUREMENT,"One of the elements within supply chain
management that primarily focuses
on the acquisitive aspects of a need.",Procurement,The element within supply chain management focused on sourcing and purchasing goods and services.,false
8301,Procurement Cards (P-Cards),The use of credit cards to help manage and control small expenditures with many suppliers.,PROCUREMENT CARDS (P-CARDS),The use of credit cards to help manage and control small expenditures with many suppliers..,false
8307,Procurement-Restricted Procedure,"Procedure acknowledges two distinct stages: the stage of selecting suppliers that are interested, and the stage in which the preselected suppliers are invited for tender. This procedure is also referred to as the procedure with pre-selection.",PROCUREMENT-RESTRICTED PROCEDURE,"Procedure acknowledges two distinct stages: the stage of selecting suppliers that are interested, and the stage in which the preselected suppliers are invited for tender. This procedure is also referred to as the procedure with pre-selection.",true
8314,PRODUCT AUDIT,"The product audit provides an image
of the degree to which a company
succeeds in making everything
run perfectly, i.e. according to
the standards and requirements
established by the company itself.PRODUCTS BOTTLENECK
These items represent a relatively
limited value in terms of money but
they are vulnerable with regard
to their supply. They can only be
obtained from one supplier.",Product Audit,"Provides an image of the degree to which a company succeeds in making everything run perfectly, according to its own standards and requirements.",false
8326,Product Families,A means of grouping similar product or service purchases into logical categories based,PRODUCT FAMILIES,A means of grouping similar product or service purchases into logical categories based on how those purchases help an organisation accomplish its strategic goals and objectives.,false
8360,PRODUCTIVITY,"An overall measure based on a
quantity of output generated by a
given quantity of input. Increased
output as a result of the same amount
of input—such as labour hours—
indicates more efficient use of a
given set of resources due to process
improvements or other achievements.",Productivity,An overall measure based on a quantity of output generated by a given quantity of input. Increased output as a result of the same amount of input—such as labor hours—indicates more efficient use of a given set of resources due to process improvements or other achievements.,false
8364,Products Bottleneck,These items represent a relatively limited value in terms of money but they are vulnerable with regard to their supply. They can only be obtained from one supplier.,PRODUCTS BOTTLENECK,These items represent a relatively limited value in terms of money but they are vulnerable with regard to their supply. They can only be obtained from one supplier.,true
8367,"PRODUCTS, LEVERAGE","In general, are the products that can be obtained from various suppliers at standard quality grades. They represent a relatively large share of the end product's cost price and are bought at large volumes economic and business environment. It focuses on factors that can influence the future balance between supply and demand.","Products, Leverage",Products that can be obtained from various suppliers at standard quality grades. They represent a relatively large share of the end product’s cost price and are bought in volume.,false
8369,"PRODUCTS, ROUTINE",These products produce few technical or commercial problems from a purchasing point of view. They usually have a small value per item and there are many alternative suppliers.,"Products, Routine",Products that produce few technical or commercial problems from a purchasing point of view. They usually have a small value per item.,false
8371,"Products, Strategic","High-tech, high-volume products, which are often supplied at customer specification.","PRODUCTS, STRATEGIC","These are high-tech, high-volume products, which are often supplied at customer specification.",false
8397,PROJECT MANAGEMENT,"INSTITUTE, INC . (PMI) (2000)
A guide to the project manage -
ment body of knowledge (PMBOK
guide) Newtown Square, PA: Pro -
ject Management Institute, Inc.",Project Management,"The methods and disciplines used to define goals, plan and monitor tasks and resources, identify and resolve issues, and control costs and budgets for a specific project.",false
8402,PROJECT TEAM,"The dedicated or part-time resources
assigned to a project, which include
the project leader, functional team
leaders, and functional team.",Project Team,"The dedicated or part-time resources assigned to a project, including the project leader, functional team leaders, functional team members, technical and consulting support. Ad-hoc team members may be brought in temporarily to solve specific issues.",false
8413,PROMOTIONAL DISCOUNT,"This discount is provided to temporarily
stimulate the sale of a product, or, if it
concerns a new product. to lower the
entry barrier (special offer discount).PROTEST
A challenge to the award or
proposed award of a contract for
procurement of goods and services
or a challenge to the terms of a
solicitation for such a contract.",Promotional Discount,A temporary discount used to stimulate product sales or lower entry barriers for new products.,false
8422,Proposal (VECP),"Submitted by the contractor for review as to its Value Engineering (VE) applicability. If accepted by the government, normally the contractor is compensated for saving the government money.",PROPOSAL (VECP),"Submitted by the contractor for
review as to its Value Engineering",false
8430,Protest,A challenge to the award or proposed award of a contract for procurement of goods and services or a challenge to the terms of a solicitation for such a contract.,PROTEST,A challenge to the award or proposed award of a contract for procurement of goods and services or a challenge to the terms of a solicitation for such a contract.,true
8460,Public Good,A product or service that is provided for the benefit of many normally at a cost recovery price and not necessarily for profit.,PUBLIC GOOD,A product or service that is provided for the benefit of many normally at a cost recovery price and not necessarily for profit.,true
8464,Public Private Partnership (P3),"Refers to a project that is operated and funded by a partnership between private sector companies and government. Typically, the PPP involves the private sector entity injecting capital into the development of an asset, which it may then operate and assume some financial risk for. Public Procurement, Design Contest The design contest is a procedure that is used to obtain a plan or a design based on competition among expert parties. The design is to be judged by a professional jury. Public Procurement,",PUBLIC PRIVATE PARTNERSHIP (P3),"Refers to a project that is operated and funded by a partnership between private sector companies and government. Typically, the PPP involves the private sector entity injecting capital into the development of an asset, which it may then operate and assume some financial risk for.",false
8473,"PUBLIC PROCUREMENT, PRINCIPLES","Four major principles underlie each
of the procurement directives. These
are non-discrimination, equality,
transparency and proportionality.","Public Procurement, Principles","Four major principles underlie each of the procurement directives: non-discrimination, equality, transparency, and proportionality.",false
8475,"PUBLIC PROCUREMENT, PROCEDURES","Public procurement procedures
relate to the procedures that public
institutions need to adhere to when
making purchasing decisions. Different
procedures are: (1) open procedure, (2)
restricted procedure, (3) competitive
dialogue, (4) negotiated procedure
with prior publication of a contract
notice (5) negotiated procedure
without prior publication of a contract
notice and (6) design contest.","Public Procurement, Procedures","Public procurement procedures relate to the procedures that public institutions need to adhere to when making purchasing decisions. Different procedures include: (1) open procedure, (2) restricted procedure, (3) competitive dialogue, (4) negotiated procedure with prior publication of a contract notice, (5) negotiated procedure without prior publication of a contract notice, and (6) design contest.",false
8478,"PUBLIC PROCUREMENT, SCOPE","The European directives apply to all to
all governmental institutions, including
the State, regional or local authorities
and bodies governed by public law.PUBLIC PROCUREMENT,","Public Procurement, Scope","The European directives apply to all governmental institutions, including the State, regional or local authorities, and bodies governed by public law.",false
8493,PURCHASE (ORDER) SPECIFICATION,"Relates to all specifications needed
to select the right supplier including
quality specifications, logistics
specifications, maintenance
specifications, legal and environmental
requirements and a target budget.
preselected suppliers:
E-auctions or other formal
tendering vehicles may be used.",Purchase (Order) Specification,"Relates to all specifications needed to select the right supplier, including quality, logistics, maintenance, legal, environmental, and budgetary requirements.",false
8496,PURCHASE ORDER,"The contractual agreement with a
supplier of goods or services that
specifies payment terms, delivery
dates, item identification, quantities,
freight terms, and all other obligations
and conditions. The order may specify
multiple items and delivery dates, but is
always generated for a single vendor.",Purchase Order,"The contractual agreement with a supplier that specifies payment terms, delivery dates, item identification, quantities, freight terms, and all other obligations and conditions.",false
8498,Purchase Order Confirmation,"A document that is used by the supplier in which they agree to perform according to the buyer's purchase order. Purchasing Portfolio, Approach (Identical To KRALJIC Portfolio) Portfolio consisting of four quadrants (i.e. leverage products, strategic products, routine products and bottleneck products) based upon two criteria: financial impact and supply risk. Serves to develop four differentiated supplier strategies.",PURCHASE ORDER CONFIRMATION,"A document that is used by the supplier
in which they agree to perform
according to the buyer's purchase order.",false
8500,Purchase Order Requisition,"Description of internal customer requirements for goods and/or services needed from suppliers, serving as the basis for the purchase order.",PURCHASE ORDER REQUISITION,"Description of internal customer requirements for goods and/or services needed to be obtained from suppliers, which will serve as the basis for the purchase order.",false
8508,PURCHASING,"The management of the company’s
external resources in such a way
that the supply of all goods, services,
capabilities and knowledge which are
necessary for running, maintaining
and managing the company's primary
and support activities is secured under
the most favourable conditions.",Purchasing,"The functions, processes, and department that source materials and services, negotiate terms, respond to material requests, and manage order status.",false
8513,PURCHASING AUTHORITY,"Allows a manager to legally bind their
company to an external partner.",Purchasing Authority,Allows a manager to legally bind their company to an external partner.,false
8515,Purchasing Cycle,Series of steps that begin with a request for purchase and end with notification of shipment received in satisfactory condition,PURCHASING CYCLE,Series of steps that begin with a request for purchase and end with notification of shipment received in satisfactory condition,true
8517,PURCHASING EFFECTIVENESS,"Is defined as the extent to which,
by choosing a certain course of
action, a previously established
goal or standard is being met.",Purchasing Effectiveness,The extent to which a chosen course of action meets a previously established goal or standard.,false
8519,PURCHASING EFFICIENCY,"Is related to the resources which
are required to realize the previously
established goals and objectives and
their related activities. Essentially,
it refers to the relationship between
planned and actual costs.",Purchasing Efficiency,Related to the resources required to realize the previously established goals and objectives and their related activities. Refers to the relationship between planned and actual costs.,false
8521,PURCHASING ENGINEER,"A purchasing engineer is a specialist
function in the liaison between
the engineering departments and
259Glossary  | Purchasing Excellence, Model
| Some Useful Strategic Sourcing Related Terms
the purchasing department.",Purchasing Engineer,A specialist function in the liaison between the engineering departments and the purchasing department.,false
8523,"PURCHASING EXCELLENCE, MODEL","Explains how to professionalise
purchasing, making use of two types of
processes, i.e. strategic management
processes and enabling processes.","Purchasing Excellence, Model","Explains how to professionalize purchasing, using strategic management processes and enabling processes.",false
8525,PURCHASING FUNCTION,"Covers activities aimed at determining
the purchasing specifications based
upon 'fitness for use', selecting the
best possible supplier and developing
procedures and routines to be able
to do so, preparing and conducting
negotiations with the supplier in order
to establish an agreement and to
write up the legal contract, placing
the order with the selected supplier
or to develop efficient purchase order
and handling routines, monitoring and
control of the order in order to secure
supply (expediting), follow-up and
evaluation (settling claims, keeping
product and supplier files up-to-date,",Purchasing Function,"Covers activities aimed at determining the purchasing specifications based upon ‘fitness for use,’ selecting the best possible supplier and developing procedures and routines to be able to do so, preparing and conducting negotiations with the supplier in order to establish an agreement and to write up the legal contract, placing the order with the selected supplier or to develop efficient purchase order and handling routines, monitoring and control of the order in order to secure supply (expediting), follow-up and evaluation (settling claims, keeping product and supplier files up-to-date, supplier rating and supplier ranking).",false
8528,PURCHASING MANAGEMENT,"Relates to all activities necessary
to manage supplier relationships in
such a way that their activities are
aligned with the company's overall
business strategies and interests.",Purchasing Management,Activities necessary to manage supplier relationships in alignment with the company’s overall business strategies and interests.,false
8530,PURCHASING MARKET RESEARCH,"The systematic gathering, classification
and analysis of data considering all
relevant factors that influence the
procurement of goods and services
for the purpose of meeting present
and future company requirements.",Purchasing Market Research,"Systematic gathering, classification, and analysis of data influencing procurement for present and future company requirements.",false
8532,PURCHASING MATERIALS BUDGET,"Reflects, often per product item,
the volume which is expected to be
purchased for the next planning period,
level for that specific product.",Purchasing Materials Budget,"Reflects the expected purchase volume per product item for the next planning period, usually a year, along with the expected price level.",false
8537,PURCHASING PERFORMANCE,"MEASUREMENT
Four dimensions are suggested on
which measurement and evaluation
of purchasing activities can be
based: (1) a price/cost dimension,
(2) a product/quality dimension,
(3) a logistics dimension and (4)
an organisational dimension.",Purchasing Performance,The extent to which the purchasing function meets its predetermined goals while minimizing company resources.,false
8544,PURE COMPETITION,"Characteristic of this market structure
is that neither the supplier nor the buyer
can influence the price of the product.",Pure Competition,A market structure where neither suppliers nor buyers can influence product pricing.,false
8554,Push To Catalog,Push to catalogue is the ability of a unified procurement software system to move key information from a contract into a catalogue (without integration).,PUSH TO CATALOG,Push to catalogue is the ability of a unified procurement software system to move key information from a contract into a catalogue (without integration).,true
8573,Qualified Products List,"A list of products that, because of the length of time required for test and evaluation, are tested in advance of procurement to determine which suppliers comply with the specification requirements.",QUALIFIED PRODUCTS LIST,"A list of products that, because of the length of time required for test and evaluation, are tested in advance of procurement to determine which suppliers comply with the specification requirements.",true
8578,Qualifying Small Enterprise,An Entity that qualifies for measurement under the Qualifying Small Enterprise scorecard with a turnover ofR10 million or more but less than R50 million.,QUALIFYING SMALL ENTERPRISE,An Entity that qualifies for measurement under the Qualifying Small Enterprise scorecard with a turnover of R10 million or more but less than R50 million.,false
8583,Qualifying Transaction South Africa,"Sales of a business, valuable business assets or share that results in the creation of sustainable business opportunities and transfer of specialised skills or productive for black people.",QUALIFYING TRANSACTION SOUTH AFRICA,"Sales of a business, valuable business assets or share that results in the creation of sustainable business opportunities and transfer of specialised skills or productive for black people.",true
8586,QUALITY,"The characteristics of an item or
process that indicate its conformance to
designated parameters, and its degree
of perceived customer acceptance or
satisfaction. Quality characteristics
often include reliability, consistency,
and the ability to continue performance
in stress or volume situations, but are
critical only in relation to the value
placed on them by the user or customer.",Quality,"The characteristics of an item or process that indicate its conformance to designated parameters, and its degree of perceived customer acceptance or satisfaction. Quality characteristics often include reliability, consistency, and the ability to continue performance in stress or volume situations, but are critical only in relation to the value placed on them by the user or customer.",false
8588,QUALITY ASSURANCE,"The set of activities that specifies
acceptable material and process
parameters and measures actual
performance in meeting defined quality
standards. When used in reference to a
department—quality assurance (QA) or
quality control (QC)—it often indicates
that responsibility for meeting quality
standards has been delegated to that
department, and is not an assumed
function of other company operations.",Quality Assurance,"The set of activities that specifies acceptable material and process parameters and measures actual performance in meeting defined quality standards. When used in reference to a department—quality assurance (QA) or quality control (QC)—it often indicates that responsibility for meeting quality standards has been delegated to that department, and is not an assumed function of other company operations",false
8613,QUANTITY DISCOUNT,"A reduction in the unit price offered
for large volume contracts.",Quantity Discount,"To stimulate larger quantity orders, many suppliers use quantity discounts in which the advantage for the buyer is that he can realise a lower price per unit.",false
8636,QUOTATION,"An offer to sell goods at a stated
price and under stated terms.",Quotation,An offer to sell goods at a stated price and terms.,false
8638,QUOTE,"A specific determination of the
cost, timing, description, and terms
associated with a projected good or
service to be provided by a supplier
to a customer. A quote is normally
valid for a certain time frame, or
up to a specified quantity limit, and
modified based on changes in the
item or service configuration.RAW MATERIALS
Purchased items, such as bar stock
or food ingredients, transformed
by manufacturing operations into
an intermediate or finished item.
Often used in reference to bulk or
commodity items but may include
individual components (piece parts)
such as nuts, bolts, and screws.",Quote,"A specific determination of the cost, timing, description, and terms associated with a projected good or service to be provided by a supplier to a customer. A quote is normally valid for a certain time frame, or up to a specified quantity limit, and modified based on changes in the item or service configuration",false
8670,Ram,"1. A weapon consisting of an underwater prolongation of the bow of a vessel to form an armoured beak, intended to be driven into the hull of an enemy vessel to puncture and sink it. 2. An armoured warship of the second half of the 19th century designed for ramming. 3. To intentionally collide with another vessel to damage or sink it. 4. To accidentally collide bow-first with another vessel.",RAM,Abbreviation for: Random Access Memory.,false
8736,Re-Industrialisation,A policy initiative aimed at regaining production control of a sector decimated by imports.,RE-INDUSTRIALISATION,A policy initiative aimed at regaining production control of a sector decimated by imports.,true
8749,Realisation Points South Africa,Comprises the ownership fulfilment point and the Net value points as referred to in the ownership scorecard in statement 100.,REALISATION POINTS SOUTH AFRICA,comprises the ownership fulfilment point and the Net value points as referred to in the ownership scorecard in statement 100.,false
8756,Receipt,"A document of confirmation that goods have been delivered or services performed. The supplier may present a proof of delivery and the buyer may generate a goods receipt note. The goods receipt note is usually part of a three-way match between the purchase order, the invoice and the goods receipt note, and is needed to confirm that the invoice might be paid. When a two-way match occurs, the invoice is matched either to the purchase order or simply to the goods receipt note. 2. A written acknowledgment that something of value has been exchanged between parties . The exchange can be tangible(e.g. car) or intangible (e.g. consulting) . 3.A formal notification (paper or electronic ) confirming that a seller received money from a buyer.",RECEIPT,"A document of confirmation that goods have been delivered or services performed. The supplier may present a proof of delivery and the buyer may generate a goods receipt note. The goods receipt note is usually part of a three-way match between the purchase order, the invoice and the goods receipt note, and is needed to confirm that the invoice might be paid. When a two-way match occurs, the invoice is matched either to the purchase order or simply to the goods receipt note.",false
8760,RECEIVING,"The functions and department that
process incoming material against
purchase orders, inter-plant orders and
customer returns, verify proper item,
quantity and physical condition, move to
stocking locations, and perform receipt
update and documentation duties.",Receiving,"The functions and department that process incoming material against purchase orders, inter-plant orders and customer returns, verify proper item, quantity and physical condition, move to stocking locations, and perform receipt update and documentation duties",false
8780,Recycled Product,"A product that contains the highest amount of post-consumer material practicable, or when post-consumer material is impracticable for a specific type of product, contains substantial amounts of pre-consumer material.",RECYCLED PRODUCT,"A product that contains the highest amount of post-consumer material practicable, or when post-consumer material is impracticable for a specific type of product, contains substantial amounts of pre-consumer material.",true
8782,RECYCLING,"Recycling is the processing of
waste materials into new products.
Recycling aims to limit the loss of
potentially useful materials, reduce
the consumption of new materials,
lower energy usage, reduce potential
air pollution from the incineration
of garbage, reduce water pollution
produced by landfill by reducing the
need for ‘conventional’ waste disposal
methods, and lower the emissions of
greenhouse gases in comparison to
the potential emissions created in the
production of new goods. The fourth
component of the ‘waste hierarchy’,
the others being ‘avoid’, ‘reduce’ and
‘reuse’, recycling is a key component
in modern waste reduction.",Recycling,"The process by which materials otherwise destined for disposal are collected, processed, and remanufactured into new products",false
8802,REENGINEERING,"Term frequently used to describe
radical change of design, resulting in
dramatic performance improvement.
Also see: Process reengineering.",Reengineering,"Term frequently used to describe radical change of design, resulting in dramatic performance improvement. Also see: Process reengineering.",false
8819,REIMBURSABLE/TIME AND MATERIALS,"Contractor agrees to work based
upon compensation of all actual
costs incurred plus profit margin.",Reimbursable/Time and Materials,Contractor agrees to work based upon compensation of all actual costs incurred plus profit margin.,false
8820,Reimbursable/Time And Materials,Contractor agrees to work based upon compensation of all actual costs incurred plus profit margin.,Reimbursable/Time and Materials,Contractor agrees to work based upon compensation of all actual costs incurred plus profit margin.,true
8824,Related Entity South Africa,An Entity controlled by a measure Entity whether directly or indirectly controlled by the natural persons who have direct or indirect control over that measured Entity or the immediate family of that natural person.,RELATED ENTITY SOUTH AFRICA,an Entity controlled by a measure Entity whether directly or indirectly controlled by the natural persons who have direct or indirect control over that measured Entity or the immediate family of that natural person.,false
8827,RELATIONSHIP,"The link between two entities in
a system or network, such as the
relationship between a vendor and a
customer or two activities in a project.",Relationship,"The link between two entities in a system or network, such as the relationship between a vendor and a customer or two activities in a project.",false
8841,REORDER COST,"Cost associated with each order for
materials placed with suppliers.",Reorder Cost,Cost associated with each order for materials placed with suppliers.,false
8848,Repair And Overhaul,"The repair of an item of equipment to return it to serviceable condition, overhaul may or may not coincide with repair.",REPAIR AND OVERHAUL,"The repair of an item of equipment to return it to serviceable condition, overhaul may or may not coincide with repair.",true
8853,Repair Work Order,Canadian A document describing the repair activities required for one or more materiel items.,REPAIR WORK ORDER,Canadian A document describing the repair activities required for one or more materiel items.,true
8862,Replacement Material,Material assets which are required to replace disposed items.,REPLACEMENT MATERIAL,Material assets which are required to replace disposed items.,true
8874,Replevin,A legal term meaning the action for the recovery of property. A writ of replevin allows for the repossession of property.,REPLEVIN,A legal term meaning the action for the recovery of property. A writ of replevin allows for the repossession of property.,true
8878,Report(Ing),"A report is an informative document with data organized in a narrative, graphic, or tabular form. Reports can be prepared on random requests or periodic regularity as required by the user. Procurement organisations use various reports (e.g.: spend report, supplier base report, accounts payable report) to study factors influencing enterprise- wide spend and to streamline the entire procurement operation.",REPORT(ING),"A report is an informative document with data organized in a narrative, graphic, or tabular form. Reports can be prepared on random requests or periodic regularity as required by the user. Procurement organisations use various reports (eg: spend report, supplier base report, accounts payable report) to study factors influencing enterprise-wide spend and to streamline the entire procurement operation.",false
8882,Request For Comments (RFC),"A document generated prior to an authorized procurement in order to request feedback from the contracting community or potential proposers/ bidders, to seek information about a product or service in order to assist in the finalization of technical specifications, design specifications, or a statement of work. Also see",REQUEST FOR COMMENTS (RFC),"A document generated prior to an authorized procurement in order to request feedback from the contracting community or potential proposers/ bidders, to seek information about a product or service in order to assist in the finalization of technical specifications, design specifications, or a statement of work. Also see Pre-Solicitation Conference and Request for Information (RFI).",false
8890,Request For Qualifications (RFQU),"A document which is issued by a procurement entity to obtain statements of the qualifications of potential development teams or individuals (i.e. consultants) to gauge potential competition in the marketplace, prior to issuing the solicitation.",REQUEST FOR QUALIFICATIONS (RFQU),"A document which is issued by a procurement entity to obtain statements of the qualifications of potential development teams or individuals (i.e. consultants) to gauge potential competition in the marketplace, prior to issuing the solicitation.",true
8894,Request For Standing Offer (RFSO),"A method of supply used to satisfy the requirements of departments and agencies by arranging with suppliers to submit a standing offer to provide goods, services or both during a specified period. An RFSO is an invitation to suppliers to provide with a standing offer. The quantity of goods, level of services and estimated expenditure specified in the RFSO are only an approximation of requirements given in good faith. Standing offers are not contracts. If and when the government issues a call-up against a standing offer, a contract is created.",REQUEST FOR STANDING OFFER (RFSO),"A method of supply used to satisfy the requirements of departments and agencies by arranging with suppliers to submit a standing offer to provide goods, services or both during a specified period. An RFSO is an invitation to suppliers to provide with a standing offer. The quantity of goods, level of services and estimated expenditure specified in the RFSO are only an approximation of requirements given in good faith. Standing offers are not contracts. If and when the government issues a call-up against a standing offer, a contract is created.",true
8896,REQUEST FOR TENDER,Suppliers are invited to submit a detailed bid which meets the requirements as laid down in the request for quotation against the lowest possible price (identical to request for quotation).,Request for Tender,Suppliers are invited to submit a detailed bid which meets the requirements as laid down in the request for quotation against the lowest possible price (identical to request for quotation).,true
8899,Required Minimum Content Threshold,Officially stipulated portion of local production and content as officially determined by the designated government department.,REQUIRED MINIMUM CONTENT THRESHOLD,Officially stipulated portion of local production and content as officially determined by the designated government department.,true
8903,Requirements Definition,"The documentation for a new or proposed system that states design strategy, provided functionality, source of inputs and audience or target user base, and may state performance or other targets. An overall translation of project or system requirements into a defined specification that supports those requirements",REQUIREMENTS DEFINITION,"The documentation for a new or proposed system that states design strategy, provided functionality, source of inputs and audience or target user base, and may state performance or other targets. An overall translation of project or system requirements into a defined specification that supports those requirements.",false
8905,REQUISITION,"An official request from an internal user/customer for the fulfilment or procurement of goods, services or works.",Requisition,"A paper or electronic document that requests delivery of materials or services and is normally initiated by the using department. It usually includes requested dates and quantities, but may leave the determination of pricing and vendor sourcing to a purchasing agent. MRP generations often treat accepted requisitions as a scheduled receipt in the same manner as a purchase order",false
8914,RESIDENTIAL ENGINEERING,"Situation where engineers from the supplier on a more or less permanent basis are co-located at the buyer’s organisation, in order to work on design or manufacturing problems which appear during the successive stages of development. Residential engineering also relates to a situation where a large OEM has placed its own engineering specialists at the, supplier's premises in order to resolve a variety of technical problems.",Residential Engineering,"Situation where engineers from the supplier on a more or less permanent basis are co-located at the buyer’s organisation, in order to work on design or manufacturing problems which appear during the successive stages of development. Residential engineering also relates to a situation where a large OEM has placed its own engineering specialists at the supplier’s premises in order to resolve a variety of technical problems",false
8917,Resource Dependency Theory,Theory that business success is primarily achieved through deploying a company’s external and internal resources.,RESOURCE DEPENDENCY THEORY,Theory that business success is primarily achieved through deploying a company's external and internal resources.,false
8926,Responder,One who submits a response to a solicitation document.,RESPONDER,One who submits a response to a solicitation document.,true
8928,Response,"The offer received from a vendor in response to a solicitation. A response includes submissions commonly referred to as ""offers,"" ""bids,"" ""quotes,"" or ""proposals.""",RESPONSE,"The offer received from a vendor in response to a solicitation. A response includes submissions commonly referred to as ""offers,"" ""bids,"" ""quotes,"" or ""proposals.""",true
8931,Responsible Bidder,"A bidder whose reputation, past performance, and business and financial capabilities are such that the bidder would be judged by an appropriate authority as capable of satisfying an organisation's needs for a specific contract. 2.A bidder whose bid does not vary from the specifications and terms set out in the invitation for bids.",RESPONSIBLE BIDDER,"A bidder whose reputation, past performance, and business and financial capabilities are such that the bidder would be judged by an appropriate authority as capable of satisfying an organisation's needs for a specific contract.",false
8940,"Restricted Procedure, Public Procurement","This procedure acknowledges two distinct stages: the stage of selecting suppliers that are interested, and the stage in which the preselected suppliers are invited for tender. It is also referred to as the procedure with pre-selection","RESTRICTED PROCEDURE, PUBLIC PROCUREMENT","This procedure acknowledges two distinct stages: the stage of selecting suppliers that are interested, and the stage in which the preselected suppliers are invited for tender. It is also referred to as the procedure with pre-selection.",false
8944,Restrictive Specifications,A technique to limit competition by eliminating items may be capable of satisfactorily meeting a need.,RESTRICTIVE SPECIFICATIONS,A technique to limit competition by eliminating items may be capable of satisfactorily meeting a need.,true
8947,RETAIL,Trading firms that trough physical stores or webstores deliver their products and services directly to consumers.,Retail,Trading firms that through physical stores or webstores deliver products and services directly to consumers.,false
8952,Retainage,"A specified amount or percentage of the progress payment due usually under a construction contract. Upon completion of all contract requirements, retained amounts must be paid promptly. Also see Holdback.",RETAINAGE,"A specified amount or percentage of the progress payment due usually under a construction contract. Upon completion of all contract requirements, retained amounts must be paid promptly. Also see Holdback.",true
8970,REVERSE AUCTION,"Is a type of auction in which the roles of buyer and seller are reversed. In an ordinary auction (also known as a forward auction), buyers compete to obtain a good or service by offering increasingly higher prices. In a reverse auction, the sellers compete to obtain business from the buyer and prices will typically decrease as the sellers undercut each other.",Reverse Auction,An e-auction which is used by buyers to enforce competitive bidding among a limited number of prequalified suppliers based on a starting price that is lowered during the auction.,false
8988,RFP Or RFB Conference,A meeting arranged by a procurement office to help potential bidders understand the requirements of an RFB or an RFP.,RFP OR RFB CONFERENCE,A meeting arranged by a procurement office to help potential bidders understand the requirements of an RFB or an RFP.,true
9002,Risk,"The chance of injury, damage or loss; the probability of some occurrence",RISK,"The chance of injury, damage or loss; the probability of some occurrence (e.g., a failure) and the consequences and impact of the occurrence.",false
9004,RISK ANALYSIS,"The stated findings of a factor,
element or cause involving
uncertain harm or loss.",Risk Analysis,"The identification of possible risks, assessment of their likelihood and impact, and creation of methods to avoid or reduce them.",false
9006,Risk Management,The process of identification and analysis of risk; and the decision to either accept or mitigate the exposure to such risk when compared to the potential impact on the achievement of the organisation's objectives. and performance.,RISK MANAGEMENT,The process of identification and analysis of risk; and the decision to either accept or mitigate the exposure to such risk when compared to the potential impact on the achievement of the organisation’s objectives.,false
9009,Risk Register,"procurement and the responses to those risks. Responsibility for acting on the risk is assigned to a specific person to manage. The list is applicable only to the particular procurement and the principle is to identify risk and allocate this to the party best suited to manage, mitigate or eliminate it. The register is a live document throughout the project and should be reviewed on an ongoing basis.",RISK REGISTER,"A list of risks associated with a specific procurement and the responses to those risks. Responsibility for acting on the risk is assigned to a specific person to manage. The list is applicable only to the particular procurement and the principle is to identify risk and allocate this to the party best suited to manage, mitigate or eliminate it. The register is a live document throughout the project and should be reviewed on an ongoing basis.",false
9011,"RISK, COMMERCIAL","Commercial risk is related to the
uncertainty with regard to the price
we will pay and the costs that we
will incur when having outsourced
our activities to the supplier.","Risk, Commercial",Commercial risk is related to the uncertainty with regard to the price we will pay and the costs that we will incur when having outsourced our activities to the supplier,false
9013,"RISK, MATRIX","Risks are assessed based on two
criteria: (1) the negative impact on
the company’s financial performance
or operations and (2) the likelihood
with which the risk factor probably
would occur.also see Risk register.","Risk, Matrix",Risks are assessed based on two criteria: (1) the negative impact on the company’s financial performance or operations and (2) the likelihood with which the risk factor probably would occur,false
9015,"RISK, PERFORMANCE","These risks relate to the chance
that the supplier is not capable of
doing the job it was hired for.","Risk, Performance",These risks relate to the chance that the supplier is not capable of doing the job it was hired for,false
9017,"RISK, TECHNICAL","This kind of risk to is related to
the extent to which the provider
is able to provide the desired
functionality and performance.
A list of risks associated with a specific
procurement and the responses to
those risks. Responsibility for acting
on the risk is assigned to a specific
person to manage. The list is applicable
only to the particular procurement
and the principle is to identify risk and
allocate this to the party best suited
to manage, mitigate or eliminate
it. The register is a live document
throughout the project and should
be reviewed on an ongoing basis.","Risk, Technical",This kind of risk is related to the extent to which the provider is able to provide the desired functionality and performance.,false
9087,ROUTINE BUY,"Relates to the acquisition of a known
product from a known supplier
(identical to straight rebuy).",Routine Buy,Relates to the acquisition of a known product from a known supplier (identical to straight rebuy).,false
9090,ROUTINE PRODUCTS,"These products produce few technical or
commercial problems from a purchasing
point of view. They usually have a
small value per item and there are
many alternative suppliers.",Routine Products,These products produce few technical or commercial problems from a purchasing point of view. They usually have a small value per item and there are many alternative suppliers,false
9178,SAFETY STOCK,"An inventory quantity planned to be
on-hand at all times to provide a hedge
against future uncertainty. Planning
systems generate planned orders based
on the quantity and timing needed to
maintain the specified safety stock.",Safety Stock,An inventory quantity planned to be on-hand at all times to provide a hedge against future uncertainty. Planning systems generate planned orders based on the quantity and timing needed to maintain the specified safety stock.,false
9200,Sales Tax,A levy on a vendor's sale by an authorized level of government.,SALES TAX,A levy on a vendor's sale by an authorized level of government.,true
9240,Savings Tracking,"Savings tracking' is the process of monitoring the savings realized through strategic sourcing and other cost-reduction initiatives adopted by the procurement organisation. Through this process, stakeholders can be updated on the progress and results of various savings initiatives.",SAVINGS TRACKING,"Savings tracking’ is the process of monitoring the savings realized through strategic sourcing and other cost-reduction initiatives adopted by the procurement organisation. Through this process, stakeholders can be updated on the progress and results of various savings initiatives.",false
9269,Schedule Contract,A contract that consolidates requirements by pre-establishing a bid opening date and requiring using agencies to submit requirements by a specified time,SCHEDULE CONTRACT,A contract that consolidates requirements by pre-establishing a bid opening date and requiring using agencies to submit requirements by a specified time.,false
9296,SCMLP,Abbreviation for: Strategic Supply Chain Management Leadership Program.,SCMLP,Abbreviation for: Strategic Supply Chain Management Leadership Program (PMAC Canada).,false
9302,Scope Of Work,Describes the outcome or end result sought by the buyer rather than describing how to accomplish that result.,SCOPE OF WORK,Describes the outcome or end result sought by the buyer rather than describing how to accomplish that result.,true
9320,SCRM,Abbreviation for: Supply Chain Risk Management.,SCRM,Abbreviation for: Supply Chain Risk Management.,true
9350,Sealed Bid,A formal submission from a bidder submitted in response to an Invitation for Bids (IFB). It is submitted in a sealed envelope to prevent its contents from being revealed before the time and date set for the bid opening.,SEALED BID,A formal submission from a bidder submitted in response to an Invitation for Bids (IFB). It is submitted in a sealed envelope to prevent its contents from being revealed before the time and date set for the bid opening.,true
9352,Sealed Offer,An offer which has been submitted in a sealed envelope to prevent its contents from being revealed or known before the deadline for the submission and opening of all offers.,SEALED OFFER,An offer which has been submitted in a sealed envelope to prevent its contents from being revealed or known before the deadline for the submission and opening of all offers.,true
9358,Seasonal Discount,"This discount is applied to improve manufacturing capacity utilization in periods when sales are low. Buyers ordering out of season, get a lower price.",SEASONAL DISCOUNT,"This discount is applied to improve manufacturing capacity utilization in periods when sales are low. Buyers ordering out of season, get a lower price.",true
9378,Security Instruments,Financial instruments that are intended to provide security against expenses and losses that result from a failure by a supplier to perform its obligations.,SECURITY INSTRUMENTS,Financial instruments that are intended to provide security against expenses and losses that result from a failure by a supplier to perform its obligations.,true
9418,Sell-Through Rate,Sell through is the percentage of units sold versus the number of units that were available to be sold. Calculate by dividing the Number of Units,SELL-THROUGH RATE,Sell through is the percentage of units sold versus the number of units that were available to be sold. Calculate by dividing the Number of Units Sold / Beginning Inventory x 100,false
9421,Semi-manufactured Products,"These products have already been processed once or more, and they will be processed further at a later stage.",SEMI-MANUFACTURED PRODUCTS,"These products have already been processed once or more, and they will be processed further at a later stage.",true
9444,Service Quality,A user based perception of how well a service or facility is operating.,SERVICE QUALITY,A user based perception of how well a service or facility is operating.,true
9447,SERVICEABILITY,"The ease with which parts can be
replaced, serviced, or evaluated.",Serviceability,"The ease with which parts can be replaced, serviced, or evaluated.",false
9449,Services,"1. Differentiated from goods through four basic characteristics, i.e. intangibility, perishability, heterogeneity, and simultaneity. Basically, four types of services can be identified: (1) component services, that are passed on unaltered to the final customers of the buying organisation (e.g. luggage handling at the airport for an airline company), (2) semi-manufactured services, that are being integrated into the buying organisation’s value proposition to its customers (e.g. in-flight catering services contracted for by an airline), (3) instrumental services, that are used by the buying organisation to change their primary processes (i.e. management consultancy to professionalise the airline’s operational processes) and (4) consumption services, that are used in different support processes within the buying organisation (e.g. cleaning services for offices of the same airline company). 2. Relate to a series of more or less tangible activities, which normally take place in the interaction between customer and supplier employees and/or physical resources and systems, which are offered as an integrated solution to customer problems.",SERVICES,"Relate to a series of more or less tangible activities, that normally take place in the interaction between customer and supplier employees, and/ or physical resources and systems, that are offered as an integrated solution to customer problems.",false
9558,Should Cost Model,"Denotes a detailed and documented analysis of the cost drivers associated with planned sourced item. The cost drivers include all material costs, labour costs, overhead costs, and profit margins that would apply to the item.",SHOULD COST MODEL,"Denotes a detailed and documented analysis of the cost drivers associated with planned sourced item. The cost drivers include all material costs, labour costs, overhead costs, and profit margins that would apply to the item.",true
9562,SHRINKAGE,"(1)  Lost Gross Profit Margin due to
spoilage & breakage, mispricing,
mis-ringing, discounting, and theft.
(2)  The difference between the amount
of stock that on paper and the actual
stock available. It’s a reduction
in inventory that isn’t caused by
legit sales. Example of shrinkage
include employee theft, shoplifting,
administrative errors, and supplier
fraud. The formula for shrinkage
is: Ending Inventory Value—
Physically Counted Inventory Value.
Shrinkage can also be expressed
as a percentage— i.e. Shrinkage",Shrinkage,The loss generated by comparing an actual quantity to the expected or book amount; commonly refers to a physical count that reduces the perpetual inventory.,false
9689,SMS,Abbreviation for: Safety Management System.,SMS,Abbreviation for: Simulation Modelling System.,false
9702,SOCIAL RESPONSIBILITY,The incorporation of the operation’s impact on its stakeholders into operations management decisions.,Social Responsibility,The incorporation of the operation’s impact on its stakeholders into operations management decisions.,true
9709,Soft Cost,"A cost for an item that is not considered direct construction cost. Soft costs include architectural, engineering, financing, and legal fees, and other pre- and post-construction expenses.",SOFT COST,"A cost for an item that is not considered direct construction cost. Soft costs include architectural, engineering, financing, and legal fees, and other pre- and post construction expenses.",false
9716,Sole Source,"A procurement term employed when there is no competitive marketplace for the requirement, i.e. the product or service needed is available only from one source.",SOLE SOURCE,"A procurement term employed when there is no competitive marketplace for the requirement, i.e. the product or service needed is available only from one source.",true
9719,Solicitation,"An official request to suppliers to offer a bid, quotation or proposal.",SOLICITATION,"An official request to suppliers to offer a bid, quotation or proposal.",true
9736,Source-To-Pay,"Source-to-pay or S2P is the entire end-to-end process involved in procurement. It spans every process, right from spend management, strategic sourcing and vendor management to purchasing, performance management and accounts payable.",SOURCE-TO-PAY,"Source-to-pay or S2P is the entire end-to-end process involved in procurement. It spans every process, right from spend management, strategic sourcing and vendor management to purchasing, performance management and accounts payable.",true
9738,Source-To-Settle,"An integration of sourcing and purchasing processes. The different stages involved in a source-to-settle cycle include: requisitioning, sourcing, RFx, auctions, generation of purchase orders, receipt and payment of invoices along with every process in between.",SOURCE-TO-SETTLE,"An integration of sourcing and purchasing processes. The different stages involved in a source-to-settle cycle include: requisitioning, sourcing, RFx, auctions, generation of purchase orders, receipt and payment of invoices along with every process in between.",true
9740,SOURCING,"Finding, selecting, contracting and
managing the best possible source
of supply on a worldwide basis.",Sourcing,"The process of identifying, conducting negotiations with, and forming supply agreements with vendors of goods and services.",false
9743,SOURCING STRATEGY,"Identifies for a certain category
from how many suppliers to buy,
what type of relationship to pursue,
contract duration, type of contract to
negotiate for, and whether to source
locally, regionally, or globally.",Sourcing Strategy,"Identifies for a certain category from how many suppliers to buy, what type of relationship to pursue, contract duration, type of contract to negotiate for, and whether to source locally, regionally, or globally.",false
9748,South Africa,An equity equivalent contribution made by a multinational under an Equity and Equity Equivalent programme.,SOUTH AFRICA,"Sectorial transformation charters
referred to in section 12 of the Act.",false
9754,SPACE MANAGEMENT,"Computer-supported simulation
systems used by retail buyers systems
used by retail buyers to optimize their
These systems enable the simulation of
several display layouts (for a different
number of facings) based on detailed
cost information, to decide on the most
profitable layout. Important concepts,
underlying space management systems,
are direct product cost (DPC) and
direct product profitability (DPP).",Space Management,"Computer-supported simulation systems used by retail buyers to optimise their income per square metre of shelf space. These systems enable the simulation of several display layouts (for a different number of facings) based on detailed cost information, to decide on the most profitable layout. Important concepts, underlying space management systems, are direct product cost (DPC) and direct product profitability (DPP).",false
9783,SPEND ANALYSIS,"The process of collecting, cleansing,
classifying and analysing product
expenditure data with the view
to achieving value for money,
improving efficiency, spend
visibility and compliance.",Spend Analysis,The application of quantitative techniques to purchasing data in an effort to better understand spending patterns and identify opportunities for improvement.,false
9785,Spend Categories,"Types of spend by commodity, department, or supply base.",SPEND CATEGORIES,"Types of spend by commodity, department, or supply base.",true
9787,Spend Cube,"A review of spend data presented as a multidimensional cube. The dimensions usually reviewed include: sub-categories or variants purchased across the organisation, stakeholders or departments buying",SPEND CUBE,"A review of spend data presented as a multidimensional cube. The dimensions usually reviewed include: sub-categories or variants purchased across the organisation, stakeholders or departments buying the category and comparative spend with different suppliers.",false
9789,Spend Leakage,Refers to the extent of category spend with suppliers that do not feature on the pre-approved suppliers list. It is usually denoted as a percentage of the total spend and predominantly experienced in ‘indirect categories' where stakeholders opt to offer business to alternate sources.,SPEND LEAKAGE,Refers to the extent of category spend with suppliers that do not feature on the pre-approved suppliers list. It is usually denoted as a percentage of the total spend and predominantly experienced in ‘indirect categories’ where stakeholders opt to offer business to alternate sources.,false
9791,Spend Taxonomy,"The classification of an organisation's spend in a hierarchical order that usually ranges from 3 to 5 levels depending on the complexity of their spend. They are usually classified as: Level 1 (Group), Level 2 (Family), Level 3 (Category), Level 4 (Commodity); where Level 1 is the highest level which is broken down in Families and Families in turn are further divided into various Categories, and Categories are divided into Commodities. The last level (Commodities) encompasses the unique set of suppliers with similar core competencies.",SPEND TAXONOMY,"The classification of an organisation’s spend in a hierarchical order that usually ranges from 3 to 5 levels depending on the complexity of their spend. They are usually classified as: Level 1 (Group), Level 2 (Family), Level 3 (Category), Level 4 (Commodity); where Level 1 is the highest level which is broken down in Families and Families in turn are further divided into various Categories, and Categories are divided into Commodities. The last level (Commodities) encompasses the unique set of suppliers with similar core competencies.",false
9815,Spot Purchase,"Act of purchasing in the spot market (that is at prices ruling on the purchase date) for prompt delivery, in contrast to forward purchase made now for future delivery at futures prices.",SPOT PURCHASE,"Act of purchasing in the spot market (that is at prices ruling on the purchase date) for prompt delivery, in contrast to forward purchase made now for future delivery at futures prices.",true
9848,SSRDM,Abbreviation for: Supplier Selection Relationship Development and Management.,SSRDM,See: Supplier Selection Relationship Development and Management.,false
9884,Standard Valuable Method South Africa,"Standard valuable method for assets ,an Economic interest, or any other instrument or right relevant",STANDARD VALUABLE METHOD SOUTH AFRICA,"Standard valuable method for assets ,an Economic interest, or any other instrument or right relevant to measurement understatement 100, undertaken using normal valuation methods that represent standard market price.",false
9896,Start-Up Enterprise South Africa,Recently formed or incorporated Entity that has been in operation for less than one 1 year. A start-up enterprise does not include any newly constituted entity which merely a continuation of a pre-existing entity.,START-UP ENTERPRISE SOUTH AFRICA,Recently formed or incorporated Entity that has been in operation for less than one 1 year. A start-up enterprise does not include any newly constituted entity which merely a continuation of a pre-existing entity.,true
9901,STATEMENT OF WORK (SOW),"Proposed solution by the successful
proposer responding to the Scope
of Work in a solicitation.",Statement of Work (SOW),"1. A description of products to be supplied under a contract. A good practice is for companies to have SOWs in place with their trading partners – especially for all top suppliers. 2. In projection management, the first project planning document that should be prepared. It describes the purpose, history, deliverables, and measurable success indicators for a project. It captures the support required from the customer and identifies contingency plans for events that could throw the project off course. Because the project must be sold to management, staff, and review groups, the statement of work should be a persuasive document.",false
9948,Stewardship,"The responsibility of an organisation for managing the funds and resources entrusted to it by its member states and other donors in an ethical and transparent manner, and for the welfare and in the interest of the designated beneficiaries of the funds and resources entrusted.",STEWARDSHIP,"The responsibility of an organisation for managing the funds and resources entrusted to it by its member states and other donors in an ethical and transparent manner, and for the welfare and in the interest of the designated beneficiaries of the funds and resources entrusted.",true
9975,STOCK POLICY,"The policy with regards to the level
and location of stock to be held and
where and how this should be done.",Stock Policy,The policy with regards to the level and location of stock to be held and where and how this should be done.,false
9982,STOCK TURN,"Also known as inventory turnover, stock
turn is the number of times stock is
sold through or used in a given time
period. In most cases, the higher the
stock turn, the better it is for your store
because it means you’re selling a lot of
merchandise without stocking too much
inventory.The stock turn formula is:
Cost of Goods Sold / Average Inventory.",Stock Turn,The number of times that an inventory turns over during the year and normally obtained by dividing the average inventory value into the annual cost of sales.,false
9986,Stockless Procurement,A contracting method that enables just in time deliveries of products and services this avoiding amongst others inventory and personal carrying costs.,STOCKLESS PROCUREMENT,A contracting method that enables just in time deliveries of products and services this avoiding amongst others inventory and personal carrying costs.,true
10012,STRAIGHT REBUY,"Relates to the acquisition of a known
product from a known supplier
(identical to routine buy).",Straight Rebuy,Relates to the acquisition of a known product from a known supplier (identical to routine buy).,false
10028,Strategic Sourcing,"A sub process within procurement that focuses on maximising the total acquisition benefits and implications organisation, industry and society.",STRATEGIC SOURCING,"A sub process within procurement that focuses on maximising the total acquisition benefits and implications associated with a need vis-a vis organisation, industry and society.",false
10030,STRATEGIC STOCK,"The stock of goods of essential
important for the continuation of the
production process and which is built
up in order to compensate for long
hold-ups of incoming goods (caused
by strikes and political difficulties, etc.
in a particular country or region).",Strategic Stock,The stock of goods of essential important for the continuation of the production process and which is built up in order to compensate for long hold-ups of incoming goods (caused by strikes and political difficulties etc. in a particular country or region).,false
10032,Strategic Suppliers,"Organizations, groups or individuals who, under contract or agreement, provide products or services to the organization which it defines as vital to success. Significant time and attention should be spent with these suppliers to develop joint values, shared understanding of strategic direction, and joint problem-solving methods.",STRATEGIC SUPPLIERS,"Organisations, groups or individuals who, under contract or agreement, provide products or services to the organisation which it defines as vital to success. Significant time and attention should be spent with these suppliers to develop joint values, shared understanding of strategic direction, and joint problem solving methods.",false
10034,Strategic Triangle,"Explains how a company positions itself against its three main stakeholders i.e. Customers, competitors, and suppliers.",STRATEGIC TRIANGLE,"Explains how a company positions itself against its three main stakeholders, i.e. customers, competitors and suppliers.",false
10038,"STRATEGY, COST LEADERSHIP","The main focus of this strategy is to continually work at reducing the cost price of the end product. If a company succeeds in marketing products at a lower cost price than its competitors, it will achieve a satisfactory return.","Strategy, Cost Leadership","The main focus of this strategy is to continually work at reducing the cost price of the end product. If a company succeeds in marketing products at a lower cost price than its competitors, it will achieve a satisfactory return.",true
10040,"Strategy, Differentiation","This strategy aims at marketing products which are perceived by the customer as being unique. Product individuality can be in the design (Swatch watches), the logo (Lacoste), the technology (Apple), service (American Express), and many other dimensions.","STRATEGY, DIFFERENTIATION","This strategy aims at marketing products which are perceived by the customer as being unique. Product individuality can be in the design (Swatch watches), the logo (Lacoste), the technology (Apple), service (American Express) and many other dimensions.",false
10058,SUBCONTRACTOR,An organisation or individual that carries out work for a contractor as part of a larger project.,Subcontractor,"A person or organisation who performs work and is paid on an hourly or volume basis, but is not considered on the payroll and does not receive company benefits.",false
10066,Substitute Goods,Goods/products for which demand fluctuations affect each other. Sum Insured The amount of money that an insurance company is obligated to cover in the event of a covered loss.,SUBSTITUTE GOODS,Goods/products for which demand fluctuations affect each other.,false
10077,SUPER BILL OF MATERIAL,"Type of planning bill of material
that is created at a very high
level tying together a larger and
more complex family of products
than a typical planning bill.",Super Bill of Material,Type of planning bill of material that is created at a very high level tying together a larger and more complex family of products than a typical planning bill. Also see: Planning bill of material on page 402.,false
10078,Super Bill Of Material,Type of planning bill of material that is created at a very high level tying together a larger and,Super Bill of Material,Type of planning bill of material that is created at a very high level tying together a larger and more complex family of products than a typical planning bill. Also see: Planning bill of material on page 402.,false
10084,SUPPLEMENTARY MATERIALS,"These materials which are not
absorbed physically in the end
product; they are used or consumed
during the production process.",Supplementary Materials,"These materials are not absorbed physically in the end product, instead they are used or consumed during the production process.",false
10087,"SUPPLIER ASSESSMENT, LEVELS","Supplier assessment may take place
at four different levels of abstraction,
i.e., product level, process level,
quality assurance system level and
company level.","Supplier Assessment, Levels","Supplier assessment may take place at four different levels of abstraction, i.e. product level, process level, quality assurance system level, and company level.",false
10089,"SUPPLIER ASSESSMENT, METHODS","These include spreadsheets, qualitative
assessments, vendor rating, supplier
audits and cost modelling.","Supplier Assessment, Methods","These include spreadsheets, qualitative assessments, vendor rating, supplier audits, and cost modelling.",false
10091,Supplier Base,"The list of all suppliers with whom an organization currently has transactions / dealings or has had dealings in the past few years. Supplier Assessment, Levels Supplier assessment may take place at four different levels of abstraction, i.e., product level, process level, quality assurance system level and company level.",SUPPLIER BASE,The list of all suppliers with whom an organisation currently has transactions / dealings or has had dealings in the past few years.,false
10094,SUPPLIER DEVELOPMENT,"A coordinated organisational or sectorial effort to create, develop and manage and maintain a network of competent and pre-qualified vendors.",Supplier Development,"Characteristic for this type of programme is that the buying company shares the benefits gained from all supplier improvement activities that are generated from its suppliers, rather than taking it all itself.",false
10097,Supplier Evaluation,"Supplier evaluation includes every activity performed to assess a potential supplier. The parameters for evaluation depend on the nature of acquisition and usually revolve around the quality of service, the supplier's capacity, technical capability and financial health.",SUPPLIER EVALUATION,"Supplier evaluation includes every activity performed to assess a potential supplier. The parameters for evaluation depend on the nature of acquisition and usually revolve around the quality of service, the supplier’s capacity, technical capability and financial health.",false
10099,SUPPLIER MANAGEMENT,"The activity of managing suppliers and
key contracts to ensure that they deliver
the agreed value of the business.",Supplier Management,The activity of managing suppliers and key contracts to ensure that they deliver the agreed value of the business.,false
10102,Supplier Performance Management,Supplier performance management involves activities that focus,SUPPLIER PERFORMANCE MANAGEMENT,"Supplier performance management involves activities that focus on improving the performance and capability of suppliers. The primary logic of managing supplier performances is that both parties will share in the benefits of better performance, better quality, shorter cycle times and/or lower costs.",false
10104,Supplier Quality Assurance (SQA),The activity of monitoring and improving levels of quality of the products and services delivered by suppliers; also used to assess supply capacity when choosing between alternative suppliers.,SUPPLIER QUALITY ASSURANCE (SQA),Suppliers quality assurance is all activities conducted by a company to arrive at zero defects quality performance in its relationship with suppliers.,false
10107,Supplier Rationalization,"Supplier rationalization, also known as supply base reduction [SBR] is the process of shrinking the supply base by reducing the number of active suppliers. The primary agenda of supplier rationalization is to streamline the organisation's spend to fewer suppliers and driver better value from those relationships.",SUPPLIER RATIONALIZATION,"Supplier rationalization, also known as supply base reduction [SBR] is the process of shrinking the supply base by reducing the number of active suppliers. The primary agenda of supplier rationalization is to streamline the organisation’s spend to fewer suppliers and driver better value from those relationships.",false
10110,SUPPLIER SATISFACTION SURVEY,"Periodically, the buyer invites
suppliers through a standardized
survey to suggest ideas which may
improve business relationships.",Supplier Satisfaction Survey,"Periodically, the buyer invites suppliers through a standardised survey to suggest ideas which may improve business relationships.",false
10113,SUPPLIER SEGMENTS,"Suppliers may be classified into
different segments, depending on the
value and risk which they represent to
the company. Segments may include:
(1) strategic partners, (2) performance
partners, (3) preferred suppliers
and (4) competitive suppliers.",Supplier Segments,"Suppliers may be classified into different segments, depending on the value and risk which they represent to the company. Segments may include: (1) strategic partners, (2) performance partners, (3) preferred suppliers, and (4) competitive suppliers.",false
10115,Supplier Selection,"Relates to all activities, which are required to select the best possible supplier and includes determining the method of subcontracting, preliminary qualification of suppliers, and drawing up the ‘bidders list,’ preparation of the request for quotation, analysis of the bids received, and selection of the supplier.",SUPPLIER SELECTION,"Relates to all activities, which are required to select the best possible supplier and includes determining the method of subcontracting, preliminary qualification of suppliers, and drawing up the 'bidders list,' preparation of the request for quotation, analysis of the bids received, and selection of the supplier.",false
10118,Supplier Suggestion Programme,"Here the buyer actively solicits ideas for improvement from suppliers. These ideas may relate to new product design, current product designs, operational processes, quality assurance, logistics activities, inventory and distribution activities, and transactional processes.",SUPPLIER SUGGESTION PROGRAMME,"Here the buyer actively solicits ideas for improvement from suppliers. These ideas may relate to new product design, current product designs, operational processes, quality assurance, logistics activities, inventory and distribution activities and transactional processes.",false
10121,SUPPLY,"Includes at least purchasing,
materials management, incoming
inspection and receiving. Supply is
used when relating to buying based
upon total cost of ownership in a
manufacturing environment.",Supply,The delivery of goods by a supplier to a customer in a particular time period and expressed in quantitative or financial terms.,false
10123,SUPPLY CHAIN,"A linear set of value adding activities
that result in an output . It includes
all inter related internal and
external functional activities.",Supply Chain,"The linked set of resources and processes that begins with the sourcing of raw material and extends through the delivery of end items to the final customer. It includes vendors, manufacturing facilities, logistics providers, internal distribution centres, distributors, wholesalers, and all other entities that lead up to final customer acceptance. The extended supply chain for a given company may also include secondary vendors to their immediate vendors, and the customers of their immediate customers.",false
10127,Supply Chain Cycle Time,The time it would take to fill a customer order if inventory levels were zero. Sum of the longest lead times for each stage of the cycle. Supply chain cycle time indicates the overall efficiency of the supply chain. Short cycles make for a more efficient and agile supply chain. Analysis of this critical metric can help recognize pain points or competitive advantages.,SUPPLY CHAIN CYCLE TIME,The time it would take to fill a customer order if inventory levels were zero. Sum of the longest lead times for each stage of the cycle. Supply chain cycle time indicates the overall efficiency of the supply chain. Short cycles make for a more efficient and agile supply chain. Analysis of this critical metric can help recognize pain points or competitive advantages.,true
10140,Supply Chain Perspective,Contracts are closed based upon recognizing interests of key supply chain partners.,SUPPLY CHAIN PERSPECTIVE,Contracts are closed based upon recognizing interests of key supply chain partners.,true
10144,SUPPLY CHAIN RISK,"A study of the vulnerability of
supply chains to disruption.",Supply Chain Risk,A study of the vulnerability of supply chains to disruption.,false
10146,Supply Chain Visibility,A major trading partner can connect to its supply chain to access data in real time.,SUPPLY CHAIN VISIBILITY,A major trading partner can connect to its supply chain to access data in real time.,true
10151,SUPPLY MARKET RESEARCH,"Defined as the systematic gathering,
classification and analysis of data
considering all relevant factors
that influence the procurement
of goods and services for the
purpose of meeting present and
future company requirements.",Supply Market Research,"Defined as the systematic gathering, classification, and analysis of data considering all relevant factors that influence the procurement of goods and services for the purpose of meeting present and future company requirements.",false
10164,SUPPORT ACTIVITIES,"Those value activities that are required
to support the company's primary
activities. These include procurement,
technology development, human
resources management and facilities
management (i.e. those activities aimed
at maintaining the firm's infrastructure).",Support Activities,"Those value activities that are required to support the company’s primary activities. These include procurement, technology development, human resources management, and facilities management (i.e. those activities aimed at maintaining the firm’s infrastructure).",false
10178,SUSTAINABILITY,"The ability of a business to create
acceptable profit for its owners as
well as minimising the damage to
the environment and enhancing
the existence of the people
with whom it has contact.",Sustainability,The ability of a business to create acceptable profit for its owners as well as minimising the damage to the environment and enhancing the existence of the people with whom it has contact.,false
10182,Sustainable Procurement,"Sustainable procurement focuses on acquisitions that stimulates inclusive development, protection of the environment and socio- economic progress.",SUSTAINABLE PROCUREMENT,"Sustainable procurement focuses on acquisitions that stimulates inclusive development, protection of the environment and socioeconomic progress.",false
10196,Sweep,A long oar used to steer an unpowered lighter.,SWEEP,Abbreviation for: Sector-Wide Employment and Equity Programme.,false
10207,SWOT Analysis,"Strengths, Weaknesses, Opportunities and Threats analysis - the organisation and analysis of factors that will impact organizational effectiveness; often used in formulating strategic and business plans.",SWOT ANALYSIS,"(Strengths, Weaknesses, Opportunities, Threats): Utilized as a strategic planning tool to improve organisational effectiveness of the procurement organisation. Developed by Alfred Humphrey for business analysis.",false
10221,Systems Audit,Assessing the internal quality and control system of an organisation using a systems approach.,SYSTEMS AUDIT,Assessing the internal quality and control system of an organisation using a systems approach.,true
10244,TACTICAL PLANNING,"Planning that covers a shorter period,
usually 12 to 24 months out, although
the planning horizon may be longer
in industries with very long lead
(e.g., engineer-to -order firms).",Tactical Planning,"Planning that covers a shorter period, usually 12 to 24 months out, although the planning horizon may be longer in industries with very long lead (e.g., engineer-to-order firms).",false
10262,TANGIBILITY,"The main characteristic that
distinguishes products (usually tangible)
from services (usually intangible).",Tangibility,The main characteristic that distinguishes products (usually tangible) from services (usually intangible).,false
10277,TARGET SUM CONTRACT,"Contractor gets paid for all costs
plus profit, plus premium depending
upon actual performance.",Target Sum Contract,"Contractor gets paid for all costs plus profit, plus premium depending upon actual performance.",false
10279,TARGET-RETURN PRICING,"The price is based on the amount
of profit that should be realized.
Based on the fixed and variable costs
and the expected selling price, the
required sales volume is calculated.",Target-return Pricing,"In this situation the price is based on the amount of profit that should be realised. Based on the fixed and variable costs and the expected selling price, the required sales volume is calculated.",false
10280,Target-Return Pricing,"The price is based on the amount of profit that should be realized. Based on the fixed and variable costs and the expected selling price, the required sales volume is calculated.",Target-return Pricing,"In this situation the price is based on the amount of profit that should be realised. Based on the fixed and variable costs and the expected selling price, the required sales volume is calculated.",false
10292,TASK VARIABLES,"Variables that are related to the tasks,
responsibilities and competences
assigned by the organisation to the
persons involved in the purchase
decision-making process.TCO
Abbreviation for: Telecommunications
Certification Officer and Total
Cost of Ownership.",Task Variables,"Those variables that are related to the tasks, responsibilities, and competences assigned by the organisation to the persons involved in the purchase decision-making process.",false
10303,TCA,Abbreviation for: Traffic Control Airport and Tower Control Airport.,TCA,Abbreviation for: Terminal Control Area.,false
10327,Technical Proposal,"A response to a solicitation which describes in detail what an offeror proposes to furnish and the method of delivery. May be part of a two-step response contained within an offer, the second part being the price proposal.",TECHNICAL PROPOSAL,"A response to a solicitation which describes in detail what an offeror proposes to furnish and the method of delivery. May be part of a two-step response contained within an offer, the second part being the price proposal.",true
10329,TECHNICAL RISK,This kind of risk is related to the extent to which the provider is able to provide the desired functionality and performance.,Technical Risk,This kind of risk is related to the extent to which the provider is able to provide the desired functionality and performance.,true
10331,TECHNICAL SPECIFICATION,Describes the technical properties and characteristics of the product as well as the activities to be performed by the supplier.,Technical Specification,Describes the technical properties and characteristics of the product as well as the activities to be performed by the supplier.,true
10345,TENDER,"A bidding process for goods, services or
construction that is open to all qualified
bidders and where the sealed bids are
opened in public for scrutiny and are
chosen on the basis of compliance with
the bid requirements and lowest price.",Tender,The offer of goods for transportation or the offer to place cars or containers for loading or unloading.,false
10348,Tender List,A list of Contractors or Suppliers selected from an Approved List or from responses to a Contract Notice and invited to submit their tender for a specific contract.,TENDER LIST,A list of Contractors or Suppliers selected from an Approved List or from responses to a Contract Notice and invited to submit their tender for a specific contract.,true
10354,Term Contract,"A type of contract in which a source of supply is established for a specified period of time for specified services or supplies; usually characterized by an estimated or definite minimum quantity, with the possibility of additional requirements beyond the minimum, all at a predetermined unit price.",TERM CONTRACT,"A type of contract in which a source of supply is established for a specified period of time for specified services or supplies; usually characterized by an estimated or definite minimum quantity, with the possibility of additional requirements beyond the minimum, all at a predetermined unit price.",true
10362,Termination For Convenience,"A contract clause which may be contained within boilerplate language that allows for contract to be ended at the discretion of the governmental entity. Action by which the purchasing entity, in accordance with contract provisions, unilaterally cancels all or part of the contract work for the best interest of the jurisdiction, and with no reflection on the contractor's performance.",TERMINATION FOR CONVENIENCE,"A contract clause which may be contained within boilerplate language that allows for contract to be ended at the discretion of the governmental entity. Action by which the purchasing entity, in accordance with contract provisions, unilaterally cancels all or part of the contract work for the best interest of the jurisdiction, and with no reflection on the contractor’s performance.",false
10364,Termination For Default,"A contract clause which may be contained within boilerplate language that allows either contracting party the right to cancel a contract, either in whole or in part, due to failure of the other party to perform satisfactorily.",TERMINATION FOR DEFAULT,"A contract clause which may be contained within boilerplate language that allows either contracting party the right to cancel a contract, either in whole or in part, due to failure of the other party to perform satisfactorily.",true
10366,Termination For The Convenience,Of The Government A contractual right of the Government— when done in good faith— to end a contract without cause. It is a right to be exercised in the best interest of the Government. It usually occurs when need or funding no longer exists for a requirement or the procurement has drastically changed and requires a new solicitation.,TERMINATION FOR THE CONVENIENCE,"OF THE GOVERNMENT
A contractual right of the Government—
when done in good faith—to end a
contract without cause. It is a right
to be exercised in the best interest of the Government. It usually occurs
when need or funding no longer
exists for a requirement or the
procurement has drastically changed
and requires a new solicitation.",false
10369,Terms Of Contract,Stipulations made in contracts.,TERMS OF CONTRACT,Stipulations made in contracts.,true
10371,TERMS OF PAYMENT,"The methods of payment stipulated
in a sales or purchasing contract.",Terms of Payment,The terms and methods of payment for goods and/or services: agreed upon between a supplier and a customer.,false
10372,Terms Of Payment,The methods of payment stipulated in a sales or purchasing contract.,Terms of Payment,The terms and methods of payment for goods and/or services: agreed upon between a supplier and a customer.,false
10374,TERMS OF REFERENCE,"A description of the scope of work for services generally indicating the work to be performed, the level of quality and effort, the timeline and the deliverables.",TERMS OF REFERENCE,"The scope of work for services generally indicating the work to be performed, the level of quality and effort, the timelines, requirements specifications, outputs and the deliverables.",false
10375,Terms Of Reference,"A description of the scope of work for services generally indicating the work to be performed, the level of quality and effort, the timeline and the deliverables.",TERMS OF REFERENCE,"The scope of work for services generally indicating the work to be performed, the level of quality and effort, the timelines, requirements specifications, outputs and the deliverables.",false
10416,Third Party Rights,"Third party legal or commercial rights that restrict withhold or defer any any Equity instrument. the party rights include only those created against a black participant to ensure, for a lender, repayment of a loan advanced to that participant for financing their purchase of their equity instrument in the measured Entity; held against a juristic person or trust that is in the chain of ownership between the",THIRD PARTY RIGHTS,"Third party legal or commercial rights that restrict withhold or defer any benefit associated with ownership of any Equity instrument. the party rights include only those created against a black participant to ensure, for a lender, repayment of a loan advanced to that participant for financing their purchase of their equity instrument Glossary | Threshold Values, Public Procurement in the measured Entity; held against a juristic person or trust that is in the chain of ownership between the measured Entity that the eventual black participant serving the same purpose.",false
10427,Three Way Match,A three-way match is the process of comparing the purchase order; the goods receipt note and the supplier's invoice before approving a supplier's invoice for payment. It helps in determining whether the invoice should be paid partly or in its entirety.,THREE WAY MATCH,A three-way match is the process of comparing the purchase order; the goods receipt note and the supplier’s invoice before approving a supplier’s invoice for payment. It helps in determining whether the invoice should be paid partly or in its entirety.,false
10433,"Threshold Values, Public Procurement","Threshold values represent the purchasing volumes beyond which public institutions are obliged to follow European legislation when making their purchase decisions. There are different threshold values for work, supplies, and services.","THRESHOLD VALUES, PUBLIC PROCUREMENT","Threshold values represent the purchasing volumes beyond which public institutions are obliged to follow European legislation when making their purchase decisions. There are different threshold values for work, supplies, and services.",true
10449,Tie Bid Preference,"A policy adopted by a public agency that gives preference to a local bidder only if the bid is identical to a bid from a non- resident bidder, all other aspects of the bid being equal. A way to break a tie bid. Other preference may include awarding the tie bid to a minority firm or small business or a bidder that resides within the state in which the bidding occurred.",TIE BID PREFERENCE,"A policy adopted by a public agency that gives preference to a local bidder only if the bid is identical to a bid from a nonresident bidder, all other aspects of the bid being equal. A way to break a tie bid. Other preference may include awarding the tie bid to a minority firm or small business or a bidder that resides within the state in which the bidding occurred.",false
10451,Tie Bids,Bids submitted by two or more bidders that have identical pricing. May signal collusion.,TIE BIDS,Bids submitted by two or more bidders that have identical pricing. May signal collusion.,true
10464,Time And Materials (T & M) Contract,"A contract which provides for contractor payment based on a direct labour, hourly rate that includes benefits, payroll taxes, overhead and contractor profit and for the cost of materials and equipment used in performance of the contract.",TIME AND MATERIALS (T & M) CONTRACT,"A contract which provides for contractor payment based on a direct labor, hourly rate that includes benefits, payroll taxes, overhead and contractor profit and for the cost of materials and equipment used in performance of the contract.",false
10492,Title,The instrument or document whereby ownership of property is established.,TITLE,The instrument or document whereby ownership of property is established.,true
10548,Tort,"A wrongful act, other than a breach of contract, such that the law permits compensation of damages.",TORT,"A wrongful act, other than a breach of contract, such that the law permits compensation of damages.",true
10550,TOTAL ACQUISITION COST,"OF OWNERSHIP
An analytical way to uncover all the
lifetime costs that follow from deciding
to own and owning an asset, be it
tangible or intangible. It is a financial
estimate aimed at assisting procurers
to quantifiably determine the following:
●Direct costs associated
with a product.
●Indirect cost associated
with a product.
●Opportunity cost associated
with a product, and,
●Socio-economic implications
associated with a product.",Total Acquisition Cost,"The sum of all the costs to an organisation of carrying an item in stock including reorder, carrying, and shortage costs.",false
10552,Total Acquisition Cost Of Ownership,"An analytical way to uncover all the lifetime costs that follow from deciding to own and owning an asset, be it tangible or intangible. It is a financial estimate aimed at assisting procurers to quantifiably determine the following: a product. • Opportunity cost associated with a product, and, • Socio-economic",TOTAL ACQUISITION COST OF OWNERSHIP,"An analytical way to uncover all the lifetime costs that follow from deciding to own and owning an asset, be it tangible or intangible. It is a financial estimate aimed at assisting procurers to quantifiably determine the following:● Direct costs associated with a product.● Indirect cost associated with a product.● Opportunity cost associated with a product, and,● Socio-economic implications associated with a product.",false
10557,TOTAL COST OF OWNERSHIP (TCO),"Relates to the total costs that the
company will incur over the lifetime
of the product that is purchased.",Total Cost of Ownership (TCO),"The life cycle cost view of an asset, which includes acquisition, setup, support, ongoing maintenance, service, and all operating expenses. It focuses attention on the sum of all costs of owning an asset, as opposed to the initial or vendor cost, and is useful in outsourcing decisions.",false
10558,Total Cost Of Ownership (Tco),Relates to the total costs that the company will incur over the lifetime of the product that is purchased.,Total Cost of Ownership (TCO),"The life cycle cost view of an asset, which includes acquisition, setup, support, ongoing maintenance, service, and all operating expenses. It focuses attention on the sum of all costs of owning an asset, as opposed to the initial or vendor cost, and is useful in outsourcing decisions.",false
10562,Total Labour Cost South Africa,Total amount of remuneration paid by an Entity to its employees determined using section 3(4) of the skills Development Levies Act of 1999 and the fourth schedule of the income Tax Act of 1962.,TOTAL LABOUR COST SOUTH AFRICA,Total amount of remuneration paid by an Entity to its employees determined using section 3(4) of the skills Development Levies Act of 1999 and the fourth schedule of the income Tax Act of 1962.,true
10605,Trade Discount,"A discount or reduction from a list price based on the position of the purchaser in the distribution channel, for example as a distributor, retailer, or original equipment manufacturer.",TRADE DISCOUNT,"A discount or reduction from a list price based on the position of the purchaser in the distribution channel, for example as a distributor, retailer, or original equipment manufacturer. Trade-In Value: The value obtained when trading one piece of equipment for another.",false
10607,TRADE FUNCTION,"Activity aimed at bridging time, place, quantity, assortment and knowledge between a buyer and a seller.",Trade Function,"Activity aimed at bridging time, place, quantity, assortment, and knowledge between a buyer and a seller.",false
10610,TRADE PRODUCTS,"These encompass all products which are
purchased to be sold, after negligible
added value, either together with other
finished products or manufactured
products (identical to finished products).",Trade Products,"These encompass all products which are purchased to be sold, after negligible added value, either together with other finished products or manufactured products (identical to finished products).",false
10613,Trade Secret,"A confidential practice, method, process, design or other information used by a company to compete with other businesses. It may also be referred to as confidential information. A trade secret generally has the following in common: (a) information that is not shared with the general public, (b) confers some sort of economic benefit on its holder, and (c) is the subject of reasonable efforts to maintain its secrecy.",TRADE SECRET,"A confidential practice, method, process, design or other information used by a company to compete with other businesses. It may also be referred to as confidential information. A trade secret generally has the following in common: (a) information that is not shared with the general public, (b) confers some sort of economic benefit on its holder, and (c) is the subject of reasonable efforts to maintain its secrecy. Unless the information is covered by a trademark or patent, trade secrets are not protected by law.",false
10615,Trade Standard,"An understanding between buyer and seller as to the meaning of certain words, phrases and characteristics of a given item or service that are established by agreement or general usage.",TRADE STANDARD,"An understanding between buyer and seller as to the meaning of certain words, phrases and characteristics of a given item or service that are established by agreement or general usage.",true
10620,Trade-Off Analysis,An evaluation technique used to score proposals. This approach requires the Evaluation Team to evaluate the technical differences between proposals in order to determine if these differences justify paying the cost or price differential.,TRADE-OFF ANALYSIS,An evaluation technique used to score proposals. This approach requires the Evaluation Team to evaluate the technical differences between proposals in order to determine if these differences justify paying the cost or price differential.,true
10623,Trademark,"A distinctive name, phrase, symbol, design, picture, or style used by an organisation to identify itself and its products. Trademarking is a central legal component for corporate branding. The main purpose of trademark law is to protect the public from being confused or deceived about the origin and quality of a product. Trademarks provide an incentive to maintain a good reputation for a predictable quality level. Trademarks protect the source and quality of a product, while copyrights protect literary or artistic works and patents protect useful designs. Trademarks do not expire. Trademarks remain valid as long as the owner actively uses and defends them and maintains their registrations with the appropriate trademark registry.",TRADEMARK,"A distinctive name, phrase, symbol, design, picture, or style used by an organisation to identify itself and its products. Trademarking is a central legal component for corporate branding. The main purpose of trademark law is to protect the public from being confused or deceived about the origin and quality of a product. Trademarks provide an incentive to maintain a good reputation for a predictable quality level. Trademarks protect the source and quality of a product, while copyrights protect literary or artistic works and patents protect useful designs. Trademarks do not expire. Trademarks remain valid as long as the owner actively uses and defends them and maintains their registrations with the appropriate trademark registry.",true
10628,TRADING PARTNER AGREEMENT,"The written contract that spells
out agreed upon terms between",Trading Partner Agreement,The written contract that spells out agreed upon terms between EDI trading partners.,false
10654,TRANSACTION,"In computer science, a group of logical operations that must all succeed or fail as a group. Systems dedicated to supporting such operations are known a transaction processing systems. Examples would include bill payment, credit card processing.",Transaction,"A single completed transmission, e.g., transmission of an invoice over an EDI network. Analogous to usage of the term in data processing, in which a transaction can be an inquiry or a range of updates and trading transactions. The definition is important for EDI service operators, who must interpret invoices and other documents.",false
10656,TRANSACTION COST APPROACH,"The transaction cost approach
is based on the idea of finding a
governance structure to arrive at
the lowest cost possible for each
transaction and comparing whether
281Glossary  | Transaction Cost Reduction
| Some Useful Strategic Sourcing Related Terms
to perform an activity internally or
outsource the activity in the market.",Transaction Cost Approach,The transaction cost approach is based on the idea of finding a governance structure to arrive at the lowest cost possible for each transaction and comparing whether to perform an activity internally or outsource the activity in the market.,false
10658,Transaction Cost Reduction,Activities or process changes that decrease the cost to process a purchase order or a payment transaction. Procurement credit cards are an example of a transaction cost reduction.,TRANSACTION COST REDUCTION,Activities or process changes that decrease the cost to process a purchase order or a payment transaction. Procurement credit cards are an example of a transaction cost reduction.,true
10660,TRANSACTION COSTS,"The costs of ‘doing business’ are called
transaction costs and it is further
classified as internal and external
transaction costs. Market reviews,
negotiations, supplier assessment
are examples of external transaction
costs while, discussing internal
transfer pricing and developing service
level agreements are examples
of internal transaction costs.",Transaction Costs,"The costs that are associated with an exchange between two parties. The level of the transaction costs depends upon three important factors: (1) the frequency of the transaction, (2) the level of the transaction- specific investments, and (3) the external and internal uncertainty.",false
10667,Transactional Leadership,"A leadership prospective based on give and take. A transactional leader provides efficiency by securing resources to get the objective completed. A transactional leader links performance to reward. Transactional leaders accept the goals, structure and culture of the existing organisation.",TRANSACTIONAL LEADERSHIP,"A leadership prospective based on give and take. A transactional leader provides efficiency by securing resources to get the objective completed. A transactional leader links performance to reward. Transactional leaders accept the goals, structure and culture of the existing organisation.",true
10669,Transactional Relationships,"A phase in the continuum of Buyer- Seller Relationships, it is the most common and basic relationship. The term describes an arm's length relationship wherein neither party is concerned with the well-being of the",TRANSACTIONAL RELATIONSHIPS,"A phase in the continuum of BuyerSeller Relationships, it is the most common and basic relationship. The term describes an arm’s length relationship wherein neither party is concerned with the well-being of the other. Each transaction is entered into on its own merits. Little or no basis exists for collaboration and learning.",false
10671,Transfer,Anything given to another person or organisation with no expectation that it will be returned. When a materiel item is transferred custodial control is also transferred to the receiving program manager.,TRANSFER,Anything given to another person or organisation with no expectation that it will be returned. When a materiel item is transferred custodial control is also transferred to the receiving program manager. Glossary | Transaction Cost Reduction,false
10675,Transformation Charters South Africa,Sectorial transformation charters referred to in section 12 of the Act.,TRANSFORMATION CHARTERS SOUTH AFRICA,Sectorial transformation charters referred to in section 12 of the Act.,true
10679,Transformational Procurement,A progressive sourcing strategy where considerations go beyond value for money considerations to include impact on people and society as whole .,TRANSFORMATIONAL PROCUREMENT,A progressive sourcing strategy where considerations go beyond value for money considerations to include impact on people and society as whole.,false
10685,Transit Charges,Charges made for services rendered while a shipment is in transit.,TRANSIT CHARGES,Charges made for services rendered while a shipment is in transit.,true
10693,Transition Plan,"A formal, written contract protocol that establishes the approach for planning and managing the interim period between the beginning of a contract and its expiration. A well- managed, detailed transition plan will reduce problems that may occur in new contracts, extensions of contracts, and contract renewals. Examples include contracting for uniforms, security guard services, and food services in institutions such as a prison.",TRANSITION PLAN,"A formal, written contract protocol that establishes the approach for planning and managing the interim period between the beginning of a contract and its expiration. A well-managed, detailed transition plan will reduce problems that may occur in new contracts, extensions of contracts, and contract renewals. Examples include contracting for uniforms, security guard services, and food services in institutions such as a prison.",false
10703,Transnational Sourcing,Two or more countries aggregating selected product requirements to source.,TRANSNATIONAL SOURCING,Two or more countries aggregating selected product requirements to source.,true
10706,Transorganisational Sourcing,Two or more organisations aggregating their product requirements to source.,TRANSORGANISATIONAL SOURCING,Two or more organisations aggregating their product requirements to source.,true
10708,Transparency,"A principle implying a process by which reliable, timely information about",TRANSPARENCY,"A principle implying a process by which reliable, timely information about existing conditions, decisions and actions relating to the organisation's activities is made accessible, visible and understandable.",false
10770,Truth In Negotiations Act (TINA),"Established the requirement for certain federal contracts, contractors to submit cost or pricing data and must certify that, to the best of the contractor's knowledge and belief, the cost or pricing data submitted is current, accurate, and complete.",TRUTH IN NEGOTIATIONS ACT (TINA),"Established the requirement for certain federal contracts, contractors to submit cost or pricing data and must certify that, to the best of the contractor’s knowledge and belief, the cost or pricing data submitted is current, accurate, and complete.",false
10799,TURNKEY OUTSOURCING,"Turnkey outsourcing applies when
the responsibility for the execution of
the entire outsourced function (or set
of outsourced activities) lies with the
external provider. This includes not only
the execution of the activities, but also
the co-ordination of these activities.",Turnkey Outsourcing,"Turnkey outsourcing applies when the responsibility for the execution of the entire outsourced function (or set of outsourced activities) lies with the external provider. This includes not only the execution of the activities, but also the co-ordination of these activities.",false
10824,Two Envelope System,"A tendering option for the selection of the most advantageous tenderer. The tenderers are ordered to submit their tenders/offers in two separate envelopes, both of them sealed and clearly marked. The first envelope contains the technical proposal, the second one the price proposal.",TWO ENVELOPE SYSTEM,"A tendering option for the selection of the most advantageous tenderer. The tenderers are ordered to submit their tenders/offers in two separate envelopes, both of them sealed and clearly marked. The first envelope contains the technical proposal, the second one the price proposal.",true
10832,Tying Arrangement,A vendor imposed restraint in which the purchaser is forced to buy an unwanted item in order to acquire the desired one.,TYING ARRANGEMENT,A vendor imposed restraint in which the purchaser is forced to buy an unwanted item in order to acquire the desired one.,true
10869,Unallowable Cost,"Any cost which, in accordance with pertinent laws or regulations, cannot be included in prices or cost- reimbursements under a contract to which the cost is allocable.",UNALLOWABLE COST,"Any cost which, in accordance with pertinent laws or regulations, cannot be included in prices or costreimbursements under a contract to which the cost is allocable.",false
10873,Unbalanced Bid,"A bid that contains pricing aberrations, for example, low or nominal prices may be bid for some items and high or enhanced prices may be bid for other work. This may happen in time and material contracts or construction contracts where upfront payment may be made for mobilization. It is wise policy to state in the bid documents that ""unbalanced bids may be deemed non-responsive"". Unbalanced bids may be deemed to be non-responsive, and may be both mathematically unbalanced and materially unbalanced.",UNBALANCED BID,"A bid that contains pricing aberrations, for example, low or nominal prices may be bid for some items and high or enhanced prices may be bid for other work. This may happen in time and material contracts or construction contracts where upfront payment may be made for mobilization. It is wise policy to state in the bid documents that “unbalanced bids may be deemed non-responsive”. Unbalanced bids may be deemed to be non-responsive, and may be both mathematically unbalanced and materially unbalanced.",false
10897,Unified Procurement Platform,"A unified procurement platform is a procurement software system that is not made up of different suites of procurement applications, but instead is once complete software capable of delivering procurement solutions for the entire source to pay cycle.",UNIFIED PROCUREMENT PLATFORM,"A unified procurement platform is a procurement software system that is not made up of different suites of procurement applications, but instead is once complete software capable of delivering procurement solutions for the entire source to pay cycle.",true
10903,UNIQUE PART NUMBER,A code assigned to a product to identify it in an article coding system. Glossary | United Nations Standard Products And Services Code,Unique Part Number,A code assigned to a product to identify it in an article coding system.,false
10916,Unit-Rate/Charter Contracts,Contractor receives fixed sum for per unit of work completed.,UNIT-RATE/CHARTER CONTRACTS,Contractor receives fixed sum for per unit of work completed.,true
10925,UNITISATION,"To take individual items and ship
them as a single larger item.",Unitisation,To take individual items and ship them as a single larger item.,false
10964,Usage Based Pricing,"Pricing a service or item based on its consumption or usage,",USAGE BASED PRICING,"Pricing a service or item based on its
consumption or usage, rather than a flat
rate for a given service or period of time.",false
10982,Usury,To charge an exorbitant rate of interest. Many countries have some form of usury law imposing limits on how high interest charges can be to protect borrowers from being exploited by unscrupulous loan sharks.,USURY,To charge an exorbitant rate of interest. Many countries have some form of usury law imposing limits on how high interest charges can be to protect borrowers from being exploited by unscrupulous loan sharks.,true
10999,VALUATION,"The assignment of dollars or
currency to units, as in multiplying
on-hand inventory quantities by the
standard cost, or open customer
order units by list price.",Valuation,"The assignment of dollars or currency to units, as in multiplying on-hand inventory quantities by the standard cost, or open customer order units by list price.",false
11001,VALUE,"Value is an umbrella term, describing
the range of benefits or utility derived,
either by the user, a stakeholder, the
supplier or the buyer. Procurement
practitioners have typically used
three broad areas to measure value.
The first is cash-releasing benefits,
which broadly equate to ‘savings’. The
second is value released through the
procurement process that does not
translate into bankable savings, (‘hard
dollars’), in the budgets of buying
organisations. This is known as cost
avoidance. Third, the procurement
process may release value through
reducing risk, reducing cycle time,
affording the buying organisation
competitive advantage or other ‘value
adds’. These definitions reflect the fact
that it is often easier to describe value
than to measure it and the challenge
of the procurement process is to bring
to light what represents value for each
285Glossary  | Value Added
| Some Useful Strategic Sourcing Related Terms
category and ensure that the solution
selected represents best value.",Value,"Value is the exchange for which a customer pays. A product or service’s capability provided to a customer at the right time, at an appropriate price, as defined in each case by the customer.",false
11003,VALUE ADDED,"A process or operation that increases
the worth of a good or service as
perceived by the internal or external
customer, as opposed to an operation
that may simply incur costs due to the
performance of an activity. For example,
in processing metal coils, stamping
the part out of the coil into the form
required by the customer adds value;
moving the coil from the warehouse
to where it is processed does not.",Value Added,"A process or operation that increases the worth of a good or service as perceived by the internal or external customer, as opposed to an operation that may simply incur costs due to the performance of an activity. For example, in processing metal coils, stamping the part out of the coil into the form required by the customer adds value; moving the coil from the warehouse to where it is processed does not.",false
11007,Value Added Reseller,"A business entity that purchases a product from a manufacturer, adds enhancements and then sells it to another organisation. Many large computer manufacturers have agreements with resellers to deliver, install and configure their equipment.",VALUE ADDED RESELLER,"A business entity that purchases a product from a manufacturer, adds enhancements and then sells it to another organisation. Many large computer manufacturers have agreements with resellers to deliver, install and configure their equipment.",true
11010,VALUE ADDED TAX (VAT),"A tax based on the value added
during each stage of a product’s
production or distribution. Common
throughout the European Union.",Value Added Tax (VAT),"A general consumption tax for the production and distribution of goods and services, added as a percentage charge based on price that reflects the incremental value added by a given activity.",false
11014,Value Analysis,"The organised use of methodologies that focus on the function of a material, process, or service in providing value to the customer. It attempts to define cost, quality, and customer acceptance parameters in determining the value and possible redesign or re-engineering of a given function.",VALUE ANALYSIS,"An organized effort directed at analyzing the functions of a product or service including specifications, standards, practices and procedures with the intent to satisfy the required function at the lowest possible cost without impacting functional need and suitability. (2)The organised use of methodologies that focus on the function of a material, process, or service in providing value to the customer. It attempts to define cost, quality, and customer acceptance parameters in determining the value and possible redesign or re-engineering of a given function. Glossary | Value Added",false
11017,Value Based Pricing,"1.Setting a price based on how much the customer believes what you're selling is worth. 2.A business strategy which sets a product or service price based on the benefit it provides the customer, rather than on the cost of the product, market price, competitor or historical price. Value based pricing includes advertising or surveying to determine or measure the anticipated benefit the customer will receive and align the value delivered. Pricing is based upon the perceived or actual value that the end user will receive.",VALUE BASED PRICING,"A business strategy which sets a product or service price based on the benefit it provides the customer, rather than on the cost of the product, market price, competitor or historical price. Value based pricing includes advertising or surveying to determine or measure the anticipated benefit the customer will receive and align the value delivered. Pricing is based upon the perceived or actual value that the end user will receive.",false
11019,VALUE CHAIN,"A series of activities, which combined,
define a business process; the series
of activities from manufacturers
to the retail stores that define
the industry supply chain.",Value Chain,"A series of activities, which combined, define a business process; the series of activities from manufacturers to the retail stores that define the industry supply chain.",false
11023,VALUE CHAIN MANAGEMENT,"The management of the steps in
supply chain that add value to a
tangible or intangible product.",Value Chain Management,All stakeholders belonging to the same value chain are challenged to improve the (buying) company’s value proposition to its final end customers i.e. consumers.,false
11025,VALUE CHAIN PERSPECTIVE,"Contracts are closed based upon client’s
key interests and requirements.",Value Chain Perspective,Contracts are closed based upon client’s key interests and requirements.,false
11030,VALUE INCENTIVE CONTRACT,A fixed price contract with a provision for rewarding the vendor for faster delivery or superior performance.,VALUE INCENTIVE CONTRACT,A fixed-price contract with a provision for rewarding the supplier for faster delivery or superior performance.,false
11031,Value Incentive Contract,A fixed price contract with a provision for rewarding the vendor for faster delivery or superior performance.,VALUE INCENTIVE CONTRACT,A fixed-price contract with a provision for rewarding the supplier for faster delivery or superior performance.,false
11035,VALUE PRICING,"Here, the company tries to win customers by charging them fairly low prices for quality offerings. Value pricing is not a matter of simply setting lower prices. It is a matter of reengineering the company’s operations to become a low-cost producer without sacrificing quality and lowering prices significantly to attract a large number of value conscious customers.",Value Pricing,"Here, the company tries to win customers by charging them fairly low prices for high-quality offerings. Value pricing is not a matter of simply setting lower prices. It is a matter of re-engineering the company’s operations to become a low-cost producer without sacrificing quality, and lowering process significantly to attract a large number of value-conscious customers.",false
11037,Value Proposition,The value a company promises to deliver to customers. The proposition that states that: businesses have a right to produce and offer products and services that yield the highest possible profits. Customers have a right to expect the highest quality products and services at the lowest possible cost. The “Value Proposition” establishes this strategic alignment between organisations and their customers as critical to all improvement efforts.,VALUE PROPOSITION,A statement by an organisation expressing the way in which it can provide value for a prospective customer. A marketing tool that explains why customers can benefit from a company’s products or services.,false
11046,Valued Policy,"1.An insurance policy in which the sum to be paid in case of loss is fixed by the terms of the policy; especially relating to fire insurance. 2.A type of insurance policy in which the full face value of the policy is paid out in the event of a total loss, regardless as to the actual value of the property covered by the policy. Valued policy law does not consider the actual cash value of the insured property at the time of the loss; instead, the law mandates total payment.",VALUED POLICY,An insurance policy in which the sum to be paid in case of loss is fixed by the terms of the policy; especially relating to fire insurance.,false
11061,VARIABLE COST,"Costs of an organisation that vary with
the amount of work performed. Variable costs are usually contrasted with fixed
costs in analyzing a contractor’s indirect
costs. If variable costs are a large
percentage of a contractors indirect
costs, then the contractor’s overhead
rates can be expected to decrease
more sharply with a decrease in volume
of work than would be the case if
fixed costs were a large percentage
of the contractor’s indirect costs.",Variable Cost,"Costs that vary directly with the level of activity within a short time. Examples include costs of moving cargo inland on trains or trucks, stevedoring in some ports, and short–term equipment leases. For business analysis, all costs are either defined as variable or fixed. For a business to break even, all fixed costs must be covered. To make a profit, all variable and fixed costs must be recovered plus some extra amount.",false
11067,Variable Margins,"Refers to the application of different Gross Margin % to items in the same department. To be priced competitively on high-visibility items (a key element of the Pricing Strategy), you may have to use a lower Gross Margin % on those items. In turn, to meet department target Gross Margin % you will have to price other items above the target to make up for items priced below target.",VARIABLE MARGINS,"Refers to the application of different Gross Margin % to items in the same department. To be priced competitively on high-visibility items (a key element of the Pricing Strategy), you may have to use a lower Gross Margin % on those items. In turn, to meet department target Gross Margin % you will have to price other items above the target to make up for items priced below target.",true
11070,Variable-Margin Pricing,"A pricing policy that permits maximum competition on individual products. Most firms price their products to generate a satisfactory return on the whole line, not on each product in the line. The profits from the most efficiently produced items are often used to offset losses or the lower profit margins of inefficiently produced items. Often is seen in a line item bid of MRO (maintenance, repair, operating) products.",VARIABLE-MARGIN PRICING,"A pricing policy that permits maximum competition on individual products. Most firms price their products to generate a satisfactory return on the whole line, not on each product in the line. The profits from the most efficiently produced items are often used to offset losses or the lower profit margins of inefficiently produced items. Often is seen in a line item bid of MRO (maintenance, repair, operating) products.",true
11075,Variety Reduction,"The process of controlling and minimizing the range of new parts, equipment, materials, methods, and",VARIETY REDUCTION,"The process of controlling and minimizing the range of new parts, equipment, materials, methods, and procedures that are used to produce goods or services. Its goal is to minimize the variety of all elements in the production or service delivery process. The main techniques of variety reduction are simplification, standardization, and specialization. A methodology used in value analysis.",false
11093,VENDOR,"An external supplier of
goods or services.",Vendor,An external supplier of goods or services.,false
11098,Vendor Rating (Evaluation),"A system for recording and ranking the performance of a supplier in terms of a range of issues, including delivery performance, service and quality. Vendor's Lien A seller's right to retain possession of property until payment for the property is recovered.",VENDOR RATING (EVALUATION),"A system for recording and ranking the performance of a supplier in terms of a range of issues, including delivery performance, service and quality.",false
11103,Vendor Supply Point Code (VSP),"Representation of the geographic location at which goods are manufactured or, if not known, from which the goods are shipped by the vendor, or, in the case of services, where the services are mainly performed.",VENDOR SUPPLY POINT CODE (VSP),"Representation of the geographic location at which goods are manufactured or, if not known, from which the goods are shipped by the vendor, or, in the case of services, where the services are mainly performed.",true
11105,Vendor Supply Point Value,The value in whole Canadian dollars of goods/services for each VSP reported on the document. It is mandatory only if there is more than one VSP on the document.,VENDOR SUPPLY POINT VALUE,The value in whole Canadian dollars of goods/services for each VSP reported on the document. It is mandatory only if there is more than one VSP on the document. Glossary | Vendor,false
11108,Vendors List,"A list of names and addresses of suppliers from whom bids, proposals and quotations might be expected. The list, maintained by the purchasing office, should include all suppliers who have expressed interest in doing business with the government.",VENDORS LIST,"A list of names and addresses of suppliers from whom bids, proposals and quotations might be expected. The list, maintained by the purchasing office, should include all suppliers who have expressed interest in doing business with the government.",true
11113,Verbal Agreement,An agreement that is oral and not in writing. Usually enforceable in the court of law.,VERBAL AGREEMENT,An agreement that is oral and not in writing. Usually enforceable in the court of law.,true
11115,VERIFICATION,"Confirms that a system element meets
design-to or build-to specifications.
Throughout the system’s life cycle,
design solutions at all levels of the
physical architecture are verified
through acost-effective combination of
analysis, examination, demonstration,
and testing, all of which can be aided
by modeling and simulation.",Verification,The act of determining whether products and services conform to specific requirements.,false
11124,VERTICAL INTEGRATION,"Theory describing a style of business
ownership and control. Vertically
integrated companies are united
through a hierarchy and share a
common owner. Usually each member
produces a different product, and
the products combine to satisfy a
common need. An important theory for
procurement professionals who become
involved in price/cost negotiation to
types of vertical integration: Backward
Vertical Integration; Forward Vertical
Integration; and Balanced Vertical
Integration. In the context of Earned
Value Management (EVM), demonstrates
the consistency of data between various
levels of schedules and the consistency
of data between various Work
Breakdown Structure (WBS) elements
and Integrated Master Plan/Integrated
Master Schedule (IMP/IMS) elements
within the schedules, if applicable.
Since upper-tiered schedules set the
parameters for lower-level schedules, it
is imperative that lower-level schedules
are traceable to upper-tiered milestones
to ensure program schedule integrity.
This ensures that all Integrated
Product Teams (IPTs) are working to
the same schedule information and all
levels of schedules are supportive of
the program schedule requirements
(Government-Industry Earned Value
Management Working Group).",Vertical Integration,"The degree to which a firm has decided to directly produce multiple value-adding stages from raw material to the sale of the product to the ultimate consumer. The more steps in the sequence, the greater the vertical integration.",false
11126,Vertical Linkage Analysis,A tool that enables analysis of the value chain in order to determine where opportunities for enhancing competitive advantage may lie. Vertical linkage analysis extends the value chain beyond the organisation to incorporate the suppliers and users who are at either end of the chain.,VERTICAL LINKAGE ANALYSIS,A tool that enables analysis of the value chain in order to determine where opportunities for enhancing competitive advantage may lie. Vertical linkage analysis extends the value chain beyond the organisation to incorporate the suppliers and users who are at either end of the chain.,true
11143,Virgin Product,A product that is made with 100 percent new raw materials and contains no recycled materials.,VIRGIN PRODUCT,A product that is made with 100 percent new raw materials and contains no recycled materials.,true
11148,Virtual Supply Chain,"A collection of firms that typically exist for only a short period. Virtual supply chains are more flexible than traditional supply chains, but they are also less efficient.",VIRTUAL SUPPLY CHAIN,"A collection of firms that typically exist for only a short period. Virtual supply chains are more flexible than traditional supply chains, but they are also less efficient.",true
11185,Volatile-Priced Commodities,Commodities so dynamic that prices may dramatically change from day to day or hour by hour. Variables,VOLATILE-PRICED COMMODITIES,"Commodities so dynamic that prices may dramatically change from day to day or hour by hour. Variables that factor into the pricing of these commodities include hedging strategies, call options and pricing tied to indexes. For example coffee, wheat and oil are examples of commodities subject to extreme volatility.",false
11189,Volume Discounts,"Discounts offered to a buyer from a supplier based on the quantity purchased, the size of the order, or total annual volume. It is based on the economic theory of economies of scale—the larger the quantity purchased, the lower the unit price. Also see Economies of Scale, Quantity Discount and Volume Leveraging,",VOLUME DISCOUNTS,"Discounts offered to a buyer from a supplier based on the quantity purchased, the size of the order, or total annual volume. It is based on the economic theory of economies of scale – the larger the quantity purchased, the lower the unit price. Also see Economies of Scale, Quantity Discount and Volume Leveraging.",false
11192,Volume Leveraging,"Activities that attempt to capture as much spend in a materials or service category as possible in order to potentially reduce costs through economies of scale and enable a purchaser to negotiate more competitively with suppliers. A form of ""second-level"" cost savings. Also see Economies of Scale, Quantity Discount and Volume Discounts.",VOLUME LEVERAGING,"Activities that attempt to capture as much spend in a materials or service category as possible in order to potentially reduce costs through economies of scale and enable a purchaser to negotiate more competitively with suppliers. A form of “second-level” cost savings. Also see Economies of Scale, Quantity Discount and Volume Discounts.",false
11197,Voluntary Restraint Agreement (VRA),An agreement to reduce the volume of trade in a specific good; a voluntary quota. An example would be an OPIC agreement to curb the production and exportation of crude oil. A critical indices for global supply managers that may have a dramatic effect on cost/price.,VOLUNTARY RESTRAINT AGREEMENT (VRA),An agreement to reduce the volume of trade in a specific good; a voluntary quota. An example would be an OPIC agreement to curb the production and exportation of crude oil. A critical indices for global supply managers that may have a dramatic effect on cost/price.,true
11245,Waiver,"The intentional or voluntary relinquishment of a known right, or conduct that warrants an inference that the right has been relinquished. Examples of waivers in supply management may include a waiver of certain contract requirements such as delivery dates, testing requirements, and performance standards.",WAIVER,"The intentional or voluntary relinquishment of a known right, or conduct that warrants an inference that the right has been relinquished. Examples of waivers in supply management may include a waiver of certain contract requirements such as delivery dates, testing requirements, and performance standards.",true
11247,Waiver Of Bids,"A process, usually statutory, whereby a government purchasing office may procure items without formal bidding procedures because of unique circumstances related to that particular action. For example, bids are waived for emergency purchases that are needed, due to a threat to the public safety.",WAIVER OF BIDS,"A process, usually statutory, whereby a government purchasing office may procure items without formal bidding procedures because of unique circumstances related to that particular action. For example, bids are waived for emergency purchases that are needed, due to a threat to the public safety.",true
11249,Waiver Of Mistake Or Informality,"The act of disregarding minor informalities, errors, or technical nonconformance in the bid which will not adversely affect the competition or prejudice one bidder in favour of another.",WAIVER OF MISTAKE OR INFORMALITY,"The act of disregarding minor informalities, errors, or technical nonconformance in the bid which will not adversely affect the competition or prejudice one bidder in favor of another.",false
11283,Warranty Return,An item returned by a customer for credit or repair under the terms specified at time of sale. Warranty tracking requires the use of individual order and/or serial numbers to properly recreate the conditions that existed when the item was originally shipped.,WARRANTY RETURN,An item returned by a customer for credit or repair under the terms specified at time of sale. Warranty tracking requires the use of individual order and/or serial numbers to properly recreate the conditions that existed when the item was originally shipped.,true
11294,Watch List,"A list of critical items that have been identified as high risk areas, which",WATCH LIST,"A list of critical items that have been identified as high risk areas, which should rank order the identified risk by likelihood and priority. The items Glossary | Waiver Of Bids contained on the list should be those identified in risk assessment as having the greatest unacceptable impact on the program and/or contract, and the risk reduction tactics that have been identified and will be put into action in the event the risk materializes.",false
11340,Weighted Average,An average of quantities that have been adjusted by the addition of a statistical value to allow for their relative importance in a data set.,WEIGHTED AVERAGE,An average of quantities that have been adjusted by the addition of a statistical value to allow for their relative importance in a data set.,true
11344,Weighted Guidelines,"A government technique for developing fee and profit negotiation objectives, within percentage ranges established by regulation.",WEIGHTED GUIDELINES,"A government technique for developing fee and profit negotiation objectives, within percentage ranges established by regulation.",true
11349,Weighted-Point Method/Scoring,"A methodology used to evaluate a bid/ proposal based on subjective criteria each of which is assigned a point value. Evaluators may place different levels of importance on various factors that have been identified. Examples of criteria may include: capacity to perform, past experience, financial strength or references of previous work. Fixed weights and variable weights are the two most common forms of weighting systems.",WEIGHTED-POINT METHOD/SCORING,"A methodology used to evaluate a bid/ proposal based on subjective criteria each of which is assigned a point value. Evaluators may place different levels of importance on various factors that have been identified. Examples of criteria may include: capacity to perform, past experience, financial strength or references of previous work. Fixed weights and variable weights are the two most common forms of weighting systems.",true
11391,WHOLESALE,"Trading firms who deliver their
products to other companies. Their
customers are the retail, industrial
and service companies, which in turn
may deliver directly to final customer.
A composite index of wholesale prices of
a representative group of commodities.",Wholesale,"Trading firms who deliver their products to other companies. Their customers are the retail, industrial and service companies, which in their turn may deliver directly to the final consumer.",false
11393,Wholesale Price Index (WPI),A composite index of wholesale prices of a representative group of commodities.,WHOLESALE PRICE INDEX (WPI),A composite index of wholesale prices of a representative group of commodities.,true
11420,Win-Lose,"An agreement, where a party feels it did not obtain something beneficial.",WIN-LOSE,"An agreement, where a party feels it did not obtain something beneficial.",true
11422,Win-Win,"A reasonably balanced agreement, with each party feeling they obtained something beneficial.",WIN-WIN,"A reasonably balanced agreement, with each party feeling they obtained something beneficial.",true
11438,Without Engagement,A phrase incorporated by tenderer in his quotation indicative of no commitment to accept a contract at the price quoted; a safeguard against prices rising between the time of giving the tender/ offer and the contract being placed.,WITHOUT ENGAGEMENT,A phrase incorporated by tenderer in his quotation indicative of no commitment to accept a contract at the price quoted; a safeguard against prices rising between the time of giving the tender/ offer and the contract being placed.,true
11454,Work Breakdown Structure,A hierarchical definition of the tasks and activities of a project that normally begins with the highest-level activities and works downward into the individual tasks and components.,WORK BREAKDOWN STRUCTURE,"A project management technique that divides a project into sub-units or work packages. Outcome: All elements required to complete the project are identified. Benefits: Reduces the chances of neglecting or overlooking an essential step. A Work Breakdown Structure is typically constructed with two or three levels of detail, although more levels may be required for very complex projects. Start by identifying logical sub-divisions of the project, then break each of those down further. Keep in mind that the goal is to identify a unit of work that is discrete and that advances the project toward completion.",false
11470,WORK ORDER,"Canadian A purchaser’s document
setting out all terms and conditions
of a repair/alteration transaction
with a supplier (either sourced from
commercial or in-house suppliers).",Work Order,Syn.: Production order.,false
11478,Works,Are defined as civil engineering construction. See also Objects of Procurement.,WORKS,Are defined as civil engineering construction. See also Objects of Procurement.,true
11481,WORLD CLASS,A general term for a high level of competitive performance as defined by benchmarking and use of best practices.,World Class,A general term for a high level of competitive performance as defined by benchmarking and use of best practices.,true
11484,World Class Manufacturing,"The capability of a manufacturer to compete with any other manufacturing organization in a chosen market, with the aspiration of achieving world class excellence in all organizational aspects. It encompasses the practices of total quality management, continuous improvement, international benchmarking, and flexible work schedules.",WORLD CLASS MANUFACTURING,"The capability of a manufacturer to compete with any other manufacturing organisation in a chosen market, with the aspiration of achieving world class excellence in all organisational aspects. It encompasses the practices of total quality management, continuous improvement, international benchmarking, and flexible work schedules.",false
11488,World Trade Organisation (WTO),An organisation established by the General Agreement on Tariffs and Trade (GATT) in 1995 to enforce the provisions of the Uruguay Round and to resolve any disputes arising there from. The,WORLD TRADE ORGANISATION (WTO),An organisation established by the General Agreement on Tariffs and Trade (GATT) in 1995 to enforce the provisions of the Uruguay Round and to resolve any disputes arising there from. The WTO consists of 147 member countries and is headquartered in Geneva Switzerland. Its mission is to deal with the rules of trade between nations. Glossary | World Trade Organisation-agreement On Government Procurement (wto-agp),false
11494,Worn Or Damaged,"Salvageable material, either scrap or waste, that may be sold or used as trade-in. Worst-Case Scenario: In planning, to examine the worst possible environment or outcome and evaluate results around which to formulate next step.",WORN OR DAMAGED,"Salvageable material, either scrap or waste, that may be sold or used as trade-in. Worst-Case Scenario: In planning, to examine the worst possible environment or outcome and evaluate results around which to formulate next step.",true
11496,Worth,"The measure of value received for the resources expended. It is directly proportional to the cost to a foe (damage, neutralization, deception, and/or counteraction) and indirectly proportional to the system cost.",WORTH,"The measure of value received for the resources expended. It is directly proportional to the cost to a foe (damage, neutralization, deception, and/or counteraction) and indirectly proportional to the system cost.",true
11500,Write-Down,The reduction of the recorded value of materiel as a result of conversion or change of conditions while in stock (*reduction).,WRITE-DOWN,The reduction of the recorded value of materiel as a result of conversion or change of conditions while in stock (*reduction).,true
11502,Write-Off,The deletion from records of materiel due to shortage or loss by any cause. (*radiation),WRITE-OFF,The deletion from records of materiel due to shortage or loss by any cause (*radiation).,false
11537,Yield Improvement,"Defined as the percentage reduction in rejects within a five-year period. Example: if yield improves from 95% to 98%, that means rejects have been reduced by 60% --from 5% to 2%. Therefore, yield improvement equals 60%.",YIELD IMPROVEMENT,"Defined as the percentage reduction in rejects within a five-year period. Example: if yield improves from 95% to 98%, that means rejects have been reduced by 60% -- from 5% to 2%. Therefore, yield improvement equals 60%.",false
11550,ZERO BASED BUDGETING,"A budget process in which budgets
are prepared with no predetermined
allocation or prior year budget history.
Each new budget must be created based
on justifiable projected program needs.",Zero Based Budgeting,A budget process in which budgets are prepared with no predetermined allocation or prior year budget history. Each new budget must be created based on justifiable projected program needs.,false
11552,ZERO DEFECTS,"A quality philosophy based on the
idea that a level of perfect quality,
as in zero defects, is achievable and
should be a company-wide goal. It
emphasises the examination of all
factors that lead to quality problems
versus a system that builds in an
average or acceptable quality level.",Zero Defects,"A quality philosophy based on the idea that a level of perfect quality, as in zero defects, is achievable and should be a company-wide goal. It emphasises the examination of all factors that lead to quality problems versus a system that builds in an average or acceptable quality level.",false